{
"type": "FeatureCollection",
"name": "sebaran_pengabdian",
"crs": { "type": "name", "properties": { "name": "urn:ogc:def:crs:OGC:1.3:CRS84" } },
"features": [
{"type":"Feature","properties":{"No":230.0,"Provinsi":"DAERAH ISTIMEWA YOGYAKARTA","Kode_Kab":"3401","Kab_Kota":"KULON PROGO","Kode_Prov":34.0,"Kabupaten":"KULON PROGO","Jumlah_Pengabdian":34},"geometry":{"type":"MultiPolygon","coordinates":[[[[110.255310881692878,-7.642359072912086],[110.256479923011057,-7.642964386796223],[110.257042851847189,-7.64325829783138],[110.257882538949048,-7.643551304148559],[110.25849850080624,-7.643757948569657],[110.258663839365738,-7.64377852595743],[110.260382137126953,-7.643992365854217],[110.260666668233171,-7.644027774861115],[110.261361100435465,-7.644562382247329],[110.262175754008865,-7.645274239713615],[110.262269912127806,-7.645356516888967],[110.262478184321822,-7.645435268721883],[110.26270769310662,-7.645522052399997],[110.26339515196571,-7.645781996041478],[110.263754373566542,-7.64620584562249],[110.264065446364327,-7.646572881432519],[110.264364775814784,-7.647065382560527],[110.264510842802224,-7.647305713786864],[110.26470514043092,-7.64762540208983],[110.264923192752178,-7.647875392034905],[110.265373225195219,-7.648388832977446],[110.265611504168646,-7.648721055131773],[110.265684984175721,-7.64883626637976],[110.265905005112927,-7.649203529718307],[110.266045242694815,-7.649441362627954],[110.266075760289141,-7.64957018781314],[110.266100191271846,-7.649693142223953],[110.266146625067734,-7.649926843648132],[110.265929837193255,-7.65045296862877],[110.265497610427417,-7.65071547983473],[110.265059116286238,-7.65088973787033],[110.264965183897175,-7.650982049681033],[110.264753172322116,-7.651192843574051],[110.264421893556573,-7.651788487947556],[110.264247872942008,-7.652101380973136],[110.263815415050431,-7.652556314721323],[110.263780230873977,-7.652797384291034],[110.26374262662199,-7.653058068074586],[110.263999558433909,-7.653596390560153],[110.264306274016405,-7.654496448251678],[110.264408812917452,-7.654799021556812],[110.264600067240337,-7.655322668005908],[110.264673788265782,-7.65552431939102],[110.264777776873927,-7.655916671116699],[110.264322207305042,-7.656271752238752],[110.263780134646538,-7.657124775387274],[110.263250958266156,-7.658603333676126],[110.263066890425705,-7.659025969172319],[110.263023391117656,-7.659271686438387],[110.26299287622129,-7.660294027646444],[110.262972359088167,-7.6607236391838],[110.263081006184507,-7.661097649236297],[110.26348410570796,-7.661165381676199],[110.263613463291733,-7.661164768338608],[110.26397389627931,-7.661151316279415],[110.264709138816727,-7.661259568573428],[110.265073108837953,-7.661313155576863],[110.265195109068088,-7.661371822850526],[110.265796182648728,-7.66170630410187],[110.265958404158084,-7.661796576250197],[110.266343287014138,-7.662099331218371],[110.266544477946354,-7.662257591214086],[110.266648446769466,-7.662352590199077],[110.266724911626397,-7.662465185319263],[110.266983273360438,-7.66284562372573],[110.267035952947936,-7.662923193849508],[110.267072752306717,-7.663145803035604],[110.267155671598005,-7.663682067872344],[110.267172265888405,-7.66435482731265],[110.267177099744401,-7.664550780593231],[110.267123825705028,-7.664866341907327],[110.267056121144094,-7.665267385580592],[110.267031695557364,-7.665412070309969],[110.266647143651824,-7.665842182769723],[110.2662730652508,-7.666269870657175],[110.266166430837131,-7.666391788149724],[110.265733734625201,-7.666917545307683],[110.265468834819899,-7.667515382228316],[110.265299560827088,-7.668304833200693],[110.265258781068951,-7.669027916004723],[110.265258781068951,-7.669447403873789],[110.265283621243157,-7.669799453381245],[110.265344781437534,-7.669986768673652],[110.265672246178269,-7.670989701612655],[110.265944446679896,-7.671416667344545],[110.266037161386919,-7.671784713093246],[110.266231056119409,-7.672554408658243],[110.265986778667923,-7.673235904112857],[110.265945436833476,-7.673500970292764],[110.265916204370399,-7.673688395302406],[110.265886228167915,-7.673880584020935],[110.265841245877823,-7.674168985809217],[110.265455779361787,-7.675125588374385],[110.265142853960583,-7.675747272617741],[110.264819107916537,-7.676087016701672],[110.264710270163903,-7.67620123329948],[110.264470990245059,-7.676385034940608],[110.264181812341803,-7.676607165687358],[110.264082734931321,-7.676711137208429],[110.263749224947844,-7.677061124570457],[110.263433987389647,-7.677621615344492],[110.263292030304001,-7.67787401277468],[110.26311035735813,-7.678442214335917],[110.262978480773313,-7.678854667707924],[110.262953728732668,-7.679073467365811],[110.262851043242108,-7.679787738612447],[110.26285667929335,-7.679931375631668],[110.262904082558407,-7.680338484332765],[110.263095375552211,-7.680625799740085],[110.263311074347655,-7.680745827756937],[110.263445427665374,-7.680782628914415],[110.263779686784176,-7.680874187093252],[110.264102350044482,-7.680962567068036],[110.264182642416074,-7.681103299277027],[110.264389356984282,-7.681465620840925],[110.264389161831389,-7.681579698943153],[110.264388368629341,-7.682039974664292],[110.264219825785403,-7.682398660269143],[110.263931582277735,-7.682613548775464],[110.263475411961736,-7.682828151297315],[110.263175075270567,-7.682827636885122],[110.263037218194086,-7.682872069689438],[110.262684543657826,-7.683134992784858],[110.262559118809349,-7.683305837893272],[110.262410603867295,-7.683504764332611],[110.261936517257539,-7.683992532328716],[110.261587367164282,-7.684513218209645],[110.261305558305935,-7.685361114323143],[110.260961143143277,-7.68616594370252],[110.260890003172165,-7.686755085977609],[110.260917677110172,-7.686869103825302],[110.261100763790239,-7.687150943260633],[110.261352548782156,-7.687483267937637],[110.261711133662914,-7.687739814839802],[110.262046820905084,-7.687868088740515],[110.262405382403529,-7.687945343202216],[110.262870793253569,-7.687894806699148],[110.263229378134326,-7.687946768627683],[110.263435390332063,-7.68810031077993],[110.263587963015141,-7.688304894854184],[110.263786332774089,-7.688714499174012],[110.263992319790759,-7.689123618759197],[110.264045708943343,-7.689328181249778],[110.264350882188523,-7.689584220034931],[110.265014662797512,-7.690122098255415],[110.265556337056353,-7.690608472302358],[110.265785221711667,-7.691018074823489],[110.26583863604526,-7.691324675292719],[110.265860205385195,-7.691806214584346],[110.265830993606528,-7.69255111943778],[110.2658207737108,-7.692932416696863],[110.266221002598229,-7.693592969639042],[110.266914128085602,-7.694256053273421],[110.267416669244938,-7.694666663035264],[110.268147679572792,-7.695895743992594],[110.268358484257703,-7.696670921824762],[110.268396604720579,-7.696811105447352],[110.268543090792036,-7.697349766977368],[110.26859108671033,-7.697488178036167],[110.26865571469051,-7.697674552637693],[110.268603019814577,-7.697805318559801],[110.268511157664818,-7.698033278712046],[110.268318496802237,-7.698463717625657],[110.268287401843168,-7.698738600804973],[110.268269776929685,-7.698894402953556],[110.268436656927236,-7.699298661703097],[110.2685564718048,-7.69958890620228],[110.26900851333329,-7.700335205904253],[110.269441616038819,-7.701050238876633],[110.269818953582899,-7.701565366947307],[110.270231459115564,-7.702128504426128],[110.270685479152576,-7.703182264349209],[110.270756181153899,-7.70392426169451],[110.270779106671455,-7.704546519705332],[110.270688368674314,-7.70467769571826],[110.270514554903855,-7.704928974391862],[110.270321932712079,-7.705335483245165],[110.270321495641554,-7.70559097704114],[110.270321240234068,-7.70574049922385],[110.270020295601228,-7.705971265260871],[110.26951571028286,-7.706425102735523],[110.2691312024441,-7.706807352376586],[110.268770764060548,-7.707141778769255],[110.267954747114914,-7.707331836993887],[110.26776096839501,-7.707290068880752],[110.267283251222125,-7.707187099204475],[110.264957709631631,-7.706273717157501],[110.26347131734849,-7.705672877400559],[110.260575066886872,-7.704614902355047],[110.259732581994115,-7.704344367397823],[110.259376199553003,-7.704229926868834],[110.258368553267189,-7.704252115841655],[110.257089830632196,-7.704637336842836],[110.256231677750748,-7.705229600664723],[110.255462430947489,-7.706113728664832],[110.254548189148636,-7.707595887839148],[110.253827458971102,-7.708168987108252],[110.252982312984386,-7.708550416567675],[110.251614710351646,-7.708619821746595],[110.250823350118537,-7.708426987314795],[110.250151607811517,-7.708425811001575],[110.249760385634318,-7.708594673104869],[110.249599397994871,-7.708664158323415],[110.249393035061587,-7.708687727755603],[110.24893666239808,-7.708998035230366],[110.248600112706072,-7.7093803487233],[110.248239829005968,-7.70961902879435],[110.247759505597742,-7.709905363041287],[110.247231324766858,-7.710119817175041],[110.246271902827118,-7.709998471651318],[110.245384409563883,-7.709901182992382],[110.244448555257691,-7.710019190232629],[110.243848571655292,-7.710137787428152],[110.241591428003062,-7.711258569326731],[110.24029468205498,-7.711950279281155],[110.238709653928424,-7.71285685256089],[110.237341139383147,-7.713428770120856],[110.236045237898452,-7.713641840197965],[110.235253578191134,-7.713616493705388],[110.234246386962241,-7.713375379169634],[110.233886650949216,-7.713302940577421],[110.233454771321703,-7.713326099918788],[110.233046709339192,-7.713445025366809],[110.23296097876721,-7.713500579187553],[110.232494269296126,-7.713803004104534],[110.232133454096697,-7.714328845798775],[110.231916239943587,-7.715046395074296],[110.231649530702327,-7.716601452394286],[110.231503854919993,-7.717558441667961],[110.231477789869132,-7.718707098952677],[110.231596146945662,-7.719592770189365],[110.231881407402057,-7.721053091126464],[110.231928223409852,-7.721699322365055],[110.231975299321675,-7.722201963349107],[110.23178267533126,-7.722584516961092],[110.231350221936225,-7.722918778777796],[110.230677811432884,-7.723276538080938],[110.229309816695718,-7.723537318091928],[110.227654879769943,-7.723271086390696],[110.226863463778898,-7.723102137053161],[110.226119817076949,-7.723052927949482],[110.225399809954297,-7.723195212388362],[110.224919412801682,-7.723505447017942],[110.224558537347662,-7.724055211577934],[110.224100864264528,-7.725059494399318],[110.223450641834688,-7.726398461718816],[110.223185815773832,-7.726900537928657],[110.222244840727853,-7.729794506810265],[110.22180816501583,-7.732426147048216],[110.221517673203095,-7.733837560154484],[110.220843480243445,-7.735152547950918],[110.220388702077969,-7.735469809883],[110.219714397602388,-7.735940215567666],[110.218849623012716,-7.736512982087675],[110.217456929294883,-7.737132641957032],[110.216471037609324,-7.738327393093925],[110.216229082207406,-7.739427782865107],[110.216034578633924,-7.740815435882837],[110.215912892267227,-7.74174852837109],[110.216174907946709,-7.74277805156504],[110.216892432041163,-7.743999862402916],[110.217131543786763,-7.744228361249043],[110.217419340331332,-7.744503383823314],[110.218042309705879,-7.744959221390161],[110.218568782724162,-7.745702053306331],[110.219118676786536,-7.746756035361955],[110.219333773935546,-7.747211121994894],[110.219476187876808,-7.748048976278426],[110.219329983293164,-7.749269198014247],[110.219112680107173,-7.750010668356879],[110.218442651907878,-7.750440605448773],[110.217817332604852,-7.751253116837063],[110.217696529372404,-7.751707588333716],[110.217815433236694,-7.752282156195747],[110.218006715438605,-7.752641474923337],[110.21850990770713,-7.753001365619696],[110.218917173789578,-7.753337151787321],[110.219324483938806,-7.753649004297301],[110.219510401684715,-7.753835122592022],[110.219995058925861,-7.754320305936574],[110.220234373918288,-7.75465578093872],[110.220161910145066,-7.754918891992475],[110.219464208007821,-7.755946655213165],[110.219054645056872,-7.756855288839688],[110.218923856651713,-7.757086203264862],[110.218621351695049,-7.757620292641604],[110.21852440477852,-7.758146600184659],[110.218691521297728,-7.758601598684038],[110.219051158385298,-7.758745847242267],[110.219675074745965,-7.758699131059245],[110.220562173206758,-7.759059724126189],[110.221041646755623,-7.759275982299926],[110.221640912699002,-7.759588184646191],[110.222024192963204,-7.759923923149756],[110.221912128443023,-7.76084506994323],[110.221767022830875,-7.761467014989933],[110.221358381685036,-7.761873099363243],[110.220925878827302,-7.762207343193552],[110.220301339236471,-7.762589098207513],[110.219700967126983,-7.762875169852407],[110.219532701274204,-7.763042380800414],[110.21945988136946,-7.763496940430628],[110.219674766278501,-7.764071682761141],[110.220153582422938,-7.76464690982624],[110.220513091806765,-7.764862948565394],[110.220992925084488,-7.764887760860688],[110.221181405898221,-7.764839087752875],[110.221543486443807,-7.764745983639443],[110.221777356940493,-7.764799368295428],[110.221930027649705,-7.765028279031071],[110.222095891413289,-7.765296609749953],[110.222238050846443,-7.766278049791367],[110.22240429142596,-7.767211670181609],[110.222427230433368,-7.767786061776519],[110.222378273139839,-7.768312458352455],[110.222112841835212,-7.76912563433973],[110.221823325786886,-7.769986626380899],[110.221678215678139,-7.770608571427601],[110.221748348408596,-7.771613810228359],[110.22181909627534,-7.772284013795399],[110.221818169973631,-7.772786566645948],[110.221769388047846,-7.773217239383314],[110.221360780176894,-7.77359938919966],[110.220688188010513,-7.774004986140369],[110.220351560077461,-7.774387267257794],[110.220014844010905,-7.774817410294418],[110.219846286777738,-7.775140170681539],[110.219868955089225,-7.775858148034274],[110.219963872235951,-7.776432670930205],[110.220154943996533,-7.776911645355369],[110.220489939660013,-7.777414816040107],[110.220873013080109,-7.77787021114051],[110.221471861738053,-7.778421727579882],[110.221999081193701,-7.778781663242341],[110.222526434648273,-7.779069803327957],[110.222933946245689,-7.779285930200729],[110.223293425951908,-7.779525899899568],[110.224010671256508,-7.780939153018664],[110.224848156818041,-7.782209037116559],[110.225202159653008,-7.78281993039468],[110.226136862826991,-7.783419915795662],[110.227263219622955,-7.784187767750495],[110.228029308007194,-7.785146412675999],[110.228435646888613,-7.786008674559866],[110.228602452242399,-7.786643156155947],[110.228745459736217,-7.787169902568166],[110.228695630999596,-7.788174922833605],[110.228790954639919,-7.788534064394753],[110.229006432202141,-7.788797699753218],[110.22938969897649,-7.789157365619133],[110.229964884672711,-7.789541311381583],[110.230852448982375,-7.789686509623891],[110.231620080603307,-7.789807558371308],[110.232075642078257,-7.789999833424758],[110.23250681663734,-7.790407444846892],[110.232722076563618,-7.790790735003611],[110.232961422132973,-7.791126204609839],[110.233128082695885,-7.791844444564674],[110.233246275196507,-7.792825837841349],[110.233412807156355,-7.793615869775749],[110.234130192755231,-7.794981249284433],[110.234536465986139,-7.795891371288974],[110.234990950073325,-7.796681923031542],[110.23530206783721,-7.797137177837669],[110.235757032162326,-7.797664486326198],[110.235995903788989,-7.798263199186465],[110.23601885808489,-7.798837589882055],[110.23568152598267,-7.79960278164225],[110.235056198585767,-7.800391381856002],[110.233854748398983,-7.801298594553714],[110.233258927758357,-7.801692383395959],[110.232778440673542,-7.802002618025597],[110.232226184092156,-7.802193065656638],[110.231289945775416,-7.802406746373435],[110.23037735423253,-7.802811918834209],[110.229872823772837,-7.803146036759358],[110.229247699622704,-7.803814973181659],[110.228814674258842,-7.804412463863287],[110.228525535925769,-7.80505807996559],[110.228284632730663,-7.805584904618854],[110.228307287552298,-7.806302103158714],[110.228474602821734,-7.806661376020884],[110.228761550406261,-7.807212316894095],[110.229168915414164,-7.807524164907477],[110.22964835928542,-7.807788281403248],[110.230319949607008,-7.807957022997414],[110.230679631660735,-7.808101266159724],[110.231446027613117,-7.808916319032107],[110.231924820375184,-7.809539400821905],[110.232283935856003,-7.809994747358871],[110.232426821941317,-7.810593285750713],[110.232569446323907,-7.811335412598396],[110.232543265260517,-7.81253192640645],[110.23254136409372,-7.813572930345629],[110.232636521359439,-7.814027795745346],[110.233067325397769,-7.814650789401583],[110.233210102665169,-7.814916379886199],[110.233402144794184,-7.815273607690017],[110.233713098881481,-7.815824589932049],[110.234119865840171,-7.81647147138051],[110.234239108748909,-7.816878517129055],[110.234142336300806,-7.817309105330139],[110.233877015612848,-7.818050491136432],[110.233732118643388,-7.818552783183577],[110.233490292743852,-7.819569419991922],[110.233489813405185,-7.819832662346698],[110.23353649631332,-7.820550682866894],[110.233630518634584,-7.821627757714054],[110.233723630841951,-7.822400885091952],[110.233748713833108,-7.822609151890049],[110.23367576082876,-7.823135506197843],[110.233506512916279,-7.823829202754723],[110.233337570773301,-7.824355382594035],[110.23287915125286,-7.825706663430992],[110.232421274023636,-7.826758801876395],[110.231866704385936,-7.828193663006346],[110.231168672197498,-7.829341090018488],[110.230654426361752,-7.830066367168286],[110.230014374364941,-7.830655198277952],[110.229629664178731,-7.831061325818723],[110.229220824282663,-7.831539202171655],[110.228955926276001,-7.832041272086258],[110.228499308996959,-7.832399403708735],[110.227850665776657,-7.832781113756596],[110.22710527978586,-7.833569478347954],[110.226456414433017,-7.83407084229475],[110.225759902098844,-7.834380666833511],[110.224439668556897,-7.834569689039085],[110.223071350063776,-7.834806479634551],[110.222591171446425,-7.834925250399181],[110.221870970969576,-7.835067507858412],[110.221317997628546,-7.835616902797028],[110.221028733390369,-7.836310370926071],[110.220956027699572,-7.836693134979384],[110.221098546861469,-7.83748312644434],[110.221959940000261,-7.83884879103806],[110.222721101898401,-7.839805983558506],[110.222335965433501,-7.839994582183408],[110.222740034426067,-7.839840459968457],[110.222965260639342,-7.840250617371282],[110.224595229687168,-7.841282661364914],[110.225481790353399,-7.842026156980751],[110.226368530884031,-7.842673927858698],[110.227802526866185,-7.843274837762749],[110.22948170501769,-7.843660813295116],[110.230800692099308,-7.844165779926016],[110.231275553025398,-7.844334167187242],[110.231826462422362,-7.844909519258124],[110.232521364070749,-7.845485134830312],[110.233143481787295,-7.846491379073086],[110.233956585828821,-7.84804838612331],[110.234745477422905,-7.849725003905007],[110.235655155162306,-7.850971079351041],[110.237475400070707,-7.852984602956269],[110.240878819602869,-7.855431743679219],[110.241861307354498,-7.85624717876351],[110.242393582798627,-7.856627751168958],[110.242700193160431,-7.856846970810238],[110.24358729791652,-7.857327192595051],[110.244234021084253,-7.85802236134208],[110.245096568053214,-7.858813643334145],[110.245935682286927,-7.859293774287437],[110.246870449312837,-7.859965525587711],[110.247613567213421,-7.860445480273881],[110.248308989569239,-7.86075783190762],[110.249363203649978,-7.861740897923312],[110.249938116851638,-7.862340206134775],[110.250473205375158,-7.862629846289565],[110.254022791719535,-7.863952386592587],[110.256299776214746,-7.865631615106167],[110.256436474065083,-7.865776453619617],[110.257114234635253,-7.866494582058522],[110.258094442605511,-7.868626200138237],[110.258810658186349,-7.870757349671123],[110.260941534325411,-7.873656795423983],[110.26168308560699,-7.875046116684132],[110.262425233139027,-7.876100399113341],[110.263455475790636,-7.877107325042232],[110.263838976388683,-7.877395173747459],[110.264628922887539,-7.878569193712508],[110.266136026557433,-7.881371798668795],[110.266711106133698,-7.882218729809722],[110.266973884438244,-7.882605727871237],[110.268170813733093,-7.884378737687769],[110.268738015248232,-7.885165642679453],[110.26918119575663,-7.885780484880684],[110.270378561222685,-7.887314177006886],[110.271910613884756,-7.889614251595617],[110.272651514956522,-7.891410390176588],[110.272961191107129,-7.892751083295082],[110.273531288439244,-7.896150322778396],[110.273863214716641,-7.898496169261989],[110.274075804555764,-7.900458908151279],[110.27412309810353,-7.900865822598803],[110.273901434104971,-7.904096166703937],[110.273609851414562,-7.906129821633158],[110.273702930346985,-7.907805175867395],[110.27370016673035,-7.909384638089762],[110.273671969386896,-7.909572152132284],[110.273603025560249,-7.910030615719563],[110.273455088882315,-7.910794911754977],[110.273288145932213,-7.911657395771385],[110.273108437105748,-7.912668966698675],[110.272633615749839,-7.915341678974528],[110.272173197935786,-7.917829730756637],[110.271824078419513,-7.919387515720473],[110.271205488743362,-7.92214763940126],[110.270794151429982,-7.924013559977027],[110.270192090393721,-7.925137279061403],[110.269681207123028,-7.925904289250752],[110.26915720364309,-7.926690997290905],[110.267954836147794,-7.927933312671428],[110.267137660875392,-7.928530157639841],[110.266273028378578,-7.928815810200661],[110.265312464299825,-7.92905342997102],[110.263891628097213,-7.928955197023924],[110.263123687109498,-7.928858114309719],[110.259667522339328,-7.925980239695491],[110.257677995344238,-7.924445102358789],[110.257405004338523,-7.924085647833579],[110.256013765723765,-7.923556680995205],[110.255346564993033,-7.923507626574917],[110.253568913775382,-7.924294177233662],[110.25200261223182,-7.925009304634898],[110.250488204268265,-7.926227074818826],[110.249478289892238,-7.927206434728362],[110.248733797827526,-7.927420474274641],[110.248152699988168,-7.927539081362738],[110.247599842659668,-7.92796884398615],[110.246806296174668,-7.928757139329718],[110.246445025918263,-7.929426557788588],[110.245722264172173,-7.930885048605319],[110.245259446067621,-7.9315744643892],[110.24519274784808,-7.931673817891578],[110.244735328373736,-7.932414853861587],[110.243795559318642,-7.93439943278679],[110.243457845004571,-7.935308202210933],[110.243372803313264,-7.93596823894228],[110.242623481889211,-7.93572746165222],[110.243360909779199,-7.936006200225165],[110.243167391862698,-7.936623886082657],[110.242974090682765,-7.937317536774117],[110.242684467615106,-7.938178530613868],[110.242274472989607,-7.93923075269629],[110.242057472875103,-7.939756844402041],[110.241863992730146,-7.940546217133431],[110.241574144831986,-7.941526864872117],[110.240899218025561,-7.943057224110817],[110.239429634970747,-7.945950202838787],[110.237792572969909,-7.948531760731385],[110.237671931615409,-7.948866575631143],[110.237112866266784,-7.94974901470448],[110.236733016016899,-7.950348579222748],[110.23601150612717,-7.951089116069056],[110.23552986341349,-7.951925817421738],[110.235262504861737,-7.952301172860018],[110.234831910365415,-7.95290570613264],[110.233580644032543,-7.954530710023448],[110.233487994076711,-7.954659516322806],[110.232858632321097,-7.955534481130599],[110.232304739872916,-7.956490699685219],[110.23148688021638,-7.957398567089399],[110.23016419692118,-7.958688390955672],[110.228648347344404,-7.960576128184982],[110.227613975005966,-7.961722893296098],[110.227060464769693,-7.962463723321378],[110.226218307230113,-7.963515117128168],[110.225604748361491,-7.96460420871648],[110.225447125085793,-7.965117055207145],[110.224893516823386,-7.965905745353041],[110.224460292709409,-7.966503209055077],[110.224027520055074,-7.966861364959243],[110.223330099405587,-7.967530126013685],[110.222776707879802,-7.968199156864785],[110.221525256286611,-7.969871976809486],[110.220201142170026,-7.971879688995671],[110.219720674870302,-7.972503589168525],[110.219575451446985,-7.972692162612418],[110.219118207340443,-7.973289575952379],[110.21801153220747,-7.974555828587825],[110.215534777708854,-7.976728861347055],[110.214404899167789,-7.977564302749556],[110.211808949424494,-7.979282394566042],[110.208733268926267,-7.980784174249436],[110.2056820355985,-7.982046665920109],[110.204982612158858,-7.982454343892073],[110.20416792890785,-7.982929199422188],[110.203854768783572,-7.983210552324351],[110.203768655100419,-7.98316742533558],[110.203372831092338,-7.983023076952634],[110.202329996133471,-7.982279211715422],[110.201790507227145,-7.981943138664121],[110.200879130668397,-7.981498660434056],[110.200483284177267,-7.981366276631547],[110.200255667566068,-7.981138493645744],[110.199728324004013,-7.980730650198552],[110.198877226303978,-7.980154664105669],[110.19784631905344,-7.979458673378247],[110.197043353069319,-7.978822950717813],[110.195880839929885,-7.977911323248179],[110.195802803957292,-7.977850106396488],[110.194993977990748,-7.977215605914694],[110.194574624120662,-7.97683189757322],[110.193963272188284,-7.976423884154144],[110.193447896804059,-7.976039987854335],[110.193310485791358,-7.975927828905355],[110.192213570101217,-7.975032489057298],[110.190883274944213,-7.974000868644396],[110.189852277761474,-7.973364688228969],[110.188809589392065,-7.972572931394836],[110.188425980875365,-7.972352155027124],[110.187766527804058,-7.97197262043926],[110.187402002901138,-7.971694928677209],[110.186412247728072,-7.970940938872445],[110.1856572821589,-7.970329220916028],[110.185288007036945,-7.970106272685541],[110.185121978697396,-7.970006034250275],[110.18484206830783,-7.969837038148],[110.183595518019786,-7.968961111964916],[110.182720392233364,-7.968420945869127],[110.182168936048583,-7.968084827851726],[110.181521601341899,-7.967676727198409],[110.1807663875598,-7.967196621426126],[110.180382756559993,-7.966968520979663],[110.179975048910421,-7.966776269308582],[110.179687247869253,-7.966644080658966],[110.179411690198378,-7.966392262392219],[110.179231887842377,-7.966272253261081],[110.179076022741299,-7.966188186434863],[110.178812394577392,-7.965972287989871],[110.17853664535096,-7.965816191763054],[110.178356893356977,-7.965672251672288],[110.178165043682839,-7.965576149219089],[110.177985172079048,-7.965492034728811],[110.177169930349066,-7.965023769430616],[110.176534585403829,-7.964627650444925],[110.176138907985262,-7.964423453978441],[110.175899073184723,-7.964315288918669],[110.175623422883689,-7.964111329873163],[110.17528761603171,-7.963979044096789],[110.175012036777105,-7.963739188611839],[110.174496242308805,-7.963582613046356],[110.174052820782094,-7.963246700074365],[110.173513213165279,-7.962994353006195],[110.172758138778136,-7.962454407244309],[110.172518233830488,-7.96238213682534],[110.172014635967741,-7.962129859004961],[110.171463196870093,-7.961793729296346],[110.171187237202275,-7.961745316092674],[110.170791590360636,-7.961529148750401],[110.170348056418732,-7.961253059580258],[110.169652831913709,-7.960796986391017],[110.168849395584175,-7.960436417605763],[110.167926419569653,-7.95983630090376],[110.167386794865763,-7.959595911221527],[110.166895425084874,-7.959235964767174],[110.165996218151975,-7.958755546030829],[110.165600478680176,-7.958587236111271],[110.165198064440176,-7.958369082166598],[110.164581398413873,-7.958034779880393],[110.163070858434423,-7.9571702337185],[110.162003799336901,-7.956605712183091],[110.161008854176316,-7.955993470821227],[110.160217608157154,-7.955549155368431],[110.159737836033344,-7.955392634661564],[110.159353961317322,-7.955296134708021],[110.159210252352295,-7.955140294787952],[110.159006507345509,-7.95499629803993],[110.158694840995167,-7.954804220837332],[110.158179356792914,-7.954504045124793],[110.157064327857483,-7.953927449291541],[110.156428849812642,-7.953615059886317],[110.155769564015202,-7.953206899877728],[110.154774417406486,-7.952702333445131],[110.153887291066667,-7.952197983749159],[110.153275772759741,-7.951909571168983],[110.15296399039687,-7.951777316868856],[110.152820136641026,-7.95169326623045],[110.152664250855537,-7.951619262817928],[110.15236449962299,-7.951476962191236],[110.151681046344265,-7.951152503884146],[110.15114164287354,-7.950816373276211],[110.150793928997643,-7.950648148792254],[110.150602043350659,-7.950575963808888],[110.150266378591539,-7.950383832646935],[110.150110526080937,-7.950299757726839],[110.149702999195085,-7.950035687995808],[110.149283916020977,-7.949801083652289],[110.148887799733245,-7.949579337815408],[110.148428721909056,-7.94946900628878],[110.148228134421913,-7.949362611094841],[110.147413060865119,-7.948846432615994],[110.146717811179087,-7.948426220792669],[110.146346146558471,-7.948234013188369],[110.14610620743656,-7.948185658440593],[110.14595028028225,-7.94813747726198],[110.145638526697667,-7.947993252985441],[110.145446668929651,-7.947909100723621],[110.145278964253862,-7.947753206844197],[110.145099082757497,-7.947681046142577],[110.144163973989237,-7.947176580434018],[110.143540493799776,-7.946876162803846],[110.142749087701304,-7.946527538814053],[110.141802033238264,-7.945999114266897],[110.141598076890773,-7.945962796045421],[110.141310403553348,-7.945782722993442],[110.140782994340782,-7.945458571355175],[110.14012346482707,-7.945182008242284],[110.139116282591431,-7.944713277095275],[110.138612604689001,-7.9445207898018],[110.138072822603704,-7.94437608888461],[110.137677237815296,-7.944147928183554],[110.137365465344999,-7.944015663990911],[110.137173711898356,-7.943883648011138],[110.136909920957123,-7.943763449123082],[110.136634230186644,-7.943595362235385],[110.13645450337367,-7.943451405956807],[110.135843089388118,-7.94312707355482],[110.135519239922019,-7.94303067882197],[110.13501524186097,-7.942993734672314],[110.134931077907993,-7.943065351284133],[110.134798858681449,-7.943160798131544],[110.13469086898948,-7.943148607821172],[110.134343494157974,-7.94282482400564],[110.134103935449332,-7.942596985261844],[110.133588385596568,-7.942344640891633],[110.133048836435705,-7.942092247058724],[110.132857034425626,-7.941984159340677],[110.132641478622361,-7.941756370958956],[110.132497684221789,-7.941648383964946],[110.132257876400899,-7.941540194623485],[110.132041971660726,-7.941479919361996],[110.131670020156378,-7.941431281327766],[110.131286140044381,-7.941346724371044],[110.130998401056388,-7.941202539664687],[110.130662881987462,-7.94095056941245],[110.130279432650752,-7.940662601097358],[110.130027546934798,-7.94059028301433],[110.129787615007444,-7.940541920172677],[110.129655771697571,-7.940457888419985],[110.129523879824262,-7.940397785828338],[110.129392139037009,-7.94026589305571],[110.129212366358672,-7.940145864139538],[110.128840969736018,-7.939833990945147],[110.128625041613418,-7.939785676666816],[110.128397728973084,-7.939785200925485],[110.128204982674845,-7.939784797129903],[110.127952998932813,-7.939760339167492],[110.127701218437551,-7.939640159165208],[110.127221681936135,-7.939387883143468],[110.126958024993883,-7.939207850561047],[110.126370703845964,-7.938847661289742],[110.126214935871644,-7.938727681836269],[110.125831339046101,-7.938511501903463],[110.12506397092659,-7.93816289859808],[110.124620519722271,-7.937874799881286],[110.124236950775696,-7.937646653569402],[110.123157722052269,-7.937213632702196],[110.121791121264266,-7.936468908612426],[110.120963752176465,-7.936120170408742],[110.120052552784102,-7.935687496679805],[110.119500815111564,-7.935530782618741],[110.118985311124277,-7.935266456580905],[110.117726456311971,-7.934653565908548],[110.116491429037239,-7.934124476762406],[110.115484228815149,-7.933691591692821],[110.115172343929601,-7.933619138711492],[110.114033234747012,-7.93313810843614],[110.113193904675995,-7.93277736518246],[110.112282672008746,-7.932368608024035],[110.111107693366421,-7.93182766671265],[110.110316323240795,-7.931490954243316],[110.109405147230802,-7.931058258930705],[110.109105371716566,-7.930937964714474],[110.108134166859372,-7.930517106278614],[110.107246843568021,-7.930156249710365],[110.106239716190998,-7.929699413896003],[110.105634706277726,-7.929436245285672],[110.105244539904618,-7.929266532423753],[110.104273421382345,-7.928809767655821],[110.103529861914637,-7.928568865360035],[110.103278068828843,-7.928460636448392],[110.102342985241648,-7.92799198174373],[110.101383769246581,-7.927583098680259],[110.100340808382668,-7.927054380954132],[110.099345568244416,-7.926657380632832],[110.098398308736023,-7.926272448314023],[110.097163442439978,-7.92569544778587],[110.09639607432041,-7.925370725078096],[110.095883816885703,-7.925189778784443],[110.095748509387249,-7.925141984314337],[110.095515040887449,-7.92504404904281],[110.095089049121384,-7.924865353752296],[110.09430963098572,-7.924564532326485],[110.094163739366138,-7.924510048699005],[110.093794002891968,-7.924371970389302],[110.093266426405478,-7.924155451412162],[110.0926669761011,-7.923878947654487],[110.092007675914545,-7.923530523314184],[110.091563952215665,-7.923385975281747],[110.091132334290819,-7.923193592309644],[110.091000480189052,-7.92312151344629],[110.090684854123765,-7.923009675555306],[110.090388899828895,-7.922904809208774],[110.089681548865428,-7.922580206110808],[110.089058179292579,-7.922267751055074],[110.088434627157369,-7.922039049861439],[110.087591754656785,-7.921691576104536],[110.086920325313827,-7.921430642309474],[110.086289857392046,-7.921150354204656],[110.085724933859638,-7.920884466943789],[110.085041566915834,-7.920571876090378],[110.083866663816536,-7.920030867329842],[110.083326939287872,-7.919886098963502],[110.083051076746813,-7.919813701740111],[110.082367635159301,-7.91953700193028],[110.081408515391729,-7.919104145638983],[110.080593091099331,-7.918815188069686],[110.079382065830714,-7.918333913178742],[110.078746523934001,-7.918105173314302],[110.078434847691142,-7.917948937692529],[110.077818634023799,-7.917616363003958],[110.076427289289029,-7.916901975744793],[110.075821676829946,-7.916591101697179],[110.075725642725274,-7.916602855836345],[110.075518502777754,-7.916578058829543],[110.074994181837042,-7.916338001896463],[110.074358541014874,-7.916157116756722],[110.073663189705485,-7.915844481836587],[110.073027762921981,-7.915567873757539],[110.072428395355189,-7.915267413859283],[110.071385375136003,-7.914798457881716],[110.070330115143747,-7.914437157048383],[110.070054445956941,-7.914280996070318],[110.069538763004573,-7.914124301794288],[110.069221183611774,-7.913976636711595],[110.06822005741077,-7.91351114132533],[110.067285052963882,-7.913042415574239],[110.066829404254634,-7.912873887119417],[110.066253749112263,-7.912705087968618],[110.065869969724361,-7.912596545193594],[110.065414511671406,-7.912344258380017],[110.064970757395599,-7.912223615226878],[110.064635116918168,-7.912055352072059],[110.064227635897737,-7.911815137757571],[110.063927944020463,-7.911670884702744],[110.063352318555701,-7.911490119172868],[110.062956568292066,-7.911369580341045],[110.062728988553033,-7.91117762814423],[110.062477137910605,-7.91110527228966],[110.062009575882257,-7.910900816818412],[110.060858601943949,-7.910419628262446],[110.059899233963506,-7.910118343685781],[110.059096036853646,-7.909745618764475],[110.058184891420638,-7.909348719167269],[110.057045900948594,-7.908879513178192],[110.05651825881165,-7.908710810254888],[110.056074784224961,-7.908470507806896],[110.055559115661708,-7.908313798242375],[110.055223485976171,-7.908251367305979],[110.055103288886698,-7.908229011059234],[110.054432187796294,-7.907820681078761],[110.053784734379008,-7.9075679500001],[110.053173202582286,-7.907351192702549],[110.052407891212283,-7.907128428833119],[110.052261767567586,-7.90708589629628],[110.05174626897616,-7.906857391154858],[110.051074818948791,-7.906604600720925],[110.050031574798368,-7.906255245582315],[110.049072308441339,-7.905918042982478],[110.047897120256948,-7.905544451114736],[110.047393707654521,-7.905280073815561],[110.046710263368993,-7.905027250106684],[110.045655056436772,-7.904665891716718],[110.044048413104804,-7.904052004595542],[110.043652651149955,-7.903943414156458],[110.042573504264851,-7.903558062753575],[110.041482441362632,-7.903136787931601],[110.040606972934484,-7.902895480940913],[110.040115459262097,-7.902678981748807],[110.038880307880959,-7.902262183751986],[110.038544641323199,-7.902148913240922],[110.037069691114425,-7.901678882573549],[110.035885402690212,-7.901270176676519],[110.035546235971083,-7.901146321145006],[110.035225946021626,-7.901029357118318],[110.034638546632664,-7.900764772075775],[110.03411104029334,-7.900548184750107],[110.033715340391666,-7.900415656156781],[110.033211580650971,-7.900306805813614],[110.032779658755317,-7.900269912925353],[110.032515738311702,-7.900233407644862],[110.032216208312434,-7.900029309204456],[110.03188050937905,-7.899896919106709],[110.031622437226758,-7.89992623160947],[110.031454880039746,-7.899734405317759],[110.031215714334792,-7.899374903128489],[110.031120995038918,-7.898824295903751],[110.031035202413705,-7.898781276833631],[110.030929217310586,-7.898728133195959],[110.030353431766514,-7.898631078360779],[110.030153130263784,-7.898598902416609],[110.028841977176569,-7.89838827130086],[110.027738357939938,-7.898218197810763],[110.026970855821389,-7.898001043912245],[110.025891913082376,-7.897543866355534],[110.024764859311858,-7.897134431108327],[110.023829866556127,-7.896701511864478],[110.023055141082921,-7.896442016984679],[110.022349666105242,-7.896183462795761],[110.02164782888525,-7.89585886959037],[110.020305180640605,-7.8952814122066],[110.019311082641423,-7.894787819301598],[110.018075557142311,-7.894271131806477],[110.016709033695975,-7.893645748651579],[110.016349090838901,-7.893620973228508],[110.015557944644456,-7.893260165223637],[110.015270401708733,-7.893068051148816],[110.014503029991886,-7.892803016445271],[110.013831716661457,-7.8925142783105],[110.013543832882647,-7.892465739201725],[110.01275280719733,-7.892057068378222],[110.009905070663535,-7.890875503101199],[110.00842286472448,-7.890316195834941],[110.008228126427923,-7.890233792754543],[110.006964667986097,-7.889699165583238],[110.006232413895816,-7.889380527688388],[110.005723524422137,-7.889170776109609],[110.005607052324649,-7.889111035944723],[110.0042128657322,-7.88845303527853],[110.003544755786891,-7.888253286858912],[110.003726356786956,-7.887840094244154],[110.003875556113087,-7.887580555297575],[110.003971661264188,-7.887298336348351],[110.00408678977459,-7.886960246117667],[110.004628858835815,-7.885896719557138],[110.005027774713085,-7.88519444706526],[110.006007541116162,-7.885614345025203],[110.007307767440579,-7.886171581152723],[110.008333332718166,-7.886611106816304],[110.008734013964613,-7.886679062288067],[110.008869102927804,-7.886673261660917],[110.009069497060693,-7.886735960595274],[110.009240210868086,-7.88682338908734],[110.010196104767488,-7.887312938640378],[110.010282087149676,-7.887347467211043],[110.010500400274282,-7.887435136721365],[110.01103528914831,-7.887649938892764],[110.011306676662855,-7.887902541368362],[110.011888885164979,-7.88844444405504],[110.012663225728318,-7.888572184657789],[110.012768378958583,-7.888589530781417],[110.013048919772871,-7.888635810793232],[110.013545879739581,-7.88908841889463],[110.013888738175751,-7.889502989270738],[110.013982577934655,-7.889619131317033],[110.014413721017434,-7.889979093059878],[110.014749148355577,-7.890219180569943],[110.015063399357416,-7.89023039421653],[110.014917996069698,-7.889860630762712],[110.015086277210969,-7.8897413779614],[110.015302386996609,-7.889694027756377],[110.015723645630771,-7.889508532691821],[110.016074767037935,-7.889437856770883],[110.016331235698999,-7.889439835279347],[110.016479274000346,-7.889313916703088],[110.016863493156734,-7.889219102079096],[110.017055263690509,-7.889315270182749],[110.017390692827234,-7.889555355894174],[110.017837142371263,-7.889773562898824],[110.018422002074772,-7.889844933995676],[110.018709658325122,-7.88998918615124],[110.019284522963403,-7.890469130045517],[110.01954665825275,-7.891259428179239],[110.019929864772507,-7.891595342949927],[110.020344704045897,-7.891734298997903],[110.020793179762506,-7.891884521752445],[110.020996844729666,-7.891925630662513],[110.02127295188626,-7.891981361649698],[110.021753230328386,-7.8918628372993],[110.021922071747269,-7.891504284794109],[110.022162574744073,-7.891289478126112],[110.022357770795509,-7.891077313666301],[110.022488239042048,-7.890957266763621],[110.022941116040727,-7.890772567599129],[110.023272967674359,-7.890637225926412],[110.024722221554327,-7.889999999599524],[110.024986478344374,-7.889987049362048],[110.026555262016757,-7.889910171716224],[110.027118674688154,-7.889920468953676],[110.028079315209254,-7.890600155871709],[110.028499470375323,-7.890897427673337],[110.029434289561834,-7.891402123608316],[110.030027780958392,-7.892638888373199],[110.030388891135487,-7.895277778945513],[110.031836527135056,-7.895359916725965],[110.032045912689739,-7.895371796770178],[110.033391920801535,-7.894513431648761],[110.033888893358778,-7.89294444832683],[110.034361421443464,-7.890423656725545],[110.034499056387403,-7.888846317802518],[110.034549142330093,-7.888272336298485],[110.034833328996001,-7.887444445603876],[110.03626454787161,-7.884421113742576],[110.036588821817702,-7.884299549683647],[110.037150987129394,-7.884110974441114],[110.037899716799529,-7.883859811780098],[110.039074862715779,-7.884221457953117],[110.040466116619029,-7.884535736833982],[110.041378616431075,-7.884175197726393],[110.041611114562329,-7.884083332878731],[110.041647334757727,-7.883588318145542],[110.041694445743133,-7.882944446728004],[110.041970016004484,-7.883137825249605],[110.042776680900147,-7.883703893618986],[110.043269850224476,-7.884049968030808],[110.043467431277975,-7.883944353448328],[110.043469023977309,-7.883250387094904],[110.043447224410897,-7.882293137917202],[110.043430554577469,-7.881990093367335],[110.043355071780184,-7.880617828649065],[110.043163353407067,-7.88049774127694],[110.042393867384135,-7.879940391834793],[110.042360765138255,-7.879487575090707],[110.042360343356222,-7.878961218084953],[110.042742864592583,-7.877136812912795],[110.042836101805676,-7.876692127838623],[110.04285374560493,-7.876393990889142],[110.042894830233251,-7.875699786215364],[110.04293999598508,-7.874936595446741],[110.043138438589096,-7.872831021733475],[110.043612286878556,-7.873137317332521],[110.044251778597754,-7.873155436873105],[110.044388680594182,-7.873151541010031],[110.044724702384144,-7.873141979417994],[110.044833122851401,-7.873125162095732],[110.044818463902061,-7.872174549015426],[110.044859446007649,-7.87142904791142],[110.044872649853971,-7.87118887586513],[110.044783765359512,-7.870585520704424],[110.044723616003125,-7.870177223998894],[110.044179364287288,-7.869510809275596],[110.043724694040463,-7.869093888971008],[110.043621555291566,-7.86899440057033],[110.043429999695775,-7.868504809648471],[110.043269491394938,-7.867303679620306],[110.043321053125169,-7.866999480340951],[110.043335349647691,-7.866858815581054],[110.043223029720082,-7.86663353271058],[110.043079808187656,-7.866298187210759],[110.042864979935928,-7.866177045833183],[110.042782284575821,-7.866130415085763],[110.042696416407523,-7.866042929936441],[110.042697079207869,-7.865753559578309],[110.042697645780777,-7.865506176767838],[110.042726499629282,-7.865260821029267],[110.043115496883729,-7.864829678845808],[110.043742749729176,-7.864123448437567],[110.043716312358981,-7.863868891735137],[110.043595866157318,-7.862709163796069],[110.043580181980872,-7.862558153235398],[110.043478227639127,-7.862057631953348],[110.043368144325427,-7.861517196960278],[110.043333584278514,-7.861347536258961],[110.043259969373139,-7.860986137399493],[110.043260371370081,-7.860810930579191],[110.043261121404669,-7.860483610629331],[110.043158578007024,-7.860239206373478],[110.043070177347829,-7.86002850600994],[110.043431024922882,-7.859646447025114],[110.044609835576523,-7.858559812384613],[110.045162238747366,-7.857950354424531],[110.045355246748272,-7.857736422796847],[110.045537890961953,-7.857518881290559],[110.045627204433003,-7.857412502284376],[110.045776410054316,-7.857234787254811],[110.046438106034827,-7.856446659185167],[110.046535727442915,-7.856156822978221],[110.046567179432827,-7.856063448168811],[110.04684885609089,-7.855227159604908],[110.04723692884221,-7.854586485277252],[110.047381612672325,-7.854481786204644],[110.047997243578948,-7.85403628994203],[110.048161168404249,-7.853917666666177],[110.048364043766639,-7.853770858637404],[110.048509172761158,-7.853679545074158],[110.048855036731595,-7.853461934320023],[110.049030113150252,-7.853351778161255],[110.049111427151672,-7.853300614830687],[110.049260234373378,-7.853206989110447],[110.049357119236731,-7.853140940201399],[110.049425806756631,-7.853052624977863],[110.04953160659943,-7.852916591726512],[110.049629299953267,-7.852790980718396],[110.049946504328773,-7.852383130975909],[110.050392511406301,-7.851809673776643],[110.050562996785914,-7.851406320644401],[110.050842771377859,-7.85071341459161],[110.050879726319351,-7.850190370688267],[110.050899678678263,-7.849907969176627],[110.050917150706994,-7.849660659211224],[110.050902517837983,-7.849568115375405],[110.050821012280949,-7.849056536928856],[110.050697190923643,-7.848592128822872],[110.050666611276142,-7.848477433785717],[110.050560771863161,-7.84808047123596],[110.050544278296854,-7.84797474243959],[110.050489811756449,-7.847625639111129],[110.050639834861556,-7.847328122693909],[110.050787499044873,-7.847093263842225],[110.051188342169326,-7.846478571827845],[110.051624091579583,-7.845726814140335],[110.051742451354073,-7.845522616774531],[110.051216079959147,-7.844722873960677],[110.051046507391447,-7.844465230784976],[110.050386185575064,-7.843461965096822],[110.050083330782115,-7.841555551646593],[110.053744726239188,-7.839108885765654],[110.054590026009919,-7.838493575017651],[110.054950359172778,-7.838326872186599],[110.055238537029879,-7.838231796759203],[110.055580221850789,-7.838113401911187],[110.055754461000618,-7.838046209064487],[110.057136397927479,-7.837302774602563],[110.058049733209657,-7.836658705334173],[110.058362822287449,-7.836156871941284],[110.058648260809662,-7.835652122047009],[110.058725194213366,-7.835080825019247],[110.058654278173435,-7.834602064632747],[110.058729417429731,-7.834290454939719],[110.058775389873404,-7.834099803162587],[110.058941857082061,-7.833333494444389],[110.058993616663145,-7.833095223564897],[110.05902539960357,-7.832724913323261],[110.059042900410589,-7.832521010035805],[110.059091968320729,-7.832042516747947],[110.059212917243372,-7.831612043660073],[110.059262521149492,-7.830894250668337],[110.05923272031481,-7.830244887990375],[110.059217741206851,-7.829918469161214],[110.059166666009901,-7.828805553632606],[110.059131558275851,-7.828489939258475],[110.059055831762294,-7.827809167758062],[110.059457763066348,-7.826528918973622],[110.05967952958764,-7.825822535680686],[110.059923995896725,-7.82484139781144],[110.06003129221142,-7.824081114551007],[110.060087919822706,-7.823679864033693],[110.060172111654651,-7.823216717676587],[110.060503036087312,-7.821396247937685],[110.060600466839105,-7.820860262790063],[110.060847560067884,-7.820225935877431],[110.060971423693275,-7.819945302432984],[110.06111229979382,-7.819626123146236],[110.061184097169416,-7.819463453774574],[110.061252746018454,-7.81930791782537],[110.062175471122146,-7.818735644133881],[110.062248317107219,-7.818427353838501],[110.062325058955366,-7.818102573574095],[110.062452521667581,-7.817563141325081],[110.062324404248898,-7.815915097702771],[110.062268057226106,-7.815190279207229],[110.062355572952356,-7.81461099709901],[110.062430768865909,-7.814113264614662],[110.062591288857959,-7.813050756086739],[110.063508465144594,-7.812225655089094],[110.063666667583675,-7.812083333778048],[110.064496723845764,-7.810815113425917],[110.065066062150095,-7.810382912740408],[110.065516606307369,-7.810053102567849],[110.067264439603264,-7.809270551194174],[110.069165255673056,-7.809102441823427],[110.069869082193406,-7.809160154017093],[110.072044195983892,-7.809338502169339],[110.073311407296671,-7.809226415166108],[110.075790259913617,-7.808083187987904],[110.0783985042886,-7.806704227817079],[110.080015350429107,-7.806582837327255],[110.080562236259254,-7.80668456324122],[110.08112482335298,-7.806789211951752],[110.081923638965804,-7.805195190604763],[110.082080465442175,-7.804729369663903],[110.082261765169392,-7.804190852025386],[110.082695660177649,-7.803282439632085],[110.083321879702055,-7.802206933202626],[110.083901371352226,-7.801391964866468],[110.084477183876004,-7.800582171229394],[110.085749105837635,-7.798652670383603],[110.087017364860571,-7.797311484436648],[110.087268281107356,-7.797046504591719],[110.087378850054904,-7.796827150951458],[110.08759963721451,-7.796102067155857],[110.087896345141246,-7.795109498903457],[110.088143353833743,-7.794186914993304],[110.088331770795605,-7.793483172109916],[110.089111786081105,-7.792357887305855],[110.08929915623213,-7.792087579877091],[110.089607412353246,-7.791642876816525],[110.090361112576318,-7.790555555093988],[110.090570522412747,-7.790128846568223],[110.091293532371651,-7.788655595178795],[110.091606386726426,-7.788225517792625],[110.091727234924974,-7.787818958577247],[110.091847825018135,-7.787532053260861],[110.092064083191929,-7.787388935150432],[110.092567808758417,-7.787461803618555],[110.092640100761059,-7.787318376141343],[110.092424668164938,-7.787078610588594],[110.092473119140209,-7.786863340769742],[110.09273813675668,-7.786361369780593],[110.093339177062433,-7.785812256329734],[110.093867100687191,-7.785789454019266],[110.094179282349046,-7.785670469215972],[110.094731252046699,-7.785623786307895],[110.094804776120554,-7.784906030188324],[110.095069738878408,-7.784427986561525],[110.095310037729121,-7.784260987853486],[110.095862826709151,-7.783831418584271],[110.096343222962389,-7.783593137812261],[110.096895138700745,-7.783570383165852],[110.097615423713876,-7.783356540571106],[110.098311917162277,-7.783046927372993],[110.098793638116945,-7.782186454240673],[110.099394812421679,-7.781386325617632],[110.099575471831599,-7.780947247816414],[110.099813166245667,-7.780369552112347],[110.100305553159785,-7.779472220265973],[110.100514856876202,-7.77816293956721],[110.100721768395942,-7.777263782097066],[110.10079088489249,-7.77656010936073],[110.100846682429506,-7.77636444925912],[110.101066379610756,-7.775694350013453],[110.101694448141302,-7.775083334427563],[110.102484124843556,-7.775464682947984],[110.103511520241511,-7.776410975685167],[110.103838468771357,-7.776902356257949],[110.104984621444146,-7.777763479600083],[110.105762302089602,-7.778378481880623],[110.106015551177791,-7.778659709777003],[110.106080803287512,-7.778732170852209],[110.106181840320744,-7.778823250591756],[110.106389448815037,-7.778759023709199],[110.106551121737937,-7.778709008812882],[110.107127582672831,-7.778423055878534],[110.107744067935414,-7.778199865730414],[110.108345344762881,-7.777982181231891],[110.109114510627194,-7.777806361073885],[110.109805346440623,-7.778058310641711],[110.110199306154129,-7.778190201615701],[110.110357888107103,-7.778120303608318],[110.110655771447739,-7.777978465233161],[110.111315682273982,-7.778456915353559],[110.110679939828401,-7.777957264615281],[110.110754162675505,-7.777888608571629],[110.110900363661926,-7.777774927969745],[110.111347065016105,-7.777427588211822],[110.111378534093092,-7.777344048388329],[110.111994763048926,-7.774775739308097],[110.112092829621417,-7.774367016323936],[110.112004673577871,-7.773396984182682],[110.11213661221592,-7.772942296848726],[110.112245054266907,-7.77239222741855],[110.112421467078093,-7.772240694351751],[110.11282781225475,-7.771891660271081],[110.113436110089481,-7.771893298835892],[110.113884480585341,-7.771473425157637],[110.114125271365253,-7.771067107859949],[110.114486377045694,-7.770493526554219],[110.114487726928076,-7.769849247743764],[110.114477045680133,-7.769606589071998],[110.114279487109684,-7.76915521214255],[110.114058356409089,-7.768649981110912],[110.113988951230169,-7.768335370380214],[110.113725609050675,-7.767141661557616],[110.113667638751565,-7.766199886115032],[110.113632796317518,-7.765633842926718],[110.113753613939195,-7.765227274718143],[110.114110983835872,-7.764512525931536],[110.114681865376838,-7.76390015596661],[110.115702919655064,-7.762579827995864],[110.116575149624509,-7.761449989024982],[110.11690551467882,-7.761022050226643],[110.118027779559441,-7.758361114572949],[110.118889127732132,-7.757741121055062],[110.120076483743787,-7.756081925839396],[110.121474966397614,-7.753876700048863],[110.122507774815006,-7.752043613721014],[110.123529294942045,-7.751713709119599],[110.124309500883783,-7.751101948895041],[110.12506746839,-7.75050769487342],[110.125403727600997,-7.750244061313595],[110.125707226308521,-7.75000611508932],[110.126608685143765,-7.7494710265658],[110.127078380364026,-7.74930479497948],[110.127757429662722,-7.749064470048438],[110.128455127303312,-7.748697876704853],[110.129133100113506,-7.748488502841326],[110.129729723848698,-7.748395279118029],[110.12952325839268,-7.747549357016396],[110.129642333128231,-7.747454947986682],[110.129743182203129,-7.747326255901157],[110.130006924580925,-7.746683316181304],[110.130083682616885,-7.746136128178989],[110.130181518063637,-7.745226962153765],[110.13013510405284,-7.744461085110174],[110.130091905118377,-7.744184524695243],[110.130064060309167,-7.744006258381319],[110.1300113078766,-7.74388455672613],[110.12990041517304,-7.743628728382305],[110.129825268722243,-7.743455364272847],[110.129876684762223,-7.743219305725574],[110.129922120310653,-7.74302480934665],[110.129990117151237,-7.742902090558232],[110.13018701382066,-7.742546736042243],[110.130308201962976,-7.741948714760554],[110.130402661354765,-7.741482581754951],[110.130382139724986,-7.740991638252694],[110.130444047256049,-7.740807644156632],[110.130478695436466,-7.74070466818506],[110.131110255135241,-7.740778498927796],[110.13160606936566,-7.740826618952497],[110.131878716830386,-7.740759748962432],[110.132013990154576,-7.740680637400715],[110.132254537218159,-7.740492906621512],[110.132252049693363,-7.740167120915089],[110.132016185399664,-7.739726640171511],[110.131991624914576,-7.739569054667356],[110.131921490385537,-7.739104249061029],[110.131996304986558,-7.73771641977612],[110.132187303002695,-7.73636085277036],[110.13221431144234,-7.736151961842779],[110.132189606166435,-7.73594059058496],[110.132050247222196,-7.734749505984098],[110.129492528558387,-7.733805857253685],[110.126064466702815,-7.731466682840335],[110.125432797286805,-7.731021886250232],[110.12408333487906,-7.729166667606819],[110.124589906799827,-7.726468354330279],[110.126680781094194,-7.717685282948651],[110.126829081997585,-7.717330254886576],[110.12728972104486,-7.716227498999103],[110.129162339771199,-7.715591135121997],[110.129454220137177,-7.715436184631415],[110.129848296762532,-7.715226980739772],[110.131767503068829,-7.714208133397847],[110.132612901765071,-7.713750376677751],[110.132976045309306,-7.713533263248678],[110.13329673096041,-7.713341532285085],[110.133389651612163,-7.713285975766382],[110.133605024853068,-7.712418883623798],[110.133731932683588,-7.711903284308335],[110.133726882090969,-7.711319509187206],[110.133706035805972,-7.711181846364298],[110.133653235709289,-7.710915695602068],[110.13356700601355,-7.710481031673453],[110.13353958298643,-7.710342797781095],[110.133495608836313,-7.709962361173211],[110.133547477235311,-7.709850446839823],[110.133643651634259,-7.709659542353165],[110.133709168144662,-7.709529495888717],[110.133904364196098,-7.709345872313349],[110.134058763402265,-7.709201478064983],[110.134147563360386,-7.709075025291384],[110.134279422858128,-7.708663706863774],[110.134335052221957,-7.708477808902956],[110.134380970706275,-7.708239957107537],[110.134432035111388,-7.707975458399858],[110.134408578993771,-7.707712171978358],[110.134504927861201,-7.707520921252694],[110.134769449951193,-7.707210355672544],[110.134865993072196,-7.706923381108368],[110.135010467360246,-7.706660433731201],[110.135226426959093,-7.706636940741419],[110.135610897026311,-7.706326617078901],[110.135803546197735,-7.7059680438893],[110.135611965420935,-7.705800141362602],[110.135393233212199,-7.705581065612876],[110.135273732198016,-7.705461376640415],[110.135133135786646,-7.705320560794462],[110.135325541241798,-7.705081642403059],[110.135254057729639,-7.704842188915109],[110.134798686011607,-7.704625892070453],[110.134703357874685,-7.704314599838085],[110.134632117179535,-7.70395549514916],[110.13412784392591,-7.704193783115784],[110.133868688989878,-7.704085451681465],[110.13362434858584,-7.704049181123992],[110.133480605446607,-7.703953166804411],[110.133336713919277,-7.703928945363714],[110.133049468659124,-7.703617264624256],[110.132761639738931,-7.703592751803228],[110.132425440782526,-7.703759585036039],[110.132161649841294,-7.703711190718082],[110.132120872781115,-7.703629424357644],[110.131981135222247,-7.703349213594549],[110.131989214731504,-7.70286715899141],[110.131995768990578,-7.702705762160406],[110.131780492876487,-7.702394226211766],[110.131460348617225,-7.701958966931954],[110.130966255689202,-7.701698584421308],[110.130926333884247,-7.701558122008919],[110.130895665203809,-7.70110312261022],[110.13101672294448,-7.700478219693252],[110.131161048844376,-7.700287065195084],[110.131521527697373,-7.699976695667146],[110.131114095240321,-7.699784424211032],[110.131354234011724,-7.699665257744641],[110.131642499103123,-7.699474394626804],[110.131787021055231,-7.699187519887346],[110.132050906425263,-7.69918805408463],[110.13231365685084,-7.699038125408379],[110.132498151869243,-7.698825307141419],[110.132619911081065,-7.698718716794531],[110.133333328871061,-7.69858333195441],[110.13362080435769,-7.698330733975411],[110.133706251643218,-7.698255652275748],[110.133914930330832,-7.698036179924941],[110.134453359835732,-7.697469895718314],[110.134717874731166,-7.697159330138163],[110.135006427605617,-7.696824881262444],[110.135150055631584,-7.696767905613569],[110.135366561118929,-7.696682023056098],[110.13570284910827,-7.696467324306752],[110.136159278428977,-7.696157143636469],[110.136663395200571,-7.695990643152868],[110.137503363790245,-7.695824817160769],[110.137527837041091,-7.695585558825655],[110.13764841184576,-7.695274700965854],[110.137766750036519,-7.695168886733939],[110.137888741273457,-7.695059807063615],[110.13822478644579,-7.694964758615924],[110.138321033689806,-7.694821368010935],[110.13857086805217,-7.694777216694376],[110.138524447746136,-7.694597224581457],[110.138202970691566,-7.693887828559639],[110.137916935918895,-7.692977883721539],[110.1375589337988,-7.692067795891262],[110.137272513216942,-7.691349296032399],[110.137115562634165,-7.691100976128325],[110.136818171222671,-7.690630458028409],[110.136291764754162,-7.689959337152857],[110.136196292725799,-7.689719836900167],[110.136342534181665,-7.689237909101394],[110.136510037409323,-7.688787167992587],[110.136390769319576,-7.688451897136531],[110.136086173439196,-7.688098853878216],[110.135696588927487,-7.687708644337647],[110.135457621073385,-7.687253478564401],[110.135098270869548,-7.68701344681233],[110.134642868574588,-7.686821083625318],[110.133804665354091,-7.686125401365359],[110.132822820617719,-7.685285841967243],[110.132463961443705,-7.684806503316679],[110.13224317158614,-7.684312486831004],[110.1321535145741,-7.684111883156106],[110.131602699605935,-7.683656084260065],[110.130787715981342,-7.683343336025359],[110.130260161078638,-7.683246543792166],[110.129612172564748,-7.683388817439152],[110.12915687728912,-7.683148586936909],[110.128893635833663,-7.682836953861511],[110.128462034995948,-7.68274035498257],[110.127598494276128,-7.682714672143618],[110.127143100974365,-7.682522300862672],[110.126896922356138,-7.682477511027514],[110.126153648872844,-7.682342279072145],[110.125305555807813,-7.681888884963257],[110.125290522740499,-7.680882144294742],[110.125291174748952,-7.680168883886097],[110.126405468038968,-7.679577319736723],[110.126609814692245,-7.679336241173814],[110.126790209701483,-7.6791234184102],[110.126935264052236,-7.67857330581262],[110.126864374092634,-7.678046685305503],[110.12693780373769,-7.677328912098801],[110.126762936861098,-7.677217401561052],[110.126674275398557,-7.677160862083326],[110.126242485703187,-7.677159984344996],[110.1258580372197,-7.677470300812899],[110.125690509710296,-7.677278515890009],[110.12554760833649,-7.676775679753007],[110.125308066714979,-7.676607677401591],[110.12495434177049,-7.676469311308892],[110.124354538032549,-7.67651595104951],[110.123778917064442,-7.676466916414256],[110.123203544309149,-7.676298228779444],[110.123074720922659,-7.676072259726197],[110.122821104911111,-7.675627389391707],[110.12231799178295,-7.67531526168915],[110.121958905080476,-7.674955568843643],[110.121551792782043,-7.67461970803231],[110.121504408402757,-7.674332442087746],[110.121439900032385,-7.674072769142185],[110.121377793751208,-7.673910511659983],[110.121265951363625,-7.673637964020031],[110.12123838624359,-7.673540963144148],[110.121175514639333,-7.673319727222804],[110.121145575309072,-7.672820482078805],[110.120814012357812,-7.672589788886853],[110.120579852279377,-7.672436366344414],[110.12039056387448,-7.672320351102542],[110.120153445925837,-7.672176985678561],[110.120018656436912,-7.672095490913364],[110.119196472839974,-7.671598390652377],[110.118580049630623,-7.67126271600074],[110.118309124367613,-7.671115183118388],[110.117311507321233,-7.670870073794049],[110.117430249307631,-7.670093289772694],[110.117946539302409,-7.669211242803783],[110.118066754378276,-7.66875997469225],[110.118106413581188,-7.6685966047487],[110.117979807922836,-7.668255659170541],[110.118206962282557,-7.668055851395593],[110.11831559768774,-7.668018862279894],[110.118639037062962,-7.667913150570655],[110.118805428728592,-7.667883321857005],[110.118902999774662,-7.66786583004324],[110.119096611220698,-7.66774228567715],[110.119206625286552,-7.667716588448968],[110.119454869647541,-7.667840455671694],[110.119971076904733,-7.668128441973238],[110.120215195176172,-7.668354935331195],[110.120398332218315,-7.668490823791672],[110.120604320134305,-7.668491306727617],[110.120837083565618,-7.66831208263568],[110.121036369733702,-7.668092088678122],[110.121140935706649,-7.66791688455578],[110.121229333667884,-7.667723925118253],[110.121400584370519,-7.667518436325963],[110.121649534699316,-7.667585800943129],[110.121985235431339,-7.667726454911133],[110.122058228005869,-7.667427298130519],[110.122047062922661,-7.667058611165146],[110.122136334125571,-7.666805816234614],[110.122215957401579,-7.666580340909206],[110.122241940614117,-7.665942651431408],[110.122270428438583,-7.665329174401052],[110.122276242555586,-7.665203931215672],[110.122301063844077,-7.664797159760326],[110.122396668972158,-7.664702169768532],[110.122589504303221,-7.664510579099158],[110.122639827666944,-7.664435601720811],[110.122825912686778,-7.663964168111079],[110.122854835783073,-7.663793197097561],[110.122978030312879,-7.663646326116236],[110.123081277879692,-7.663528110233301],[110.123383442892646,-7.663363519909694],[110.12375795116958,-7.663375086090525],[110.123928736023402,-7.663243231988758],[110.124009834187518,-7.663092938187731],[110.124116305823918,-7.66279450086472],[110.124530154943727,-7.66256488416127],[110.124783637855671,-7.662424241884423],[110.124891299295086,-7.662364508014832],[110.125112089152651,-7.662307203214027],[110.125282782275633,-7.662264166157513],[110.125540510886935,-7.661975310211574],[110.125815168336374,-7.661813210110779],[110.126089824886549,-7.661623422582068],[110.126456051306775,-7.661212391937511],[110.126654421965043,-7.661071713687818],[110.126859215581362,-7.660953065230956],[110.126958580774954,-7.66077139768106],[110.127107355621035,-7.660499394130909],[110.127611772766159,-7.660165384124355],[110.127626510855862,-7.659923777659401],[110.127636586860035,-7.659758611769689],[110.127637105768883,-7.659503435434374],[110.127637365672911,-7.65937572091201],[110.127829994159924,-7.659017147722409],[110.128262398092261,-7.658706923884608],[110.128958612750807,-7.658421161606498],[110.129510756916943,-7.658206900826997],[110.130063482944422,-7.65770547122969],[110.130232024889096,-7.657394712295343],[110.130232656213138,-7.657083611618589],[110.130282133314836,-7.65634185798956],[110.130426833332763,-7.655959256713516],[110.130476359897159,-7.655193571225539],[110.130645336214343,-7.65466743455363],[110.130831111867337,-7.654298594703562],[110.131077974869697,-7.654237553219673],[110.131527748307974,-7.654238458837028],[110.132445236659407,-7.654240306044471],[110.133045250838677,-7.654073997116484],[110.133956953851396,-7.653980106995562],[110.134243175683082,-7.653969261171653],[110.134556678448973,-7.653957379328801],[110.135036128615468,-7.654101927361239],[110.135683876111045,-7.65405536406297],[110.136427378921439,-7.654104715259621],[110.136548278381383,-7.653626340682251],[110.136742147033488,-7.652645565239823],[110.136911019029355,-7.652167286889949],[110.136977988844137,-7.652034326622072],[110.137121672628155,-7.651705821365738],[110.137252763205481,-7.6513699218836],[110.137448839693263,-7.651142626330341],[110.137611985705632,-7.651077896726747],[110.137694153163693,-7.651030968303758],[110.137839110387688,-7.650939401131666],[110.138014581608672,-7.650904603663719],[110.138174821012228,-7.650885985898753],[110.138327394594626,-7.65079255623067],[110.138449479361043,-7.650677630067776],[110.138546107917591,-7.650542828887637],[110.138657525825181,-7.650373100737227],[110.138869082343319,-7.650164789872349],[110.139166624840925,-7.649825997271137],[110.139372636139285,-7.649599021876554],[110.139487054185224,-7.649494614184277],[110.139563340976451,-7.649372531216557],[110.140105037718342,-7.649029203334237],[110.140364439068662,-7.648746928627077],[110.140453227335627,-7.648614462986245],[110.140349877246081,-7.647818739242609],[110.140543111876184,-7.647149059980336],[110.140880218248526,-7.646503597662104],[110.141025143096897,-7.646001338889846],[110.141122095409401,-7.645498982990887],[110.141419935582633,-7.644907640974054],[110.141771119942291,-7.644806279285547],[110.142251233808452,-7.644615785789085],[110.142802734059956,-7.644712605901248],[110.143330199929835,-7.644833306611019],[110.143641358163222,-7.645168956081648],[110.143879985174237,-7.645791632277223],[110.144023380275826,-7.646055157019077],[110.144141644722197,-7.646892971732427],[110.144306358252891,-7.648496667986024],[110.144327120001606,-7.648591935868353],[110.14431989035171,-7.648900825112207],[110.144430910758956,-7.649413998056787],[110.144499570399887,-7.649633586420066],[110.144576778996225,-7.649747571892135],[110.144686402756349,-7.649824605120614],[110.144855671353184,-7.649694300550721],[110.145047565993423,-7.649694681863252],[110.14540506809044,-7.649851566795576],[110.145671225147964,-7.649695916632425],[110.145935079941012,-7.649696440037872],[110.146126642731417,-7.649864336269275],[110.146414343048548,-7.649936698419083],[110.146531902426375,-7.649878345908121],[110.146701619784949,-7.64976147271301],[110.146999150591398,-7.64948969399336],[110.147327222374486,-7.649116793704252],[110.14763241810266,-7.648621859910122],[110.147777351044965,-7.648234646011304],[110.148029159419195,-7.647746843840991],[110.148669993826218,-7.647089300929679],[110.148821976554018,-7.646978596184454],[110.149563122241318,-7.64666438115546],[110.150091114214604,-7.646521835913177],[110.150200493359137,-7.646504200207858],[110.151410809062611,-7.64630905361912],[110.152394218619349,-7.646334919020489],[110.152748243038047,-7.646394499106066],[110.154120698412555,-7.646625475584415],[110.155103967675018,-7.646723126670167],[110.15558324337303,-7.646913297309993],[110.155971851221011,-7.64706749057143],[110.156597201101022,-7.646903125977701],[110.156781627770954,-7.64661588161681],[110.156841047777164,-7.64637875557429],[110.156916693351775,-7.646247756727803],[110.157275964415248,-7.646138965739851],[110.157810022315743,-7.645972537201999],[110.15874843609248,-7.645800401566476],[110.159274853352827,-7.64578420207846],[110.159557151442414,-7.645794671086378],[110.159923351782311,-7.645834736782888],[110.16028168125564,-7.64590905585743],[110.160388764430991,-7.645922944987092],[110.160487948860805,-7.645986367875764],[110.160610008446156,-7.646159955017083],[110.160678677979661,-7.646281046032641],[110.161121166909368,-7.647007260276041],[110.161136449088929,-7.647177026197994],[110.161212735880099,-7.64731197216895],[110.161327153926038,-7.647496028318244],[110.161357693104094,-7.647677714753911],[110.161395824358863,-7.647810266729607],[110.161578946112513,-7.648168837221249],[110.161662864550578,-7.64810876610585],[110.162040515958097,-7.647778555734931],[110.162250309805017,-7.647885128994687],[110.16243344774648,-7.648008155351306],[110.162521184705952,-7.647983843079089],[110.162517351795373,-7.647791674145651],[110.162471579900512,-7.647648626182331],[110.162334263316666,-7.647315308653788],[110.162399563090389,-7.647207757830927],[110.162666662637434,-7.646583336051322],[110.162973555386316,-7.647045786333194],[110.163145354675407,-7.647304668774666],[110.163360537260019,-7.64766405135407],[110.163586768015989,-7.647767173015836],[110.16393524361763,-7.648167716665967],[110.164294442735411,-7.64847951521665],[110.164645676557768,-7.648463510881527],[110.164798215066639,-7.64845656002143],[110.165037759386109,-7.648624539889795],[110.165516938856683,-7.648912638606589],[110.16578074958295,-7.648937081280451],[110.165997236184523,-7.648626396090492],[110.166165284401416,-7.648554927866826],[110.166489006163772,-7.648601703405063],[110.167029233413416,-7.648341216573101],[110.167365698569199,-7.648006832448573],[110.167790176776293,-7.64800765083163],[110.168037332957624,-7.648008126572961],[110.168666631760686,-7.648176849281356],[110.168756570260541,-7.648200961904081],[110.1690755525957,-7.648041496816802],[110.169415448665063,-7.648028264192249],[110.169715863597276,-7.64829853384947],[110.169979766054382,-7.64827511010742],[110.170531837375449,-7.648084722730971],[110.170699652667906,-7.648132908406183],[110.170962955277218,-7.648420587139583],[110.171394719791522,-7.648421416314534],[110.172018473374919,-7.648374751392851],[110.172762300840532,-7.648256522919382],[110.173125030696667,-7.648257218095353],[110.173601844050893,-7.648258131806529],[110.173674173825134,-7.648066821725649],[110.173873413228478,-7.647850095904403],[110.174154464857736,-7.647780568417716],[110.174441987109049,-7.647948634621002],[110.174777480997022,-7.648116796152408],[110.175041064194829,-7.648260886429966],[110.175425223096624,-7.648070171700283],[110.175785120088278,-7.648022995963686],[110.176120936832831,-7.648023638079621],[110.176145612431128,-7.647664719550335],[110.176361954241827,-7.647425821843399],[110.17652653287422,-7.647443423374511],[110.176817614642232,-7.647474553407108],[110.177129168577324,-7.647618735415506],[110.177368398134092,-7.647954224806824],[110.177800621302652,-7.647715738090028],[110.178352322103024,-7.647716787598881],[110.17883210681731,-7.647693771249749],[110.179240343268248,-7.647455235969574],[110.179484750222116,-7.647168178667698],[110.180104696075887,-7.647026119958639],[110.18096827186929,-7.647003829362404],[110.181351606992109,-7.64724386830909],[110.181736173286822,-7.646837767747968],[110.182311815838659,-7.646862788685951],[110.183175483362902,-7.646792631673804],[110.183967461430257,-7.646578751307516],[110.184975276788634,-7.646389205696494],[110.185431708807357,-7.646031101053666],[110.185890512338347,-7.645749199565103],[110.18603164474564,-7.645772940767813],[110.18658339770667,-7.645865755299553],[110.18672994403272,-7.646036337805924],[110.186846485378055,-7.646273080737274],[110.18708617179044,-7.646369256035541],[110.187374151796689,-7.646298006347138],[110.187614474029772,-7.646059146411687],[110.188142096381682,-7.646108001182483],[110.188238768105691,-7.64572528479323],[110.188406946724285,-7.645582013798105],[110.188838757104008,-7.645558894926239],[110.189462687853791,-7.645416480085657],[110.189893955942352,-7.645680531830294],[110.190086437839852,-7.645369788184382],[110.190398537663441,-7.645226786985802],[110.190603952711285,-7.645112018204259],[110.190782735236098,-7.645012126907318],[110.191166570381938,-7.644988916304612],[110.191694327632149,-7.644965971901286],[110.191808509156431,-7.645014889624633],[110.192245486141303,-7.645254179436051],[110.192796554718257,-7.645590246192114],[110.19329576119145,-7.646041157272805],[110.194017825063611,-7.646693360909069],[110.194832037069887,-7.647412817646625],[110.196197285277549,-7.648492265804634],[110.19797045517339,-7.649500677413528],[110.19922959417147,-7.650064735798139],[110.200564585588211,-7.650662775066223],[110.202290736229543,-7.651168526805236],[110.203201808817482,-7.651409522630559],[110.203993347116295,-7.651434915887876],[110.204410374440272,-7.651515723570981],[110.204616796728828,-7.651555721818283],[110.205239625809156,-7.652011563881786],[110.20534032829454,-7.651931495441374],[110.206343972597324,-7.651511041700417],[110.207904255877736,-7.650915629352028],[110.209075987967537,-7.650240822155411],[110.209561145231703,-7.64996141808416],[110.211386288747292,-7.64881605681478],[110.212053969715953,-7.64842163484974],[110.212274782056568,-7.648291191784267],[110.212866636686954,-7.648117184659554],[110.213330702151211,-7.648029873978714],[110.213931499640069,-7.648088613198126],[110.214577818112843,-7.648151802263044],[110.215095260139208,-7.648204075357],[110.215816314972017,-7.648276914147459],[110.216922574618195,-7.648388663904939],[110.218409653084052,-7.648538876766963],[110.21857151306591,-7.648555227341092],[110.221944441084133,-7.648638893069631],[110.225116590958976,-7.649472854188048],[110.227802489993962,-7.650090041821159],[110.228072873865074,-7.650152174182665],[110.228222951828798,-7.65018665958587],[110.228488839989041,-7.650231357690188],[110.229661768177095,-7.650428543941359],[110.230285269950286,-7.650525382939293],[110.230681658732635,-7.650526090705739],[110.230980905445449,-7.650526624003703],[110.231556560587819,-7.650551581089815],[110.232115303079809,-7.650570560382278],[110.232300129048781,-7.650576836750815],[110.232546626026988,-7.650659297387847],[110.232726868151474,-7.650623666248407],[110.232840030743887,-7.6505827803702],[110.23310851704548,-7.650637135394675],[110.233341211228947,-7.650699589713497],[110.23344422767002,-7.650787314981812],[110.233634934305826,-7.650906545300018],[110.233894344649343,-7.651040040664554],[110.234100345155866,-7.651157821275604],[110.234313972812629,-7.651366202287591],[110.234451289396532,-7.651474913235859],[110.23461914515849,-7.65150830506343],[110.234764102382485,-7.651573156075472],[110.234863286812299,-7.651662813986889],[110.235008244935614,-7.651907416093593],[110.235084530827464,-7.651954131377238],[110.23545075814701,-7.652041879128603],[110.23574067169568,-7.652084798373949],[110.235832217284042,-7.652100056271763],[110.236122130832712,-7.652167783315747],[110.236312885132577,-7.652266484809616],[110.236480715713526,-7.652317504248629],[110.236961361079011,-7.652458641152577],[110.237052930049742,-7.652504413047438],[110.237197887273737,-7.652626496015159],[110.237319945959769,-7.652749040335152],[110.237770099811314,-7.653190584976699],[110.23787690239817,-7.653213942168918],[110.238273616735057,-7.653256885695896],[110.23838042112061,-7.653329352167077],[110.238578789980238,-7.653467637320773],[110.238754262100542,-7.653504342250812],[110.238830574972098,-7.653557729604756],[110.238868728709917,-7.653690789697407],[110.238937374860996,-7.653793058801796],[110.239265444845444,-7.653724641977817],[110.23941804360885,-7.653740866646899],[110.239616414267175,-7.653807143084407],[110.239799502745882,-7.65393111193049],[110.240371716182779,-7.65429828084018],[110.240501417307598,-7.65429685631409],[110.240631092352089,-7.654249656295804],[110.240730276781903,-7.654140920166526],[110.24075317531981,-7.654048891642219],[110.240715044065098,-7.653951618271776],[110.240631092352089,-7.653758494258284],[110.240661629731449,-7.653653118895534],[110.240791330856268,-7.653487657128892],[110.240951545078815,-7.653377493775508],[110.241065988305763,-7.653356506296916],[110.241165172735577,-7.653405638958247],[110.2413024902188,-7.653538674769209],[110.241401674648614,-7.653591605267593],[110.241516116976243,-7.653587301112225],[110.241683949355831,-7.653517204354671],[110.242034916978866,-7.653316947818098],[110.242240929176603,-7.653214884658382],[110.24230193288895,-7.653116666999779],[110.24230193288895,-7.65299127092959],[110.242317215967773,-7.652818192804546],[110.24242782538488,-7.652715670990631],[110.24250792080494,-7.652801485199575],[110.242538459982995,-7.652967429902162],[110.242599488876351,-7.653095219967611],[110.242675774768259,-7.653147181896145],[110.242797860433939,-7.653152913275505],[110.242958074656485,-7.653074716324284],[110.243026745089253,-7.652980777639982],[110.243042002087748,-7.652862055438675],[110.243072516984114,-7.652699905875124],[110.24317931867165,-7.652554489097611],[110.243362432331423,-7.652422878712059],[110.243892680703709,-7.652094338382199],[110.244018573199639,-7.651967503396747],[110.244247433573264,-7.65169760875682],[110.244403852656717,-7.651518787561201],[110.244461061230027,-7.651440119365191],[110.244560245659841,-7.651316148720468],[110.244682306144568,-7.651252241996588],[110.245063801254446,-7.651119931039204],[110.245086687201876,-7.651002368963361],[110.245048530766155,-7.650618032895125],[110.245101919918739,-7.650464032088621],[110.245216387427377,-7.650118335392051],[110.245460505698816,-7.649563748667276],[110.245605393675021,-7.649479731303757],[110.245716673087031,-7.649212801728595],[110.246069113799592,-7.649063554738461],[110.246315018124619,-7.648721665771461],[110.246566776136831,-7.648345454178582],[110.246566776136831,-7.648243416199875],[110.24644471565216,-7.648017384194134],[110.246421818013516,-7.647908672346546],[110.246444391896205,-7.647767771064991],[110.246547711408823,-7.647733899898753],[110.246658319926553,-7.647832383756679],[110.24673460581846,-7.64793393879944],[110.246898654750169,-7.647917726720891],[110.246994032349733,-7.647772298252164],[110.247024547246099,-7.647623496426434],[110.24707031824164,-7.647398456372855],[110.247131348034316,-7.646851511187492],[110.24720506905976,-7.646610313914039],[110.24727630525831,-7.646505329756337],[110.247367875128361,-7.646447151713858],[110.247459393737074,-7.646461926675784],[110.247528064169899,-7.64652629385256],[110.247634890139125,-7.646774281007481],[110.247734074568939,-7.64693256078823],[110.247818002899578,-7.646969748654158],[110.247901906948471,-7.64693256078823],[110.248062147251346,-7.646800951302055],[110.248184205038058,-7.646737067960487],[110.248313906162878,-7.646766616085642],[110.248527532920377,-7.646803346196691],[110.248641976147326,-7.646623822630488],[110.248794574011413,-7.646370865822007],[110.248931889695996,-7.646337016239499],[110.24903107502513,-7.646277386691224],[110.249153132811898,-7.646132915101134],[110.249343880816468,-7.645942176089761],[110.249572749283971,-7.645943612307065],[110.249664318254702,-7.646001302917],[110.249740605045929,-7.646057594181798],[110.249893202910016,-7.646172012227794],[110.250011453866534,-7.646201355307483],[110.250137344563825,-7.646177742707835],[110.250266489907631,-7.646066159325017],[110.250273964173175,-7.645831197950599],[110.250166684945611,-7.645357036697078],[110.250155068402705,-7.645234533745906],[110.250155615190522,-7.644921595754226],[110.250612122752329,-7.64449162089079],[110.251044434953769,-7.644181262154746],[110.251150760000598,-7.644075553143466],[110.251288251052983,-7.643900839151627],[110.251298258708744,-7.643783000084568],[110.251334443830558,-7.643356946265271],[110.251444001940172,-7.642786744611783],[110.251646824242584,-7.642626758817073],[110.251755351729173,-7.642473508944477],[110.251863248790926,-7.642390071643661],[110.251977211779945,-7.642371572589184],[110.252182006295584,-7.642334909927342],[110.252495377760511,-7.642381918390015],[110.253034399918647,-7.642055879074746],[110.253805552385359,-7.641638891320952],[110.25414709421409,-7.641839902388767],[110.25456299288885,-7.642084678064634],[110.255310881692878,-7.642359072912086]]]]}},
{"type":"Feature","properties":{"No":231.0,"Provinsi":"DAERAH ISTIMEWA YOGYAKARTA","Kode_Kab":"3402","Kab_Kota":"BANTUL","Kode_Prov":34.0,"Kabupaten":"BANTUL","Jumlah_Pengabdian":32},"geometry":{"type":"MultiPolygon","coordinates":[[[[110.34886807090578,-7.791893934256848],[110.348819303369226,-7.792396426852804],[110.348770385645821,-7.792994646884665],[110.348722776436034,-7.793230169435958],[110.348697842732292,-7.793353512353917],[110.3483379394454,-7.793329027411858],[110.348001992299146,-7.793328510301706],[110.347522070887919,-7.793327771958332],[110.347377798048001,-7.793519003798167],[110.347281368241624,-7.793806036818353],[110.347376796203207,-7.79416516039305],[110.347880862612783,-7.794070209971437],[110.348024210949632,-7.794477271008418],[110.349536413775525,-7.794192414347663],[110.34953523116701,-7.794958231136661],[110.348887222868086,-7.795029031164063],[110.347544484691241,-7.795167902675757],[110.347587537935567,-7.795652798237256],[110.347637900869472,-7.796008311933235],[110.34742182166076,-7.796079774760983],[110.347277400432745,-7.796366734036724],[110.347084873569088,-7.796725413346337],[110.346964150376266,-7.797203862567414],[110.346819467445528,-7.797658343956584],[110.346745509898426,-7.797870906816115],[110.34701088184778,-7.798017616818754],[110.346913819817985,-7.798711488743379],[110.347273357980157,-7.798975294073784],[110.347031982640942,-7.79988432969725],[110.346766610691589,-7.800793329347869],[110.346718133635989,-7.801104367072071],[110.346740830725821,-7.801942016310193],[110.346820347881817,-7.802041457946132],[110.346818174220402,-7.802153128563248],[110.34676408629457,-7.802420686764492],[110.34669194717668,-7.80251630178509],[110.346451645628008,-7.802731317095777],[110.346283110877891,-7.803090034176932],[110.346282404910085,-7.803544737698701],[110.345969444435354,-7.804190412256901],[110.345680367256193,-7.804907919264281],[110.345294818002515,-7.805936387553459],[110.345054029920618,-7.806462515232113],[110.344645563243205,-7.806796927235609],[110.344511237804454,-7.806873199637664],[110.344261240664764,-7.807034858171392],[110.34426075413154,-7.807346761942711],[110.344347402911353,-7.807542008356222],[110.34457226579849,-7.807634426286938],[110.34483880057121,-7.807830923657377],[110.345027686079902,-7.80797017738098],[110.345099335966609,-7.808167631630113],[110.345206548644342,-7.808463093995783],[110.345218169683847,-7.808927743120023],[110.345193616393317,-7.80928668233372],[110.345241050235302,-7.809645732164029],[110.345504569581294,-7.809933320965172],[110.34559279307399,-7.810029602383452],[110.345745961108264,-7.810196759372161],[110.345815527265813,-7.81057996139532],[110.34564691427471,-7.810986540395731],[110.345622432929986,-7.811297614992156],[110.345718234110279,-7.811417421775786],[110.350276618772,-7.812118475686304],[110.351673801905463,-7.81229703338056],[110.352164292149382,-7.812359715227899],[110.351955093653714,-7.812982597368148],[110.351618393774913,-7.813460717437351],[110.351353722397391,-7.813915015364842],[110.351185186748012,-7.814273733345317],[110.351138646832112,-7.814549586893122],[110.351242433092864,-7.814640141428583],[110.351424383929213,-7.814776668407717],[110.351760310391057,-7.814801114678914],[110.352075173831281,-7.814846464791685],[110.35219159826471,-7.815232550041344],[110.352290258389758,-7.815750369782961],[110.352478534158081,-7.815903080062299],[110.352573861395626,-7.816333999213896],[110.3524294689459,-7.816597026630689],[110.352237047302935,-7.81688391396068],[110.352068731987458,-7.817099040787298],[110.351756580003212,-7.817218220743484],[110.351540418956233,-7.817337549087824],[110.351415827779249,-7.817399435035099],[110.35125222670996,-7.817480696875862],[110.351155719561859,-7.817815593613943],[110.351130945038108,-7.818318123981442],[110.351130096078123,-7.818868554039739],[110.350984629837853,-7.81982560176931],[110.350863162006362,-7.820782687270423],[110.350838203121612,-7.821404876033398],[110.350958446975767,-7.821818378914259],[110.351005298057089,-7.821979495156768],[110.3512688677651,-7.822243151199643],[110.351543984768114,-7.822403761123894],[110.351655217415384,-7.822506127355098],[110.352203561945885,-7.82303433516563],[110.35243986331011,-7.823368105053191],[110.352610639170734,-7.823609322111736],[110.352514316383633,-7.823824561353604],[110.352322222093903,-7.823896061952894],[110.352034245684933,-7.82389561858713],[110.351842116321677,-7.823991051045368],[110.351553659674721,-7.824301721846155],[110.351456967266245,-7.824756277879089],[110.351432301560521,-7.825187011770367],[110.35159644222307,-7.825566789175184],[110.351913330936497,-7.825620661263713],[110.352175537272274,-7.825642858330468],[110.35320719185944,-7.825811964150034],[110.354598817182705,-7.825981615858097],[110.355604404021051,-7.82601550411141],[110.356086619602877,-7.826031753062125],[110.357190382731005,-7.826129164028885],[110.358462241740085,-7.826155032128213],[110.359374202858248,-7.82613248522523],[110.360262241110604,-7.826062036832752],[110.360862228310225,-7.826039014188325],[110.360885788749215,-7.82632623156951],[110.361509591795254,-7.826422903293576],[110.362013624030567,-7.826375803100007],[110.363765301028877,-7.826498108200326],[110.365372955198779,-7.826644120329092],[110.365589010125746,-7.826596580367095],[110.366356877369014,-7.826645597915217],[110.366138471614192,-7.828248704213536],[110.36738616134329,-7.828394168655166],[110.367435854282292,-7.827269445927357],[110.367795825917653,-7.827269984621296],[110.368036024044329,-7.827126754095616],[110.368204082153738,-7.82707914218787],[110.36861208568024,-7.827055820069234],[110.368612913955872,-7.826505390010936],[110.368926221568927,-7.825620378876579],[110.369319124578965,-7.824998737800684],[110.36955842338358,-7.825453801051253],[110.370014099072478,-7.825645935810485],[110.370877488706185,-7.826006202423514],[110.371764416295832,-7.826677617377356],[110.371786620557145,-7.827874243600661],[110.37202642388138,-7.827994259926356],[110.372674160585063,-7.828138816052729],[110.372700234629178,-7.82675080510478],[110.373180735203789,-7.826392542181281],[110.373589093962551,-7.82612989607702],[110.373613414328645,-7.825914547117861],[110.373589879970041,-7.825603396079089],[110.373518779569054,-7.825004992585548],[110.373687265755734,-7.824670196571503],[110.373927640149532,-7.824407304053011],[110.374359461321149,-7.824503670906893],[110.375031298057024,-7.824576462033292],[110.375006302300051,-7.825246518111499],[110.374933772876375,-7.825605388976726],[110.374957129169218,-7.826036198411032],[110.37517264899958,-7.826347631836938],[110.375460235102821,-7.826611308564225],[110.375747855380268,-7.826851053432563],[110.375747250136556,-7.827257895035018],[110.375746644892786,-7.827664734838834],[110.375674009349098,-7.828095403079601],[110.375625514307103,-7.82843037805867],[110.375744900208019,-7.828837395928304],[110.375696618305312,-7.829028779753571],[110.375576056990496,-7.829411512330637],[110.375335505430257,-7.829794065043245],[110.375287079636053,-7.830081176304418],[110.375214336173713,-7.830583639222766],[110.37511762937612,-7.831062134309263],[110.37528699599909,-7.83100611284101],[110.375386122872328,-7.830973325357888],[110.375621844173793,-7.830895356834446],[110.375694623609036,-7.83036896295647],[110.375695192879903,-7.829986054112283],[110.3758397885764,-7.829579425649172],[110.376104340344057,-7.82919690621145],[110.376247759727391,-7.829580029094245],[110.376343220064598,-7.829939149071663],[110.376366506210331,-7.830417821324602],[110.376414182869269,-7.830633278202413],[110.376581638432924,-7.830992505199163],[110.376773553757573,-7.831040653102832],[110.377709704840072,-7.830898443307717],[110.378958223744064,-7.830493441718147],[110.379102673750424,-7.830182539791565],[110.379246948388982,-7.829991297159836],[110.379607134962328,-7.8298482348074],[110.380183237067797,-7.829753355432217],[110.37992091831677,-7.828628169553554],[110.380856779817577,-7.828677407435578],[110.381096302553374,-7.828988874136428],[110.381264151120718,-7.829084847986564],[110.382104091831422,-7.829086079158401],[110.383136053986732,-7.829063657261145],[110.384455855854128,-7.829137381883868],[110.384407227712416,-7.829568086097481],[110.384427909421504,-7.830047960743968],[110.384453642622532,-7.830645089898155],[110.38462050823091,-7.831411154900081],[110.385340427220001,-7.831436138066522],[110.385724297439424,-7.831508493021715],[110.38610725574631,-7.832203077209442],[110.38622665333844,-7.832610094179699],[110.386129957332685,-7.833088591064836],[110.386081084575437,-7.833686819190575],[110.386128521115381,-7.834069799081135],[110.386296510876321,-7.834070043696727],[110.387647119020357,-7.834093388298413],[110.387808389046938,-7.834096175297475],[110.387759483914124,-7.834718334382842],[110.387710506835447,-7.835388356286785],[110.387661914666694,-7.835795127742131],[110.387541641134874,-7.835986409944041],[110.38727737625095,-7.836177480805304],[110.38698928562809,-7.836248857298131],[110.386940867927763,-7.836535970357943],[110.387108369356781,-7.836871260999089],[110.387612692972425,-7.836632677155535],[110.387876645791607,-7.836656991226334],[110.388116387961986,-7.836824863176105],[110.388235752279172,-7.83725581110599],[110.388235192900879,-7.837638721748817],[110.388186568356502,-7.838069425962431],[110.388040720803644,-7.839337605845003],[110.388087564690409,-7.840127428237395],[110.388783535632683,-7.840128439075386],[110.389479436427905,-7.84017731183269],[110.389911451853095,-7.840154005901866],[110.389984043330003,-7.839747268620727],[110.39034670843489,-7.837905032590356],[110.390612157725968,-7.836900275826281],[110.391212231260511,-7.836829347195817],[110.392052085636294,-7.836902355958159],[110.393131892623785,-7.836999640120496],[110.393899750873857,-7.837072540964186],[110.394324348690759,-7.837092397994979],[110.394955629599679,-7.837121921838445],[110.395126969335195,-7.837013538243411],[110.395226249093184,-7.836923159075752],[110.395268201567319,-7.836715528997672],[110.39512503669215,-7.836140953941083],[110.395102352192851,-7.835231507327421],[110.395079734243382,-7.834274196096487],[110.395104561827111,-7.83369986385685],[110.39551274611739,-7.833556858161671],[110.396041095121461,-7.833294363143523],[110.395969753702218,-7.832839552602479],[110.395754285133194,-7.832480265351137],[110.395347067614125,-7.831953178095887],[110.394747968944671,-7.83135401917184],[110.394220867300248,-7.830754962770527],[110.393693971600555,-7.830012314316036],[110.393382547167846,-7.829628954911527],[110.393263039858425,-7.82929373531681],[110.393383378141436,-7.829054589397003],[110.393671704386691,-7.828815683596133],[110.393792180265962,-7.828480809341102],[110.393888656837078,-7.828145900012487],[110.393913277576758,-7.827715159825971],[110.393722156353476,-7.827116586360546],[110.394681741070542,-7.827357285409562],[110.395257630036667,-7.827405972906547],[110.396601431212105,-7.827479693931934],[110.397969229897114,-7.82755344373561],[110.398592979883176,-7.827697926117594],[110.399312756779352,-7.827818610639554],[110.39940803095692,-7.828321319072813],[110.399431446605035,-7.828728196648171],[110.399287216932578,-7.82889551461551],[110.39909464690146,-7.829302083723405],[110.398926040205652,-7.829732619763774],[110.3989013556141,-7.830211224567563],[110.398876089161206,-7.831096672772446],[110.398899162167652,-7.831742868937454],[110.399090910218376,-7.831910666243459],[110.399018432955359,-7.83224560974628],[110.398872794944566,-7.833394139327254],[110.399136609268169,-7.83351417543804],[110.399760573292895,-7.833515063968207],[110.400192890890253,-7.833276358716205],[110.400409767797612,-7.832654436152495],[110.400626713952761,-7.83198464807225],[110.400794635365173,-7.83203275100982],[110.400698129116392,-7.832391593996078],[110.400697717226933,-7.83267877810232],[110.400937087977297,-7.83310989420545],[110.401080531642265,-7.833493009893687],[110.401776663563226,-7.833374338054455],[110.402015866140346,-7.833925112553118],[110.40215971989619,-7.834021045933696],[110.403023673404846,-7.834022269911031],[110.40391162442296,-7.834023527163254],[110.404943397720672,-7.83414464515846],[110.405783148674402,-7.834289419820038],[110.406526837644492,-7.834481925099965],[110.406720317789507,-7.833429188605351],[110.406736909381891,-7.833330772196575],[110.40679292365553,-7.832998514069345],[110.406601511051917,-7.83259140087165],[110.406554292147916,-7.832040897968284],[110.406706168755704,-7.831624885079577],[110.406650608639723,-7.831513683908554],[110.406555309281146,-7.831322936803303],[110.406484058693422,-7.830796333383262],[110.406340203138882,-7.830700401801323],[110.405740579265341,-7.830460237848911],[110.40514068469588,-7.830411528768252],[110.404973883838693,-7.829573671786704],[110.405000190807186,-7.827946333255852],[110.405027310762819,-7.825744623814558],[110.404979654788292,-7.825505235977062],[110.404667678171847,-7.825504798007216],[110.404163815908419,-7.825432289267951],[110.40426045525686,-7.824977717047204],[110.40481241416262,-7.82497849586008],[110.404765299579935,-7.824356198279133],[110.404645715828167,-7.824068843301689],[110.404670088354919,-7.823805627027241],[110.404791334953188,-7.822920311922076],[110.404791978867763,-7.822465603903709],[110.403999975619399,-7.822512350663658],[110.403977336985577,-7.821555039432724],[110.403930190926644,-7.820956671012766],[110.403762204762984,-7.820956433591732],[110.403282313928685,-7.820907890885678],[110.402394698357682,-7.820691247802017],[110.401099082857456,-7.820497957413977],[110.401508923698941,-7.819182278038909],[110.401918453374947,-7.818081982696526],[110.402063564383013,-7.817292432798752],[110.402137396924388,-7.816000207742604],[110.402289176405418,-7.810519988305998],[110.402294619102463,-7.806690871086005],[110.402394006779048,-7.804297808396313],[110.402444921896688,-7.802239724283027],[110.401413127015246,-7.802190401864777],[110.400381261087375,-7.802188939567088],[110.399670025052671,-7.802173455939453],[110.3992054487735,-7.802163341264361],[110.398509506609514,-7.802186284768425],[110.397929469070789,-7.802058879612787],[110.397777876648718,-7.801993787582433],[110.39807804156942,-7.801850622707263],[110.398486227658339,-7.801683678857898],[110.398630824254155,-7.801253107743946],[110.398631473564706,-7.800798399725579],[110.398656325430125,-7.800200134727618],[110.398513165950874,-7.799625563268307],[110.398273438169667,-7.799457699412471],[110.397962268245124,-7.798906818793853],[110.397675370123295,-7.798164519276327],[110.397244388918466,-7.797493809390971],[110.396622535602603,-7.796057001228803],[110.396383840243061,-7.795171176207987],[110.396192520269665,-7.794716195695059],[110.395953070378937,-7.794356874269511],[110.396001508763675,-7.794045826652791],[110.395978200134891,-7.793567152601213],[110.395978747822028,-7.793184241059066],[110.395883241619345,-7.792849058336571],[110.395955679312181,-7.792538043994739],[110.396071174745941,-7.79230849024384],[110.39624442104423,-7.791988018631343],[110.396388775722471,-7.79172497232878],[110.396293065373698,-7.791533378961446],[110.396077443020602,-7.791293752803654],[110.396101678850471,-7.791126263065792],[110.396461930175008,-7.790911387150004],[110.396870172921183,-7.790696581381326],[110.397302514800288,-7.790410010612675],[110.39751916507845,-7.789931679202823],[110.397448032301895,-7.789333276608602],[110.397239209722784,-7.788364483733119],[110.397188690306848,-7.788059496647634],[110.397144047061147,-7.787789980622279],[110.39724109110449,-7.78704822609393],[110.397074076208696,-7.786377891225868],[110.397793988902492,-7.786354981896068],[110.398130000799938,-7.786307594818823],[110.398226393734149,-7.786020548308841],[110.398418668787599,-7.78580543227406],[110.398563019868504,-7.785542384172913],[110.398802978775507,-7.785542725015944],[110.399042732637042,-7.785686657012832],[110.399162269624071,-7.785997942949905],[110.399065739992977,-7.786380718694431],[110.398849094211357,-7.786859052802242],[110.39865685423149,-7.787050236078755],[110.398512468077001,-7.787337215139587],[110.398464100738693,-7.78760039993773],[110.39843950068348,-7.788023964433592],[110.398439113974973,-7.788294393270803],[110.399039084087519,-7.788247379412212],[110.400191031092277,-7.78815328334656],[110.40165496010934,-7.788035690693789],[110.403718756716273,-7.787942870766074],[110.403936210089057,-7.786890165747764],[110.405543705978289,-7.787059947857529],[110.405711711027664,-7.787036250721599],[110.406313735191759,-7.785529373680845],[110.40667350358035,-7.785649536596054],[110.406673202307502,-7.785864925125395],[110.406865068169395,-7.785936991398216],[110.406624200047816,-7.786582819740545],[110.406431457346912,-7.787132987196799],[110.406598789703423,-7.78758793083756],[110.406838750409065,-7.787588268083312],[110.408422725429489,-7.787422953805446],[110.408447526033569,-7.78684861976717],[110.408568109831435,-7.786418010881675],[110.409240130928367,-7.786323219640053],[110.409358637292314,-7.787376396802472],[110.410198533036919,-7.787353634062185],[110.410500177342385,-7.78733256564459],[110.411878422552206,-7.78723630581004],[110.413702355580313,-7.787071308093573],[110.416198244054783,-7.786859363068345],[110.416419399936387,-7.78684212396405],[110.418310128310793,-7.786694740369171],[110.419699919916411,-7.786550060136335],[110.420806079737815,-7.786434902847702],[110.421045317388518,-7.786961739192122],[110.421188373445716,-7.787632031792043],[110.421187880617254,-7.787991014173144],[110.420971357143458,-7.788397564395268],[110.4208991074089,-7.788588923039583],[110.420994728724793,-7.788852305688579],[110.421114348449464,-7.789115723411101],[110.42113808335688,-7.789307214255757],[110.420921754136714,-7.789570172424703],[110.42065746676974,-7.789809133084248],[110.420633207557557,-7.790000554681058],[110.420752794007285,-7.790287904262584],[110.42111257408709,-7.790408057285219],[110.421448455582834,-7.790456379657371],[110.421400135009264,-7.790695636193846],[110.421208001149353,-7.790815032886655],[110.420823829657081,-7.790982033393334],[110.420511713645737,-7.791101267308818],[110.420271288889921,-7.791435987779835],[110.420342883018691,-7.791723271710794],[110.420438473757599,-7.792010588017433],[110.420845917905808,-7.792370127078925],[110.420917578584408,-7.792609546392669],[110.420821232414994,-7.79287266823826],[110.420820804337723,-7.793183785102769],[110.420964355022022,-7.793495098918868],[110.421491323566784,-7.794189851279782],[110.421514958649482,-7.794453136802019],[110.421490337909802,-7.794907813344082],[110.421706010624916,-7.795123495951771],[110.422017769605418,-7.7952675151829],[110.422329265084556,-7.795602989285726],[110.422616632652534,-7.796034159348153],[110.42285620575035,-7.796321672606325],[110.42278346138869,-7.796872011833102],[110.422662757081639,-7.797398353550363],[110.422542346852879,-7.79770930763766],[110.422349847868247,-7.798091958376347],[110.422277332833687,-7.798474773691055],[110.422356067579528,-7.79863675777932],[110.422470875931253,-7.798971132910651],[110.422703961319826,-7.799567586673959],[110.422781110560834,-7.800163829096618],[110.422623932449596,-7.801070778292967],[110.422492492935248,-7.802159193591081],[110.422281082107304,-7.803135119889077],[110.422178168188964,-7.803947170824472],[110.422099702340461,-7.804309928559576],[110.421994854879699,-7.804957758792739],[110.421939244401642,-7.805131238015406],[110.421812145914828,-7.805527725723152],[110.421603696554371,-7.805916224753162],[110.421447439348867,-7.806149281363446],[110.421187153065716,-7.806434032803566],[110.421030716895132,-7.806796685317977],[110.42100380018627,-7.807470540132499],[110.421132997690734,-7.808015013980878],[110.421210182904645,-7.808585336143551],[110.421183444261601,-7.809129596852586],[110.421104868695807,-7.809570110871107],[110.421000374668608,-7.809958751994031],[110.421129252014396,-7.810736497390621],[110.421440449817965,-7.811229381629857],[110.421720823358385,-7.811812150409594],[110.421777353842856,-7.811929654029484],[110.421880315425256,-7.812655523832575],[110.421853647828641,-7.813147947618859],[110.421619203564433,-7.813536411575342],[110.421358662773116,-7.81400259494302],[110.421280087207322,-7.814443108961484],[110.421409214564619,-7.815039422430573],[110.421616243895585,-7.815687677143785],[110.421381939925652,-7.815972463657488],[110.421017688416612,-7.816257073904012],[110.42099112694001,-7.816671741406935],[110.421120613126845,-7.817008863967089],[110.421640128090473,-7.817216926619039],[110.422497408629567,-7.817503206906679],[110.422886583949719,-7.81799619906451],[110.423016000888765,-7.818385159446734],[110.423015714904352,-7.818592509835639],[110.422833604888012,-7.818721856627576],[110.422521759572589,-7.818695510988221],[110.422261751179917,-7.818772912039435],[110.422131586004923,-7.818928248339205],[110.422209200195482,-7.819187542670136],[110.422572564073619,-7.819550904749633],[110.422883948036826,-7.819914195782701],[110.422779773268985,-7.820069568055317],[110.422311805646359,-7.820172603382161],[110.421973540947192,-7.820457246903629],[110.421531420739541,-7.820663993847461],[110.421375049320091,-7.820974805841786],[110.421400468657737,-7.821389544391138],[110.421712173678941,-7.821519565674635],[110.421867688044415,-7.821830805746288],[110.42243947520268,-7.821831588156442],[110.422668249241383,-7.821791650163732],[110.422856564579831,-7.821758773647673],[110.423374915820773,-7.821988381357926],[110.424288683676878,-7.82245669611882],[110.424439774277232,-7.822534130444978],[110.424751766182112,-7.822456798641554],[110.425167541649785,-7.822509203935795],[110.425661253265275,-7.822587632912132],[110.426180990361445,-7.822640177601329],[110.426415576718512,-7.822148036202123],[110.426493406746374,-7.822251817966219],[110.42633703892426,-7.82256263265856],[110.426232652815713,-7.82287351839733],[110.426830185765482,-7.823055762412707],[110.427012827281203,-7.822537630606348],[110.427350701674584,-7.822538090159924],[110.428235682232014,-7.821580288798486],[110.428339608786985,-7.821606347554109],[110.428154461760073,-7.823964720694505],[110.426959607201184,-7.823444721895612],[110.426880360741109,-7.82437769567332],[110.42672377977965,-7.824844023831815],[110.426463379282552,-7.825206535152688],[110.42610859403743,-7.825660152293381],[110.426176525227504,-7.825905954995051],[110.426149720933893,-7.826502055324795],[110.426097028755919,-7.82702036070026],[110.426434306898784,-7.827461443090328],[110.427446920140312,-7.828214467023258],[110.427420291214503,-7.828680972348195],[110.427601767208841,-7.829018164156139],[110.428484324992667,-7.829848768105364],[110.429549317448107,-7.830316750117106],[110.430354930136957,-7.830395594580239],[110.43087474907145,-7.830396296950767],[110.431472611173092,-7.83034526582054],[110.431394287417504,-7.830604349710143],[110.431263418073343,-7.831278066029142],[110.43110641622917,-7.832055422918643],[110.430560676135315,-7.832002847652518],[110.429937033168585,-7.83189832934363],[110.429934283041803,-7.833920001705906],[110.42986267722182,-7.835757609825009],[110.429853488848494,-7.835993409367518],[110.429851655130847,-7.837341190043105],[110.430813441388239,-7.837264733279994],[110.431281110435918,-7.83739496140754],[110.432424484203636,-7.837577933873717],[110.432477204260636,-7.837033707338946],[110.432217430590981,-7.836929681858521],[110.4323998967389,-7.83654114325833],[110.433049574179563,-7.836619774582118],[110.433584818285794,-7.836620494939098],[110.434115218643456,-7.836621208101462],[110.43515970385829,-7.836601352869309],[110.435388830431236,-7.83659699565402],[110.435415099628187,-7.836389680338698],[110.435259466552168,-7.836156201047061],[110.434791868550917,-7.835974142292002],[110.434064708220774,-7.835532543691158],[110.434065477141075,-7.834962327648498],[110.434195992152354,-7.83454780043985],[110.43430044660937,-7.83418507418105],[110.43482103986014,-7.833615556012319],[110.434769231715734,-7.833485890860345],[110.434561443356984,-7.833381936426406],[110.434431803386076,-7.833148492208352],[110.434405985648766,-7.833018863029281],[110.434718264437379,-7.832734172743073],[110.435160253344065,-7.83263108885285],[110.435810342674245,-7.832398688747674],[110.436174567203579,-7.832139987969242],[110.436357131377576,-7.831673691286994],[110.436383610116536,-7.831310859807502],[110.436306021107043,-7.831025647914544],[110.436229022952091,-7.830299814084356],[110.436438134213574,-7.829418848100545],[110.437139993916617,-7.829342028910673],[110.437737922568147,-7.829239150065916],[110.438101933958137,-7.82913596005568],[110.43825826221007,-7.828851058428825],[110.438440579070516,-7.828566192774758],[110.438934198055847,-7.828722362746021],[110.43916804606954,-7.828774512632833],[110.439273014039429,-7.828023002258931],[110.439584905220272,-7.828023416846406],[110.43968859075693,-7.828230905730891],[110.440130296377106,-7.82833516863235],[110.440208649810415,-7.828050163583384],[110.440936392901278,-7.828051130354595],[110.440989167816895,-7.827455060601778],[110.442470456447438,-7.827599576258649],[110.444263613775775,-7.827757456740414],[110.444316832956531,-7.826824443392525],[110.443459343774748,-7.826667797679931],[110.44356423530229,-7.825968125128043],[110.443878837039733,-7.823920937200683],[110.445957980577361,-7.824001428322447],[110.447751264710121,-7.824055616972316],[110.450090082092686,-7.824317861079635],[110.450401799704366,-7.824447862577983],[110.451059824652248,-7.824518210246424],[110.452482501767065,-7.824670299993556],[110.452610701024071,-7.824684004762219],[110.452742513757073,-7.8232586287819],[110.452847556370671,-7.822429354929966],[110.452952498260231,-7.821677838260825],[110.453160995284748,-7.821237484321614],[110.45336932413602,-7.820926727185906],[110.45372654204732,-7.820598677885869],[110.454694701800122,-7.821032116038509],[110.456123640894361,-7.821448664923139],[110.45661796314954,-7.821060514830094],[110.457190255726744,-7.820672466360406],[110.45755422305001,-7.820595175925803],[110.457892199066805,-7.820517852216312],[110.458802298588239,-7.820182073243302],[110.460024348645845,-7.819794850351286],[110.460179757790627,-7.820209754375867],[110.460698102736274,-7.821350857355355],[110.461242206064014,-7.822673423738706],[110.461528003415651,-7.82275154604622],[110.461995866716904,-7.822726223835332],[110.461996197667418,-7.822467032926397],[110.461893100287398,-7.821793005442032],[110.461945447125743,-7.821507961722261],[110.462049773879016,-7.821222986350961],[110.462673314323069,-7.821405213279149],[110.463348837380011,-7.821587505857906],[110.463972244724346,-7.821873406631596],[110.464647899082308,-7.821952022666892],[110.465063616094028,-7.822056226213078],[110.465322960787034,-7.822497179100708],[110.465503409755627,-7.82366376706841],[110.465554170189876,-7.824622839171866],[110.465761930669601,-7.824752696778717],[110.466077702425082,-7.824831846111977],[110.466489440836085,-7.824935051410705],[110.466332144913622,-7.825997535656938],[110.46612246977719,-7.827370982084346],[110.46607676443216,-7.827733782986911],[110.466927431356908,-7.827968139117502],[110.467715958725535,-7.828129358782064],[110.468330579693543,-7.828255020152255],[110.469239968750628,-7.828489438336078],[110.469490767186187,-7.828561238409634],[110.469600336087694,-7.828592604963944],[110.469785583838643,-7.828645638884325],[110.469786173793921,-7.828179094888526],[110.469894369430676,-7.827430556773948],[110.469943493998073,-7.827090691281569],[110.469822921891364,-7.827130602294631],[110.469631472415585,-7.827193973921965],[110.469215454130961,-7.827323046420645],[110.468799600422244,-7.827322523015198],[110.468383809666136,-7.827270160888418],[110.468384008416308,-7.827114648321583],[110.468592066571659,-7.827011232581526],[110.468852106440579,-7.8269078833913],[110.46939860376358,-7.826364270194119],[110.46976290113804,-7.826027778958007],[110.470014499070942,-7.825877666820077],[110.470153057618575,-7.82579499664098],[110.470855399358243,-7.82532933398079],[110.470881814245388,-7.824992419164005],[110.471064500727152,-7.824396508591178],[110.4714806458162,-7.824163757750398],[110.472286815185441,-7.823801898438035],[110.472676772915804,-7.823724628687842],[110.47306650401697,-7.823828791764527],[110.473249220176399,-7.823206960931714],[110.474002754024923,-7.823363415988069],[110.474860349326718,-7.823442240666054],[110.475873533637696,-7.823806368068631],[110.475637966120303,-7.82512795059364],[110.476859178009704,-7.825414578019547],[110.477146658892252,-7.824144896269161],[110.477458418772073,-7.824248958621752],[110.479432881223545,-7.824925297363791],[110.479798486212189,-7.823526114138076],[110.480372752801372,-7.821531044621224],[110.480973613242725,-7.819043545022794],[110.481417306364619,-7.817540778783098],[110.482690449605627,-7.817853369636509],[110.484743118001518,-7.818322425438794],[110.485392626369674,-7.818530569029747],[110.485262069090254,-7.819022875004862],[110.485053509113186,-7.819541004113262],[110.484584473095993,-7.820525359756743],[110.484323835177918,-7.821121183994649],[110.484505609747146,-7.821251001131998],[110.485103202052187,-7.821407245746968],[110.485389545292321,-7.821044727231595],[110.486480832125721,-7.821305247338501],[110.486974716411055,-7.821254010263544],[110.48803992110652,-7.821592251580341],[110.490274234569313,-7.822320691645814],[110.491131706663964,-7.822503162290332],[110.492326810335101,-7.822893388917976],[110.492742661345801,-7.822893888940996],[110.49343688310671,-7.822909772766991],[110.493938203886046,-7.822921243619703],[110.495185728139916,-7.822948656754306],[110.496121396286469,-7.82294977371231],[110.496731565610332,-7.822893514823022],[110.49730750224046,-7.822918134663382],[110.497835581447987,-7.822823034054977],[110.498555533711965,-7.822823891108897],[110.499275429318629,-7.822872608283433],[110.49994738566437,-7.82287340508276],[110.500451523120319,-7.822730409280155],[110.500883750785533,-7.822515527968449],[110.501243897788697,-7.822372357697361],[110.501459882568554,-7.822372614004109],[110.501771748568387,-7.82246871196071],[110.502731317996961,-7.822780964668993],[110.504218487294395,-7.823404956572688],[110.50462631994975,-7.823525097904167],[110.504746340772044,-7.823501305440118],[110.505250223719884,-7.823573693670198],[110.505874495312753,-7.823311168974442],[110.506594646326903,-7.823144485029161],[110.507098669569018,-7.823097207669207],[110.507291023762775,-7.822786312037863],[110.507171285327615,-7.822570778717647],[110.506907470104693,-7.822426877297744],[110.50678778742747,-7.822163482058272],[110.506836260885791,-7.821756686321237],[110.506932480250782,-7.821565339368135],[110.507388422139002,-7.821589805424367],[110.508228170394773,-7.821758309597499],[110.509307705787023,-7.822094620969153],[110.509691372759676,-7.822358322877506],[110.509906912375129,-7.82274149342436],[110.510242360397683,-7.823196597144431],[110.510290049647097,-7.823459909646317],[110.510457119401565,-7.824249873232247],[110.510575966608599,-7.825231241327913],[110.510503749249665,-7.825422617059303],[110.51038350359687,-7.825637868891704],[110.510119351128196,-7.825781156974017],[110.50999888334286,-7.82618786907409],[110.510089892935241,-7.826497062288809],[110.510490602960033,-7.826455468644156],[110.510718759164433,-7.826260501919819],[110.51091063671754,-7.826356453286905],[110.5110301008595,-7.826811308794049],[110.511029626017489,-7.827218159389759],[110.510933268156862,-7.827529168335673],[110.511033335720924,-7.827715012337137],[110.511100897289623,-7.827840484849673],[110.511076283744558,-7.82836696955917],[110.511243690744777,-7.82886974364294],[110.511675391407209,-7.829109568550962],[110.512299359928591,-7.829110290706524],[110.512791796305407,-7.828954666623758],[110.513283784819862,-7.828704576853909],[110.513956168343555,-7.828346365191805],[110.514412423195836,-7.828107567309587],[110.514724294591588,-7.828203656272933],[110.514771794983403,-7.828634492686888],[110.514843265905029,-7.829089292436095],[110.514962846059518,-7.829448416010791],[110.514890295052112,-7.829926982143718],[110.514960075248325,-7.830159917345497],[110.515393801184018,-7.830334412802131],[110.515993746115555,-7.830359034441074],[110.516569748396194,-7.830335762684513],[110.517385630443528,-7.83040849355632],[110.517673560987078,-7.830456688224785],[110.517976710757637,-7.830584384760755],[110.518129322111577,-7.830648669199945],[110.518386950898105,-7.830777494385075],[110.518561055149632,-7.830864554155028],[110.519019411717522,-7.830959325611559],[110.519362852015036,-7.830940524384914],[110.519513695301839,-7.83093226411188],[110.519566595223239,-7.831013357779455],[110.519873049102955,-7.831483120448866],[110.520088738005882,-7.83174662090903],[110.520684975032623,-7.831948490829404],[110.520807644358342,-7.832006912588156],[110.521168203251023,-7.832178632736884],[110.521293917681191,-7.832872644056465],[110.521311294381803,-7.832968566645206],[110.521310133357019,-7.833591554006205],[110.520757564710891,-7.834499615663901],[110.519988549033371,-7.835408172848076],[110.519604096053229,-7.83581458727258],[110.518763818996092,-7.836076885339196],[110.517659330115066,-7.83653033970262],[110.516554810657055,-7.837007722327712],[110.515666338032133,-7.837437484951181],[110.515042301162339,-7.837484631909433],[110.514106382104899,-7.837435689005019],[110.513074411855655,-7.837434497403308],[110.512306433096455,-7.837433609772461],[110.511322294189597,-7.837576064183224],[110.509666061340681,-7.837813463619625],[110.508753385261571,-7.838410710585038],[110.507888846294293,-7.838888350416255],[110.507360437934892,-7.839246717661069],[110.50697658660124,-7.839126607805895],[110.505680903651808,-7.838885764865324],[110.504601213576166,-7.838645171936321],[110.503617098950997,-7.838763675602365],[110.502812606817372,-7.838677372162181],[110.502489271763523,-7.838642684411525],[110.5016254657437,-7.838498068929937],[110.500353673284451,-7.838352967814387],[110.498866172137184,-7.837968282809186],[110.498194134852497,-7.838015347929172],[110.497162194280861,-7.837990185797651],[110.496441984810815,-7.838180785414124],[110.496057651440481,-7.83846751176543],[110.495361065361919,-7.838969257924134],[110.494712563335156,-7.839399263364498],[110.494160635905644,-7.8393507368462],[110.493488798270448,-7.839230267262224],[110.492913278026379,-7.838846657846204],[110.491847813426887,-7.838668255734603],[110.491473609120817,-7.83860559906833],[110.490273993551,-7.838316960758334],[110.488906764136914,-7.837716996041706],[110.488618743661164,-7.837740578963746],[110.488330490260978,-7.837955618556123],[110.488138056926857,-7.838314370710862],[110.487887809775657,-7.839231351844603],[110.487824662079561,-7.839462742011108],[110.487704196992127,-7.839845513259036],[110.487391473039111,-7.840443440111869],[110.486886840056684,-7.840969337564047],[110.486262327445502,-7.841399358292961],[110.485854288845417,-7.841642819159972],[110.485421729330369,-7.841900910198035],[110.484749361095169,-7.842211207780224],[110.484148961106712,-7.842545525354922],[110.483140450572364,-7.842975070342391],[110.482179965633975,-7.843380740128225],[110.481339270392084,-7.843954080415699],[110.480642777842945,-7.844360071259473],[110.480354188995648,-7.844838361300503],[110.480315052298863,-7.844954958403775],[110.480161478670368,-7.845412498387304],[110.479969065121281,-7.845747312387743],[110.479488178737483,-7.846464687194782],[110.479079201245213,-7.847253946611545],[110.478718547923677,-7.847780010438328],[110.478165447778224,-7.848664819225235],[110.477804853812017,-7.849143018434745],[110.477492108275214,-7.849740937193701],[110.477388702427731,-7.850271725159189],[110.476698884646851,-7.850721174841567],[110.475545836871902,-7.851557367177975],[110.47532911734595,-7.852131471889095],[110.475160545723668,-7.852585974862052],[110.474679643152058,-7.853303341575156],[110.474294830443114,-7.853949033220488],[110.473886405134522,-7.854283573827047],[110.473645710582105,-7.854833715202972],[110.473500896350345,-7.85547970362461],[110.473332140367006,-7.856077800449327],[110.473066418581425,-7.857441605245072],[110.472969843984174,-7.857896196351589],[110.472992032956995,-7.859332160949691],[110.47303785971053,-7.861055339331642],[110.47286955518689,-7.861294451077242],[110.472197238213028,-7.861532929700161],[110.471477130366338,-7.861603820559083],[110.471212941924762,-7.86174708256101],[110.470588441904113,-7.862129211692945],[110.470276010230748,-7.86246386921141],[110.469939212325812,-7.863085682057772],[110.46943398219355,-7.864042334085639],[110.468880932410173,-7.864855331107833],[110.468471973803616,-7.865596713316847],[110.467967439746587,-7.866002920897301],[110.46770263796742,-7.866624823675863],[110.467644066021876,-7.866830893430176],[110.467610827978376,-7.866947829577896],[110.46743743778859,-7.867557844218311],[110.467268546007631,-7.868251664881598],[110.46712258514026,-7.869783141078301],[110.467648773972769,-7.871219744195059],[110.468366763916094,-7.872824113141519],[110.468894485193402,-7.873735677658601],[110.469157065647096,-7.874189249833194],[110.469324891731389,-7.874333055924978],[110.469828217998895,-7.874884134394506],[110.470186991737307,-7.875865809158938],[110.470785293607435,-7.877230701235078],[110.471408178445699,-7.87814091137318],[110.471527488803588,-7.878691503309426],[110.471623190159164,-7.878930946005539],[110.471910754678618,-7.879290291712778],[110.472365935740413,-7.879960969222566],[110.47301125506641,-7.882115680093762],[110.473443662596026,-7.882671467413502],[110.473514475213904,-7.882762483301178],[110.473819904765833,-7.883576265431486],[110.473986371075227,-7.883787969438458],[110.474903952956083,-7.88484633209174],[110.475046154657377,-7.886282444178676],[110.475522605584842,-7.889130975713158],[110.476019230104441,-7.889772239996091],[110.476085906740252,-7.88985833569285],[110.47623640558669,-7.889856840120274],[110.477274010987855,-7.88973147282843],[110.47737229519629,-7.88973812961018],[110.477634014099522,-7.889755855247699],[110.478308603660196,-7.890168056809557],[110.478497433410894,-7.890283440727387],[110.478695010867114,-7.890256603158889],[110.480417940136874,-7.890022574381476],[110.483394602579892,-7.889715139341376],[110.484426490990813,-7.889883936693536],[110.485463704287554,-7.890006900097546],[110.486058406171537,-7.890077402449378],[110.488259127257948,-7.890031992081958],[110.491507034223275,-7.889988327298681],[110.491952885718149,-7.889816864356021],[110.492124819905541,-7.889750742601905],[110.492251454342181,-7.889702041615124],[110.492659768134843,-7.889878252978178],[110.493474928925878,-7.890230036286368],[110.494698610353623,-7.890590499850873],[110.494941390433894,-7.890727051111696],[110.495082385244928,-7.890806353329765],[110.4958016720106,-7.891453393058839],[110.496304620562853,-7.89236342513118],[110.496327201640099,-7.893536134783972],[110.496013807692123,-7.894660576023966],[110.495652375557711,-7.895808890666956],[110.495651678583158,-7.896383265174734],[110.495915244693833,-7.896766498674197],[110.496658632391018,-7.897341770705339],[110.497185879725635,-7.898012509368982],[110.497640487019908,-7.899209669789627],[110.497807378708615,-7.900143230824654],[110.497782220174372,-7.901100491693512],[110.497469081633881,-7.902009544404166],[110.497468416135519,-7.9025599852543],[110.497347445629146,-7.90334960619856],[110.4974419796647,-7.904570265904226],[110.49758489992422,-7.90547986630196],[110.497368147123325,-7.906077912764658],[110.49678974994805,-7.907991798681735],[110.496500462327504,-7.90902053856621],[110.496282980176431,-7.910216891395635],[110.496017458939605,-7.911437115829415],[110.495944868362017,-7.911915674767783],[110.496015773610111,-7.912825186132636],[110.496014930945364,-7.913519221733907],[110.495942220757911,-7.914093509007444],[110.495749667813982,-7.914524057638346],[110.495485309400578,-7.914786992424979],[110.49526315437214,-7.915162488157478],[110.495196215134285,-7.915648203900673],[110.495099385129549,-7.91631819163041],[110.494882767226954,-7.916796576100296],[110.494618289203743,-7.917155238322778],[110.494185548025655,-7.917705155767521],[110.493584515813779,-7.918470260293475],[110.492935268249084,-7.919402829376281],[110.492574271386559,-7.920168222584607],[110.492614506155576,-7.920356540621071],[110.492645873609206,-7.920503360341002],[110.492854448874766,-7.920850906942974],[110.492933130560573,-7.921149882060604],[110.492724548999774,-7.921977423818248],[110.492691918898004,-7.922106879428156],[110.492637673590821,-7.922187787835355],[110.492355245998851,-7.922609044670878],[110.491802475005272,-7.923158813727468],[110.491658186876862,-7.923374028687647],[110.49146494864948,-7.9243550163701],[110.491295773582124,-7.925288168213569],[110.491222261199425,-7.926508621075186],[110.491221173919087,-7.92739411334685],[110.491580445881937,-7.928040723200013],[110.492107282226357,-7.929070452338692],[110.492945123919355,-7.93096211960534],[110.493160406328741,-7.931584620433057],[110.493055757618151,-7.932243121122326],[110.492939143427748,-7.932782466137098],[110.492918775582098,-7.932876667423443],[110.492629748764955,-7.933666079725015],[110.49224473370856,-7.934431443255676],[110.492003951022582,-7.935029454644791],[110.491859156575856,-7.93565151570408],[110.491858452406689,-7.936225888413219],[110.491988040216938,-7.936615062834051],[110.492097619910282,-7.936944148153088],[110.492168597104126,-7.937371945757889],[110.492216763893566,-7.937662261303501],[110.49207223384758,-7.93806893203481],[110.491783496612129,-7.93861902125002],[110.491278889710031,-7.939025252212843],[110.490654344723282,-7.939359540109876],[110.490102315670356,-7.939287068242777],[110.489893136060402,-7.939221615584302],[110.489586540987148,-7.939125683102986],[110.489334448427087,-7.939046801767688],[110.488926419719519,-7.938998437127395],[110.488614029414975,-7.9392613080621],[110.488565185436016,-7.93935357760472],[110.488579875861603,-7.939688421282824],[110.488828920619255,-7.94019492755308],[110.489140366635638,-7.940697886897169],[110.489288545231204,-7.941009100888493],[110.489400457765953,-7.941240009917692],[110.489489994268865,-7.941410116682732],[110.489610584362026,-7.941639226168547],[110.489619168390959,-7.94175404171483],[110.489618844635004,-7.942014747981432],[110.489474251636466,-7.942469283329956],[110.488920533656767,-7.943760942712515],[110.488504966831783,-7.944607668808089],[110.488270906578123,-7.944956755049418],[110.487862607174634,-7.945123777139827],[110.487262975207159,-7.944716189999383],[110.486591746413012,-7.943973463303905],[110.485656518934263,-7.94318254643656],[110.484984579675654,-7.943014187953622],[110.484120566811782,-7.942869523908598],[110.483568655570025,-7.942701313813757],[110.482752985762716,-7.942293452380113],[110.482009062069608,-7.942101067609372],[110.48181696058532,-7.94214869390629],[110.481360589720509,-7.942363514963461],[110.480664077386336,-7.942649832123266],[110.480015694969381,-7.942840480303119],[110.479103493732282,-7.942839339063426],[110.47852763983974,-7.942623225680506],[110.478071872420003,-7.942359399665747],[110.477423942362122,-7.94219106186722],[110.476871609338332,-7.942357892402015],[110.476511197934485,-7.94262069408893],[110.476246806246138,-7.942883613587071],[110.476246261257018,-7.943314394243089],[110.476269294693225,-7.944080252400909],[110.476460427607719,-7.944798457282161],[110.476699300133646,-7.945732111846667],[110.476890101198251,-7.946713572572492],[110.477152949649962,-7.94767118957293],[110.477584053162559,-7.948461493102627],[110.477943166844739,-7.9492277739418],[110.478038706322309,-7.949610809590411],[110.478061894441907,-7.950257005755418],[110.477845420430867,-7.950591783783011],[110.47746108706059,-7.950782759316098],[110.476884706165322,-7.950973492032233],[110.475659867310071,-7.951402724955017],[110.474194996702806,-7.951807721148612],[110.473834667137226,-7.951998722762028],[110.47337785560461,-7.952548584448834],[110.472993122035973,-7.953050670551193],[110.472608446923346,-7.953504892935655],[110.472511720340663,-7.954055208780062],[110.472631045987043,-7.954605800716308],[110.472822390242186,-7.955156481685492],[110.473013733597952,-7.955707166251898],[110.473588322144394,-7.956928433899293],[110.47394713095639,-7.95793403872409],[110.474141832380724,-7.95853032611285],[110.474353649702209,-7.959179025091146],[110.474399908130295,-7.959364485981439],[110.474616375846097,-7.960232373124711],[110.475520338393949,-7.96265182102394],[110.475645147206819,-7.962985869701299],[110.475955102147282,-7.964661512617909],[110.475886909254484,-7.965199818915721],[110.475472899156046,-7.966288289971828],[110.475412862214853,-7.966362030782307],[110.475062605056223,-7.966784588037513],[110.474295811603497,-7.966885101665298],[110.473503713926277,-7.966788368787377],[110.472951622820176,-7.966739803598273],[110.472833429420291,-7.966870386957964],[110.472735256727788,-7.966978849693362],[110.472734725228406,-7.967395965150843],[110.472812357405417,-7.967537088564995],[110.472889172998009,-7.967639462890077],[110.473022266365547,-7.967816838875194],[110.473934000854513,-7.968224844200392],[110.474749741708251,-7.96860879176154],[110.475901274125533,-7.969232484190968],[110.476860847151443,-7.969784136427961],[110.47714030518199,-7.970178493641754],[110.477202141666567,-7.970265753960575],[110.477275613579764,-7.970386748748638],[110.477363805596212,-7.970718123741619],[110.477381258739172,-7.971002254649534],[110.47738732826366,-7.971101067659333],[110.47730983098495,-7.971172200435888],[110.477093255350496,-7.97137098837959],[110.476786485808702,-7.971626817622735],[110.476210138188378,-7.971769682124318],[110.475561766563317,-7.971912455794381],[110.474721554257371,-7.971887458238825],[110.474433654290749,-7.971743501060928],[110.474050184269629,-7.971240440093425],[110.473571117214362,-7.970402206296001],[110.47338507356335,-7.970322440927077],[110.473221830424166,-7.970252452987495],[110.473067248655639,-7.970186178348627],[110.472323220641158,-7.970041636611427],[110.471747025905586,-7.970064837321559],[110.470954831101608,-7.9700398937253],[110.46982669634599,-7.969894859159638],[110.469226649791096,-7.969798362803374],[110.468866269863497,-7.970013290879876],[110.468481574066459,-7.970467507868364],[110.468120945925932,-7.97087389081662],[110.467712519718077,-7.971112687799518],[110.467472357564304,-7.971184175808276],[110.467208375067514,-7.971112040287608],[110.467088867758093,-7.970705041303802],[110.466921655910767,-7.970058658979099],[110.466729879981017,-7.969843022236887],[110.466088227190994,-7.969786566396124],[110.465361741352353,-7.969649803794596],[110.464353987147831,-7.969241657275859],[110.463562635907977,-7.968570536400307],[110.463322943200296,-7.968283039330004],[110.463419717447039,-7.967708795223928],[110.463564350015815,-7.96725427156656],[110.464069018071768,-7.966848078375335],[110.464621604704348,-7.966513742814186],[110.46558214809869,-7.966299591751977],[110.465917991822892,-7.966491482794879],[110.466077702425082,-7.966563633603982],[110.466661762631304,-7.966827490195726],[110.46709388237781,-7.96682804507742],[110.467646281951374,-7.966637297972113],[110.46786298978617,-7.96613500232769],[110.468079791150501,-7.965560908408406],[110.468392894617466,-7.964771550066189],[110.468609231032246,-7.964556437628687],[110.46969029437264,-7.963959518915885],[110.470314984150264,-7.963553471414798],[110.470603921934469,-7.96288373999181],[110.47060465937858,-7.96230936998063],[110.47026906206861,-7.961926026763933],[110.469765358985171,-7.961590335025164],[110.468805569222695,-7.961230124170072],[110.467439011602153,-7.960656764097564],[110.467317981740507,-7.960605982079585],[110.466690327797437,-7.960306040190801],[110.466077702425082,-7.960013274891935],[110.465158752675336,-7.959574125144968],[110.464679684720693,-7.958759815112558],[110.464392700263943,-7.957921822333446],[110.464489656173726,-7.957203981677594],[110.464778101129525,-7.956917169890687],[110.465690919301551,-7.95646363458826],[110.466077702425082,-7.956335655665157],[110.466627555118635,-7.956153721016619],[110.467228447036234,-7.955580121724438],[110.467253071373193,-7.955101510625411],[110.467013691629631,-7.954574696764041],[110.466606055026489,-7.954215191876813],[110.466077702425082,-7.954116946339184],[110.465958052123426,-7.95409469801109],[110.465501722627437,-7.954261635565217],[110.464997164288775,-7.954596035877557],[110.464636360780446,-7.955146009979558],[110.464204223946808,-7.955169385158172],[110.463387960586942,-7.955216194870673],[110.462451728565441,-7.95521498258455],[110.462067540885357,-7.955286282635029],[110.461419100012506,-7.955500832096902],[110.460674321963438,-7.955954574243378],[110.459953454189588,-7.956480143443059],[110.459112992771452,-7.956670505638499],[110.458128465357447,-7.956884610835345],[110.457503899686287,-7.957194912914076],[110.457143431625127,-7.957481626674905],[110.456734666372824,-7.957983666012581],[110.456493880988887,-7.958533789402054],[110.456421010722124,-7.959179858762695],[110.456581149401586,-7.959664443158715],[110.456685271109393,-7.959849547018166],[110.45678000029784,-7.9600179522659],[110.456853234790003,-7.960074266013748],[110.457011563134188,-7.960196009037759],[110.45709176467426,-7.960257680946427],[110.457571510717685,-7.960545492779488],[110.457859114807377,-7.960904850177883],[110.457954478917088,-7.961407548718569],[110.457785741819578,-7.96193383377863],[110.457544829631217,-7.962579684603952],[110.457471834358728,-7.963321484098401],[110.45739931123029,-7.963704302111069],[110.457446852091607,-7.964063344746762],[110.457397294950226,-7.965235952776197],[110.457276790292667,-7.965594776876628],[110.457132278233075,-7.965953568601492],[110.456795715051271,-7.966312109415526],[110.456363059308785,-7.966718387143032],[110.455906427640571,-7.967100700636024],[110.455257840178206,-7.967410966741909],[110.454729662045338,-7.967434206122903],[110.454538210770863,-7.966979243596427],[110.454275374909685,-7.96604554676378],[110.453844685085187,-7.964968036644791],[110.453413615746797,-7.964177712430683],[110.452718128639788,-7.963650289728264],[110.451926745923629,-7.963027010986991],[110.45087408137482,-7.962232586763662],[110.450752602751436,-7.961398077958108],[110.450633400312199,-7.960775686847683],[110.450673064011767,-7.960251336229362],[110.450682273968823,-7.960129586010794],[110.450809042404444,-7.959759092307479],[110.451116072749585,-7.958861761360367],[110.451189046438401,-7.958143894624243],[110.451167522963885,-7.956277167356575],[110.451168541895754,-7.955511341574322],[110.45140933267561,-7.954961221782128],[110.45210585220434,-7.954698887742666],[110.453330912292813,-7.954126133813247],[110.453835573154208,-7.953719952313122],[110.454532688933512,-7.953002906658014],[110.454917697694611,-7.952309381871657],[110.454774737864909,-7.951495502614534],[110.454343617265181,-7.950753041219059],[110.453720862828618,-7.949699212048188],[110.452642609869599,-7.948190072313196],[110.451851350360585,-7.947494999793605],[110.451323579620578,-7.947231050571702],[110.450411621200431,-7.947044371999368],[110.449403562125724,-7.946917394021739],[110.448971249024964,-7.947078361876095],[110.448746101052791,-7.947228077413058],[110.448526753707768,-7.947373932160417],[110.448166000561514,-7.947876027256029],[110.447805343642756,-7.948306324976102],[110.446964735635106,-7.948616323983345],[110.446148230357608,-7.948854557091352],[110.445547834865749,-7.949045214264402],[110.444874844299648,-7.949666547772154],[110.444467231978194,-7.9501209401285],[110.444081469585228,-7.950550974347209],[110.443600132641052,-7.951459747368631],[110.443623202949482,-7.952153807251591],[110.443814506735123,-7.952704499012611],[110.444340861042974,-7.954021466216886],[110.444531425585865,-7.955122595230762],[110.444554271963113,-7.955984178126528],[110.4446013820492,-7.956654339425427],[110.444696309987762,-7.957468154830678],[110.444502715628857,-7.958616634049633],[110.444452576626134,-7.960196080983565],[110.444499041898325,-7.961344881260459],[110.444425474656953,-7.962493519659404],[110.444183251257073,-7.964096641246215],[110.444085513836455,-7.965364908363028],[110.443796306255592,-7.966202140315715],[110.4433390846321,-7.967015214679634],[110.44254651211287,-7.967277403928222],[110.44117807490926,-7.96732342493533],[110.440805834722539,-7.967305663324908],[110.440145859145105,-7.967274169066854],[110.4375057284077,-7.96683981990094],[110.436737520321344,-7.966838776687382],[110.435825273218825,-7.966837538320931],[110.435225438004579,-7.966597401348167],[110.434481795799286,-7.966189542612483],[110.433259145893942,-7.96496734326746],[110.432564575196011,-7.96379372709805],[110.432157257852225,-7.963218801305857],[110.431629485313522,-7.962954826902944],[110.431454854958645,-7.963056174202279],[110.430932675303779,-7.963408578941937],[110.43064407116799,-7.96379109478238],[110.43035539958305,-7.964221475240095],[110.430474539069792,-7.964867800907484],[110.430185403434677,-7.965633227390754],[110.429512065730307,-7.966469919750182],[110.42809399134569,-7.96768849662601],[110.42744471770061,-7.968477354945151],[110.426867961788048,-7.968907333405923],[110.425306498597081,-7.969647061761691],[110.424177519378077,-7.970124134120681],[110.42352830059167,-7.970865120627991],[110.422110029255521,-7.972203336114262],[110.420908041274117,-7.973374321766755],[110.419324604947633,-7.972654148269498],[110.41867648873,-7.972605375337025],[110.417476219353091,-7.972555826289522],[110.416753613189769,-7.972557800301445],[110.415943232295376,-7.972664351977471],[110.415799241842592,-7.972628251391882],[110.414935738894258,-7.97210651420346],[110.414485586841408,-7.972123827951521],[110.41370540787932,-7.97209580057995],[110.412985478997712,-7.971903326776328],[110.412409727627846,-7.971615327884251],[110.411486506098413,-7.971650828622046],[110.411209326050596,-7.971661488286259],[110.410537208726225,-7.971612668588989],[110.409563873375077,-7.971842227735806],[110.408376746690578,-7.971513862773747],[110.40698522209135,-7.97091357699918],[110.406529717273656,-7.970482152428588],[110.406505952688633,-7.970314594342256],[110.406434724583903,-7.969764059962586],[110.406075214300756,-7.969356703048618],[110.405643718683734,-7.968925310853592],[110.404540458276585,-7.96820577227777],[110.404156250811354,-7.968277015670935],[110.403580027297494,-7.968324050213937],[110.403052127954368,-7.968155768173347],[110.402716072889518,-7.968131351579814],[110.401900097312705,-7.967962653153108],[110.401203980680236,-7.96791378399314],[110.400723991819802,-7.967817364079281],[110.399739693732954,-7.967839872311458],[110.399400711374767,-7.967935892926334],[110.399314047306461,-7.967960439921569],[110.399067235565497,-7.968030352318124],[110.398635364931181,-7.967862201578555],[110.397364041918024,-7.967166334058277],[110.397100042334159,-7.967118086329833],[110.396571341695108,-7.967500226253662],[110.395898637113476,-7.967858223877101],[110.395706023914897,-7.968240853032114],[110.395633514276312,-7.968575792937713],[110.395848833557864,-7.969078674940079],[110.396327981552133,-7.969749464865117],[110.396231498685779,-7.970060437838129],[110.39618299644917,-7.970395411917934],[110.396230025596253,-7.971065572317514],[110.396276811926384,-7.971903253031883],[110.396347253124304,-7.972980288308861],[110.39632212336835,-7.973746070024333],[110.39651347571737,-7.974224985094168],[110.397041378657718,-7.974393277027332],[110.397353187100975,-7.974585185157366],[110.397808090272179,-7.975423461222931],[110.398358463673219,-7.976644783729],[110.399387616346473,-7.97880014211205],[110.399050715019541,-7.979350083838483],[110.398593845930293,-7.979851990076497],[110.398064883588575,-7.980401652113756],[110.397560348632226,-7.980664167816315],[110.396719747819134,-7.980902263328005],[110.395111024355344,-7.981067437311594],[110.393142224934763,-7.981208147037535],[110.391629775694639,-7.981205926611437],[110.39151369210424,-7.981182177314849],[110.390333780680464,-7.980940769600011],[110.388533923402917,-7.980483413078275],[110.387694208422033,-7.980123194129305],[110.3864708129787,-7.979475226299826],[110.385750743802816,-7.97937842957009],[110.384862235205048,-7.979544633277385],[110.384093795992953,-7.97968708229223],[110.383445606930252,-7.979686116420339],[110.38303773830205,-7.979517988163821],[110.381981536719593,-7.979444616075341],[110.381285587360992,-7.979276055244952],[110.381141185918068,-7.979515157098035],[110.380852489152119,-7.979921564327924],[110.380684511981713,-7.979873449699141],[110.380036900283756,-7.979489573184424],[110.379916648335723,-7.979632983574504],[110.379604124032141,-7.979919696436014],[110.379292430702151,-7.979655979239226],[110.378188361804519,-7.979486799675271],[110.376988158977383,-7.979389269098704],[110.376051959331505,-7.979339996143096],[110.375451567436926,-7.979482680780279],[110.373891331820573,-7.979336734302024],[110.372644393924702,-7.978401508621914],[110.371685909977828,-7.977227403221264],[110.371158526845591,-7.976724035584994],[110.370606809857463,-7.976436017807146],[110.370439533258889,-7.975933197858012],[110.369983880053042,-7.975621393012091],[110.368353259896082,-7.97442232512941],[110.367538026259979,-7.973774923872838],[110.367457420024948,-7.973658476057039],[110.367106865190749,-7.973152042631853],[110.366507583958878,-7.972576767003375],[110.365571586660451,-7.972407813169241],[110.365211082626388,-7.972670508736201],[110.36480190278661,-7.973363900422839],[110.364560728895583,-7.974081481174608],[110.364223415679135,-7.974870709115123],[110.364126096443215,-7.975708168596327],[110.364100389322573,-7.976808984646141],[110.363667676023454,-7.977191227991966],[110.363258967428465,-7.977573507310694],[110.36325737472913,-7.978602567353789],[110.363208472294218,-7.979176851929367],[110.36308747480814,-7.979798888706966],[110.363036755742712,-7.981545822680744],[110.362532088586079,-7.981880088094783],[110.361859519802067,-7.98211836886685],[110.361084832999666,-7.982344203921059],[110.360466738849937,-7.982355536278192],[110.359578552209484,-7.982306299295487],[110.358834595241433,-7.982137625150472],[110.358354678326805,-7.981993292055961],[110.35809082443302,-7.98184929171066],[110.357899329091822,-7.981490022445769],[110.357612403090968,-7.980747695049274],[110.357252560058669,-7.980579615356135],[110.356964589944937,-7.980507371916872],[110.356461230402488,-7.980004025864275],[110.3561976031379,-7.979716436163812],[110.35588558874997,-7.979668087711275],[110.355765780167644,-7.979524312196475],[110.355861994136774,-7.979404803088414],[110.355886413428266,-7.979141593109205],[110.355838699897106,-7.978950066291702],[110.355623049665041,-7.978686483093895],[110.355575523192897,-7.978375297880916],[110.355431782751623,-7.978183620876621],[110.355263884721523,-7.978087632637312],[110.355071830001975,-7.978087334062423],[110.354951533987162,-7.978254668217573],[110.354951309156661,-7.978398256673415],[110.35487902524784,-7.978565664572955],[110.354566899343979,-7.978589110797998],[110.354231030438768,-7.978444998037446],[110.35367898609735,-7.978372341809347],[110.3535800157062,-7.97839908315035],[110.35315061101295,-7.978515105586837],[110.352814741208363,-7.978370991926909],[110.352719202630169,-7.978059732070165],[110.352623967123407,-7.977557019140306],[110.352360080854112,-7.977436947955994],[110.351880208905584,-7.977268674908601],[110.351712614846349,-7.976981233596234],[110.351496932238661,-7.976741581358112],[110.351329450594733,-7.976382343569469],[110.35118575062296,-7.976166732907586],[110.350827009260115,-7.975304632901668],[110.350635334054459,-7.975065016636393],[110.350420369105791,-7.974370661775822],[110.350108396986002,-7.974298378766377],[110.349628304703572,-7.974273693275507],[110.34919622542651,-7.97424908332772],[110.348812044940985,-7.974296342701223],[110.348451984272685,-7.974271845168744],[110.348212222317272,-7.974080015279696],[110.348043949269879,-7.974223340234175],[110.348019563253274,-7.974462618354323],[110.348018880667837,-7.974893386419865],[110.348018275424124,-7.975276289868077],[110.348137512037624,-7.975779040569478],[110.348377351334761,-7.975923009438532],[110.348713064657261,-7.976162852332948],[110.348880391617797,-7.97661781665812],[110.349047870563822,-7.976977052648067],[110.349306726924965,-7.977240707791623],[110.349786597074853,-7.977408981738336],[110.350002203240138,-7.977696501291689],[110.350169797299372,-7.977983944402695],[110.350337543343983,-7.978175660077852],[110.350625510759755,-7.978247906215074],[110.350793293676588,-7.978415690930603],[110.35096073844835,-7.978798857880179],[110.351248517006525,-7.978990762412934],[110.351632096744936,-7.979326405588324],[110.351895608896257,-7.979685792664384],[110.351998062361758,-7.97991142267324],[110.352158968162883,-7.980140905377652],[110.352350609194332,-7.980404452602613],[110.352710072712739,-7.980811851784722],[110.352589434955519,-7.981194569972615],[110.35242040737694,-7.981816526710531],[110.352275722647505,-7.982223138985887],[110.352124667120734,-7.982222901564853],[110.351987639219203,-7.982222688425509],[110.351794829069149,-7.982701018936098],[110.351554229844851,-7.983035685447703],[110.351481793950654,-7.983298818085188],[110.351457408833426,-7.983538096205393],[110.351000973217367,-7.983728834317446],[110.350448506194653,-7.983919418645428],[110.350208284685664,-7.9840147692654],[110.350207831427326,-7.984301947975723],[110.350231383772382,-7.984589162658949],[110.350374821142111,-7.984972293635622],[110.350374216797718,-7.98535519978185],[110.350277849044517,-7.98557043182916],[110.350061366040279,-7.985833338736768],[110.349772787984818,-7.986143996947078],[110.34967600204692,-7.986622477644403],[110.349651161872657,-7.987148932676291],[110.349504319669677,-7.987968266321616],[110.349486823359257,-7.988083311195055],[110.349431540234434,-7.988446782092524],[110.34947883468152,-7.988901557560041],[110.349933952790707,-7.989548427317288],[110.350605594373746,-7.989908455609907],[110.35065413797912,-7.989573488724716],[110.350990923293523,-7.989143248561277],[110.351568046129444,-7.988545864898924],[110.352169020784743,-7.98804424284674],[110.352553704890624,-7.987685871105271],[110.352889997376508,-7.987566738813143],[110.353081942378765,-7.98763883386431],[110.353345344812851,-7.988070014718573],[110.353344139721344,-7.988835825212334],[110.353125474062438,-7.990486763752358],[110.352858752230702,-7.992161557708926],[110.352497016125426,-7.993190052078432],[110.352209546034771,-7.993713451213978],[110.351912929838875,-7.993863968946187],[110.351114932609107,-7.99395481216402],[110.349600322298102,-7.993766573267919],[110.348901258587262,-7.993686120817017],[110.34852818832627,-7.993643265423543],[110.34725646601413,-7.993210490071249],[110.345456924398604,-7.992561491618744],[110.343417119905212,-7.992031762155307],[110.342721208318153,-7.991839203815402],[110.342491401857728,-7.991815339405605],[110.341785067128171,-7.991741988001536],[110.340512745867557,-7.99169209721174],[110.339984041631283,-7.992026295176572],[110.33914312425685,-7.992431788695285],[110.33842216475216,-7.992885332990909],[110.337989101616813,-7.993458997034281],[110.337364286833406,-7.993840900436396],[110.336835346075418,-7.994318683259849],[110.336258388714725,-7.9947963878422],[110.335970102938973,-7.994915582187559],[110.335129369925539,-7.995201408317541],[110.334336688588337,-7.995463379030923],[110.33423414968729,-7.995512390283807],[110.333687976120245,-7.995773443688677],[110.33289482713559,-7.996322588615783],[110.332558135350723,-7.99668101611519],[110.332293310189186,-7.997135287962351],[110.331860235362626,-7.997708943911846],[110.331474433399421,-7.998737374429481],[110.331329334082568,-7.999383290006051],[110.331424156800438,-8.000125319726919],[110.331543299884402,-8.000675935944912],[110.331326174764229,-8.001321736408215],[110.331229324075082,-8.001824139971291],[110.33115624606495,-8.002470173359029],[110.33101114405008,-8.003116087136902],[110.330865416107088,-8.004144906161685],[110.330720155811605,-8.004886545576824],[110.330574701262492,-8.005747844286759],[110.330621975025167,-8.006202618854957],[110.330701483187966,-8.007172739129828],[110.330716132244731,-8.007351483883099],[110.330715195151186,-8.007925837706466],[110.331122088914299,-8.008692304705278],[110.331553070119128,-8.009410949355015],[110.33200810099413,-8.01010569811865],[110.332079541338828,-8.010464785720501],[110.332317911143718,-8.011518158035756],[110.332603871272681,-8.012834851846151],[110.332794537438986,-8.013696696444583],[110.333137779885703,-8.014438539106493],[110.3335118798704,-8.015492717214329],[110.333583089089359,-8.015995394171284],[110.333726167629607,-8.016593912778035],[110.333964973605703,-8.017384037342651],[110.334227826554013,-8.018150269618445],[110.3343711811861,-8.018581268809726],[110.334682482411665,-8.019084331575812],[110.335066007291459,-8.019467855556286],[110.335545294680628,-8.020019053635622],[110.335808891368288,-8.020330586886246],[110.335832239567253,-8.020737461763645],[110.33585562823572,-8.021120402983399],[110.335806910161807,-8.021551091009258],[110.335854344903169,-8.021910139940189],[110.335949878085444,-8.022221404293589],[110.336333794170287,-8.022365612382316],[110.336703184405508,-8.022489003863654],[110.336981694550616,-8.022582037829977],[110.337053103419009,-8.022965056391456],[110.337172142181657,-8.023587467286973],[110.337315849347988,-8.023803083344831],[110.33767540999321,-8.024162634097479],[110.337794953275534,-8.024473936222364],[110.337818341943944,-8.024856877442119],[110.337962049110331,-8.025072490802017],[110.338633580076703,-8.025528269912911],[110.338992522887679,-8.026270723214509],[110.339423379986044,-8.027085085407577],[110.339870029179565,-8.028152627440988],[110.339525080718943,-8.028009962588897],[110.338697154051488,-8.027757353818004],[110.337977077681046,-8.027624574313847],[110.337184994392999,-8.027479708820692],[110.336669157656559,-8.027251529233865],[110.336237450698832,-8.026963655347629],[110.33550591786485,-8.026495810932147],[110.33471410887006,-8.026183423325506],[110.334066068195511,-8.026050750840682],[110.333754041217048,-8.025990418022559],[110.333166100436245,-8.025809980745237],[110.332170214584778,-8.025497255892844],[110.331702050909996,-8.025484529586549],[110.330729999790719,-8.025279535421419],[110.330478078101862,-8.025171434213519],[110.330299127403862,-8.025037199606288],[110.329422663426215,-8.024559462648256],[110.329062718770501,-8.02443921969342],[110.328522782901132,-8.024270819841661],[110.327694715939458,-8.024113913325664],[110.32738275191349,-8.024017677772804],[110.326902840394837,-8.023849374148483],[110.325846980554729,-8.023512606820532],[110.325414893183847,-8.023464036235453],[110.32443053214439,-8.023450457371894],[110.323818850160876,-8.023114413098881],[110.322895265305306,-8.022646233236287],[110.322367198688312,-8.02256160433376],[110.321755102117322,-8.022476836935652],[110.321095127439207,-8.022308229340524],[110.320524451843028,-8.022012814638856],[110.320399455971142,-8.021948111115648],[110.319439845173747,-8.021491829283718],[110.319175863576277,-8.021419599334251],[110.318371815707792,-8.021262716200567],[110.317879687798381,-8.021226003176707],[110.317483618275389,-8.021177483852966],[110.317039649061599,-8.021057089812018],[110.316547763069877,-8.020876789231636],[110.315899595590906,-8.020827850823878],[110.315551564254349,-8.020767445160686],[110.3151195011651,-8.020706898303899],[110.314903477714381,-8.020670641236279],[110.314543762385767,-8.020418763614259],[110.313800264071972,-8.019950864340103],[110.313008488352125,-8.019638436264017],[110.312228536918497,-8.019433718190726],[110.311160619867735,-8.019144757923414],[110.310848603681166,-8.019084407118896],[110.309912253848495,-8.019082841399211],[110.309408066030471,-8.019081996036505],[110.309084168000993,-8.018949828970619],[110.308688221685145,-8.01882950867406],[110.308352379759583,-8.018661426283018],[110.30778900036313,-8.018169885630925],[110.307549275279882,-8.0179541022992],[110.307357385136243,-8.017846088325484],[110.306985591912564,-8.017642044743752],[110.306409583336631,-8.017521421375704],[110.306061576281763,-8.017449041239445],[110.305653424367108,-8.01744835235877],[110.305113225895695,-8.017447442244872],[110.304926926837254,-8.017447126582795],[110.304488995671647,-8.01744638913874],[110.303876911691191,-8.017361595660304],[110.303264973400871,-8.017193042024473],[110.301705215324489,-8.016711777026103],[110.300937422724928,-8.016423298795416],[110.299845762672874,-8.015990681723792],[110.298910036070367,-8.015630121032473],[110.298370085811882,-8.015485614368799],[110.298194610993562,-8.015437334264789],[110.297626165715997,-8.015280931369091],[110.296906152298163,-8.015136115338635],[110.296474119785842,-8.015063585015639],[110.296221843764101,-8.015170845357432],[110.295981735569683,-8.015182400746369],[110.295549579850274,-8.015181663302315],[110.295141597008126,-8.015085239791176],[110.29436174899655,-8.014832627423004],[110.293281999565693,-8.014459842247106],[110.292814121875267,-8.01429152243503],[110.292322048824531,-8.014230848773821],[110.29181828278854,-8.013990670432293],[110.291266437197351,-8.013786306691884],[110.290726450965963,-8.013665721095322],[110.290474791879205,-8.013589041300406],[110.289778612294185,-8.013376913712818],[110.289382823359631,-8.013172816171732],[110.288854843976935,-8.013052248561621],[110.288242751902544,-8.012979399878589],[110.287318425106264,-8.012977803581975],[110.287053477636903,-8.012962250706494],[110.286898317604312,-8.01295314507081],[110.286418440259865,-8.012784795581069],[110.286022697190788,-8.012556764382339],[110.285494990302595,-8.012280640138613],[110.284990814175785,-8.012279765997619],[110.284390602145606,-8.012278726381339],[110.283934630579779,-8.012170243860851],[110.283574649951163,-8.012085858674652],[110.283154921063783,-8.011845817030007],[110.282747135173224,-8.011641691609952],[110.282602561060401,-8.011560299367545],[110.282171498916568,-8.011317619112049],[110.281967554260291,-8.011245470101585],[110.281775529218351,-8.011221204594108],[110.28124742932647,-8.01117242266838],[110.280395175098306,-8.011147004230054],[110.279638954075494,-8.011121753065652],[110.27900300658456,-8.010965087567911],[110.278739167079948,-8.01082104135719],[110.27860932476159,-8.010666800431693],[110.278547500867489,-8.010593358196104],[110.278427460260104,-8.010593147754776],[110.278271469253923,-8.010556978820716],[110.278019528679351,-8.010472778894837],[110.277659763888039,-8.010268731715769],[110.277455799446614,-8.010208547285799],[110.276927784990335,-8.01011189804484],[110.276243739957692,-8.010003007232172],[110.275739926257643,-8.009798709142331],[110.274876221861177,-8.009462153155027],[110.274757743376199,-8.009415018787308],[110.274060516081022,-8.009137647183877],[110.273676531647652,-8.009053211635603],[110.273148457836101,-8.008992454337488],[110.272680384093519,-8.008943766840559],[110.272392433764878,-8.008859501264169],[110.272020562300156,-8.008715256303219],[110.271588713249571,-8.008546976061268],[110.270533015287469,-8.008174177395574],[110.269849251742642,-8.007909723653995],[110.269465591964547,-8.007645802311117],[110.269093786150336,-8.007465660011405],[110.268745904101252,-8.007333421899091],[110.268374013750758,-8.007201140619316],[110.267857969270892,-8.007128433129878],[110.267606184279032,-8.006960467650686],[110.267318302298861,-8.006840300238878],[110.266802749748138,-8.00649238311621],[110.266550793885074,-8.006420140576211],[110.266202720280376,-8.006395591782336],[110.265686634431688,-8.006346810755929],[110.265362589812696,-8.006310337851005],[110.264930768641079,-8.006130084934682],[110.264511080223201,-8.005878059823772],[110.264211432412708,-8.005626248751582],[110.26394758031762,-8.005494157228782],[110.263443736939962,-8.005313774810077],[110.26310766928458,-8.005289243103277],[110.262615507200962,-8.005288362666988],[110.262447494057653,-8.005264133132414],[110.262291571399942,-8.005192060564355],[110.262063732656202,-8.005060031994105],[110.261799861675343,-8.004939905051799],[110.261356234203902,-8.004651936736707],[110.260936635718224,-8.004352046109261],[110.260552703445569,-8.004243667910146],[110.26016855713425,-8.004254946307924],[110.259940590686767,-8.004194709717297],[110.259664781205743,-8.004038662053802],[110.259197125647859,-8.003762615151743],[110.258897244912987,-8.003642421659606],[110.25859747119739,-8.003462399869079],[110.258381400981932,-8.003462011361933],[110.25818940381896,-8.003425769582805],[110.257961655007421,-8.003245877294603],[110.257650138843871,-8.002922247263086],[110.257506286886667,-8.002814298040619],[110.25729055301764,-8.002711958789064],[110.256990445653571,-8.002633886843626],[110.256798557308628,-8.002537816766051],[110.256714617286832,-8.002489802861305],[110.256462493250524,-8.002513279663333],[110.255382124186724,-8.00252329901025],[110.25498610592507,-8.002462756650118],[110.254818117063508,-8.002426556239755],[110.254710255974601,-8.002330638147612],[110.254542463165194,-8.002186748418922],[110.254398633691039,-8.002066832817263],[110.254195047864187,-8.001803222639808],[110.254051153638898,-8.001719202578329],[110.253715372867191,-8.001539113338595],[110.253499435751394,-8.001466930153924],[110.253236582803083,-8.001466456211176],[110.253019282315051,-8.001466062308111],[110.252455125005042,-8.001453075198469],[110.252119301965251,-8.001296915119724],[110.251819468894439,-8.001152785272041],[110.251423670067368,-8.000972585415695],[110.251207907420053,-8.00080467479512],[110.250608504779734,-8.000372828442494],[110.250248720203331,-8.00019269333734],[110.249706828308547,-7.999949149732686],[110.249022963140305,-7.99975645829312],[110.248207057710601,-7.999563524935922],[110.247307086353999,-7.999394367854961],[110.246995163696909,-7.999298075644845],[110.246047770189477,-7.998805759777213],[110.24583181238927,-7.998745537575701],[110.245531830030984,-7.998685161590117],[110.24508782484429,-7.998612559321373],[110.244907966730352,-7.998504539951739],[110.24468024939506,-7.998312674989165],[110.244476537663104,-7.998120854093315],[110.244296924164757,-7.997881215344989],[110.244033172793763,-7.99770124841308],[110.243709272066326,-7.99759296464282],[110.243277250345898,-7.997532345840284],[110.242761136618185,-7.997507470592495],[110.242329070830976,-7.997470781850325],[110.24166021085108,-7.997313298868846],[110.240853482103546,-7.997001417580577],[110.240361885693517,-7.996701375867019],[110.240265790434933,-7.99673709514002],[110.240085757852512,-7.996724798709693],[110.239510026267737,-7.996484428812551],[110.23887447717641,-7.996136258980357],[110.238238928984458,-7.995788087349524],[110.237795195393005,-7.995571890329643],[110.237123460280486,-7.995319375088286],[110.236479233630746,-7.99513475776206],[110.235939340029574,-7.994990173756719],[110.235219438127615,-7.994821325143221],[110.234607411703735,-7.994736431840067],[110.234067474035726,-7.994615777895035],[110.233491570680485,-7.994471122843265],[110.233228008167089,-7.99419542937477],[110.232904268418281,-7.99400337915182],[110.232196529847045,-7.993750790166018],[110.2316448596236,-7.993486521684815],[110.231045087361963,-7.993270028788004],[110.229977333987847,-7.992968903391386],[110.229425622395581,-7.992728564970491],[110.22883783360021,-7.992524056439265],[110.227937932390716,-7.992330927929174],[110.227410069919813,-7.992174390135176],[110.22660635659912,-7.991897681332148],[110.225850768699047,-7.991561234162816],[110.225454814289321,-7.991476732964031],[110.225279134425534,-7.991413545697753],[110.22435124271675,-7.991079803689161],[110.22365540487408,-7.99088705019642],[110.222875385991301,-7.990777894983069],[110.222371559700775,-7.990609430380118],[110.2207522566124,-7.989996142207417],[110.219504835780583,-7.989503205807523],[110.218976845605994,-7.989418450999892],[110.218280993374208,-7.989237653993712],[110.217489204164508,-7.989008813405235],[110.216985428235944,-7.988816410648042],[110.216481813286123,-7.988540253129372],[110.216109799728542,-7.988491685242252],[110.215677863443716,-7.988395143020625],[110.215174065931421,-7.988214704843926],[110.214610322309568,-7.987998256013896],[110.214178567687782,-7.987805989054323],[110.213722716631139,-7.987661537249323],[110.21311084668929,-7.98750482228894],[110.21265504239733,-7.987336440423576],[110.212031352665861,-7.987083978242197],[110.211383612364841,-7.986855397557747],[110.210843947191449,-7.986603094556358],[110.21053200025267,-7.98653070722554],[110.210184388899449,-7.986278770248248],[110.209836594084607,-7.986122554411565],[110.20935676170626,-7.985966086764677],[110.208385467816129,-7.985461681310767],[110.207737962238241,-7.985113443130103],[110.206790516570152,-7.984692837403713],[110.206250765961101,-7.984488390026399],[110.20556734685664,-7.984092219779313],[110.204799699047896,-7.983803575174079],[110.204392239611195,-7.983467759328846],[110.20412840190528,-7.983347598212276],[110.203854768783572,-7.983210552324351],[110.20416792890785,-7.982929199422188],[110.204982612158858,-7.982454343892073],[110.2056820355985,-7.982046665920109],[110.208733268926267,-7.980784174249436],[110.211808949424494,-7.979282394566042],[110.214404899167789,-7.977564302749556],[110.215534777708854,-7.976728861347055],[110.21801153220747,-7.974555828587825],[110.219118207340443,-7.973289575952379],[110.219575451446985,-7.972692162612418],[110.219720674870302,-7.972503589168525],[110.220201142170026,-7.971879688995671],[110.221525256286611,-7.969871976809486],[110.222776707879802,-7.968199156864785],[110.223330099405587,-7.967530126013685],[110.224027520055074,-7.966861364959243],[110.224460292709409,-7.966503209055077],[110.224893516823386,-7.965905745353041],[110.225447125085793,-7.965117055207145],[110.225604748361491,-7.96460420871648],[110.226218307230113,-7.963515117128168],[110.227060464769693,-7.962463723321378],[110.227613975005966,-7.961722893296098],[110.228648347344404,-7.960576128184982],[110.23016419692118,-7.958688390955672],[110.23148688021638,-7.957398567089399],[110.232304739872916,-7.956490699685219],[110.232858632321097,-7.955534481130599],[110.233487994076711,-7.954659516322806],[110.233580644032543,-7.954530710023448],[110.234831910365415,-7.95290570613264],[110.235262504861737,-7.952301172860018],[110.23552986341349,-7.951925817421738],[110.23601150612717,-7.951089116069056],[110.236733016016899,-7.950348579222748],[110.237112866266784,-7.94974901470448],[110.237671931615409,-7.948866575631143],[110.237792572969909,-7.948531760731385],[110.239429634970747,-7.945950202838787],[110.240899218025561,-7.943057224110817],[110.241574144831986,-7.941526864872117],[110.241863992730146,-7.940546217133431],[110.242057472875103,-7.939756844402041],[110.242274472989607,-7.93923075269629],[110.242684467615106,-7.938178530613868],[110.242974090682765,-7.937317536774117],[110.243167391862698,-7.936623886082657],[110.243372803313264,-7.93596823894228],[110.243457845004571,-7.935308202210933],[110.243795559318642,-7.93439943278679],[110.244735328373736,-7.932414853861587],[110.24519274784808,-7.931673817891578],[110.245259446067621,-7.9315744643892],[110.245722264172173,-7.930885048605319],[110.246445025918263,-7.929426557788588],[110.246806296174668,-7.928757139329718],[110.247599842659668,-7.92796884398615],[110.248152699988168,-7.927539081362738],[110.248733797827526,-7.927420474274641],[110.249478289892238,-7.927206434728362],[110.250488204268265,-7.926227074818826],[110.25200261223182,-7.925009304634898],[110.253568913775382,-7.924294177233662],[110.255346564993033,-7.923507626574917],[110.256013765723765,-7.923556680995205],[110.257405004338523,-7.924085647833579],[110.257677995344238,-7.924445102358789],[110.259667522339328,-7.925980239695491],[110.263123687109498,-7.928858114309719],[110.263891628097213,-7.928955197023924],[110.265312464299825,-7.92905342997102],[110.266273028378578,-7.928815810200661],[110.267137660875392,-7.928530157639841],[110.267954836147794,-7.927933312671428],[110.26915720364309,-7.926690997290905],[110.269681207123028,-7.925904289250752],[110.270192090393721,-7.925137279061403],[110.270794151429982,-7.924013559977027],[110.271205488743362,-7.92214763940126],[110.271824078419513,-7.919387515720473],[110.272173197935786,-7.917829730756637],[110.272633615749839,-7.915341678974528],[110.273108437105748,-7.912668966698675],[110.273288145932213,-7.911657395771385],[110.273455088882315,-7.910794911754977],[110.273603025560249,-7.910030615719563],[110.273671969386896,-7.909572152132284],[110.27370016673035,-7.909384638089762],[110.273702930346985,-7.907805175867395],[110.273609851414562,-7.906129821633158],[110.273901434104971,-7.904096166703937],[110.27412309810353,-7.900865822598803],[110.274075804555764,-7.900458908151279],[110.273863214716641,-7.898496169261989],[110.273531288439244,-7.896150322778396],[110.272961191107129,-7.892751083295082],[110.272651514956522,-7.891410390176588],[110.271910613884756,-7.889614251595617],[110.270378561222685,-7.887314177006886],[110.26918119575663,-7.885780484880684],[110.268738015248232,-7.885165642679453],[110.268170813733093,-7.884378737687769],[110.266973884438244,-7.882605727871237],[110.266711106133698,-7.882218729809722],[110.266136026557433,-7.881371798668795],[110.264628922887539,-7.878569193712508],[110.263838976388683,-7.877395173747459],[110.263455475790636,-7.877107325042232],[110.262425233139027,-7.876100399113341],[110.26168308560699,-7.875046116684132],[110.260941534325411,-7.873656795423983],[110.258810658186349,-7.870757349671123],[110.258094442605511,-7.868626200138237],[110.257114234635253,-7.866494582058522],[110.256436474065083,-7.865776453619617],[110.256299776214746,-7.865631615106167],[110.254022791719535,-7.863952386592587],[110.250473205375158,-7.862629846289565],[110.249938116851638,-7.862340206134775],[110.249363203649978,-7.861740897923312],[110.248308989569239,-7.86075783190762],[110.247613567213421,-7.860445480273881],[110.246870449312837,-7.859965525587711],[110.245935682286927,-7.859293774287437],[110.245096568053214,-7.858813643334145],[110.244234021084253,-7.85802236134208],[110.24358729791652,-7.857327192595051],[110.242700193160431,-7.856846970810238],[110.242393582798627,-7.856627751168958],[110.241861307354498,-7.85624717876351],[110.240878819602869,-7.855431743679219],[110.237475400070707,-7.852984602956269],[110.235655155162306,-7.850971079351041],[110.234745477422905,-7.849725003905007],[110.233956585828821,-7.84804838612331],[110.233143481787295,-7.846491379073086],[110.232521364070749,-7.845485134830312],[110.231826462422362,-7.844909519258124],[110.231275553025398,-7.844334167187242],[110.230800692099308,-7.844165779926016],[110.22948170501769,-7.843660813295116],[110.227802526866185,-7.843274837762749],[110.226368530884031,-7.842673927858698],[110.225481790353399,-7.842026156980751],[110.224595229687168,-7.841282661364914],[110.222965260639342,-7.840250617371282],[110.222721101898401,-7.839805983558506],[110.221959940000261,-7.83884879103806],[110.221098546861469,-7.83748312644434],[110.220956027699572,-7.836693134979384],[110.221028733390369,-7.836310370926071],[110.221317997628546,-7.835616902797028],[110.221870970969576,-7.835067507858412],[110.222591171446425,-7.834925250399181],[110.223071350063776,-7.834806479634551],[110.224439668556897,-7.834569689039085],[110.225759902098844,-7.834380666833511],[110.226456414433017,-7.83407084229475],[110.22710527978586,-7.833569478347954],[110.227850665776657,-7.832781113756596],[110.228499308996959,-7.832399403708735],[110.228955926276001,-7.832041272086258],[110.229220824282663,-7.831539202171655],[110.229629664178731,-7.831061325818723],[110.230014374364941,-7.830655198277952],[110.230654426361752,-7.830066367168286],[110.231168672197498,-7.829341090018488],[110.231866704385936,-7.828193663006346],[110.232421274023636,-7.826758801876395],[110.23287915125286,-7.825706663430992],[110.233337570773301,-7.824355382594035],[110.233506512916279,-7.823829202754723],[110.23367576082876,-7.823135506197843],[110.233748713833108,-7.822609151890049],[110.233723630841951,-7.822400885091952],[110.233630518634584,-7.821627757714054],[110.23353649631332,-7.820550682866894],[110.233489813405185,-7.819832662346698],[110.233490292743852,-7.819569419991922],[110.233732118643388,-7.818552783183577],[110.233877015612848,-7.818050491136432],[110.234142336300806,-7.817309105330139],[110.234239108748909,-7.816878517129055],[110.234119865840171,-7.81647147138051],[110.233713098881481,-7.815824589932049],[110.233402144794184,-7.815273607690017],[110.233210102665169,-7.814916379886199],[110.233473573447725,-7.814730936982357],[110.233995769290345,-7.814282831786443],[110.234092367269966,-7.813947971920584],[110.23409341318154,-7.813373622593815],[110.234262087326499,-7.812991030310968],[110.234358464972217,-7.812775825243364],[110.23450283763691,-7.812560703812608],[110.234767150184894,-7.812369732776119],[110.234935473594305,-7.812178589069845],[110.235079889426402,-7.811939536679461],[110.235248476337176,-7.811604805416607],[110.2355608657424,-7.811366057896464],[110.23587321198022,-7.811151242235212],[110.235945593015742,-7.810935991302131],[110.236282283002026,-7.810529769332561],[110.236594933210654,-7.810147433356576],[110.236763646925795,-7.809740908315462],[110.236788208310202,-7.80942984630957],[110.236932621444396,-7.809190794818505],[110.237124940564627,-7.808999691581676],[110.237317434153283,-7.808998064708135],[110.237509057198281,-7.80890466022106],[110.237773320283566,-7.808737618345617],[110.237917733417703,-7.808498565055913],[110.238133700211165,-7.808498955361699],[110.238397660224905,-7.80849943020371],[110.238637754929471,-7.808428068999376],[110.238926275428298,-7.808117480936176],[110.239238746671845,-7.80783086879876],[110.239527395773734,-7.807448487856618],[110.239503918971707,-7.807161269576113],[110.239624289630285,-7.806946105877273],[110.23988855181625,-7.806779063102454],[110.24000900880975,-7.806516034786398],[110.240225321842161,-7.806324973817709],[110.240561441658258,-7.806229850726254],[110.240729561820842,-7.806134444348345],[110.241569027689536,-7.806375246819357],[110.242698533911266,-7.805443951176585],[110.243779483937089,-7.804823671674285],[110.244764145350075,-7.804370737119029],[110.245700556336658,-7.804061301087359],[110.246242141562618,-7.803929841787976],[110.24697290997284,-7.80375246040694],[110.248100773133217,-7.803730534935426],[110.249612704363869,-7.803637493774488],[110.251314513954696,-7.80346153332232],[110.251458830861395,-7.80327033835465],[110.251867234586257,-7.803007816356853],[110.252467776667629,-7.802649906866918],[110.252924297719233,-7.802315674727822],[110.253189316235023,-7.801717857592223],[110.253597801798151,-7.80140747187653],[110.253745061286622,-7.801350658105605],[110.254030028563989,-7.801240715086124],[110.254438386423431,-7.801002121349995],[110.254750883747306,-7.800691564763099],[110.254991438005504,-7.800356948613455],[110.255687746193587,-7.800118860296379],[110.255793124254353,-7.800102454863577],[110.256143797799098,-7.800047867814044],[110.256431666289416,-7.800096236051672],[110.256796174105204,-7.80022418889439],[110.256911290025073,-7.800264598131889],[110.257175964100497,-7.799858228673486],[110.257584191558237,-7.799691426917036],[110.258136606420294,-7.799405217675826],[110.258665023772892,-7.799118967965171],[110.259025300278438,-7.798928148014795],[110.259193945645109,-7.798545541342833],[110.259434999926327,-7.797923748281562],[110.259581429340528,-7.797618513882526],[110.259891593823056,-7.797541643431316],[110.260491492889116,-7.797542692040793],[110.260588020721627,-7.797231752342668],[110.260708504694776,-7.79694478497305],[110.260972754290208,-7.796777727809115],[110.261332816757147,-7.796706561757617],[110.261837107997167,-7.796492059060483],[110.262365477685705,-7.796229734014219],[110.2628461482322,-7.795799806814841],[110.26320654704557,-7.795537187690229],[110.263302991241119,-7.795274110810738],[110.263279748262846,-7.794843304973767],[110.263496378755917,-7.794460779240751],[110.263616859131787,-7.794173811871133],[110.263956299244853,-7.794060189725144],[110.264168887285393,-7.794102976770148],[110.264378959022793,-7.794187203675733],[110.264528697042806,-7.794175395577213],[110.265271895882336,-7.794559586854632],[110.266686396361138,-7.79527998338375],[110.267285792706218,-7.795568196314377],[110.267752720712565,-7.795781291572553],[110.268005419415601,-7.795713029431965],[110.268317696405632,-7.79552211775075],[110.268414137003845,-7.795259039072619],[110.268438630939102,-7.79497190263038],[110.268414926608614,-7.794804342745408],[110.268607307782077,-7.79456536140151],[110.268703789749168,-7.794278350864374],[110.268896046816167,-7.794111162399417],[110.269208116062771,-7.794039907315039],[110.269719697207279,-7.793946218642247],[110.269976103815168,-7.793969437338831],[110.270168317714763,-7.793826178934182],[110.270216683254375,-7.793610879437722],[110.270289043605544,-7.793395622209403],[110.270454973918959,-7.793230707230578],[110.270852626248768,-7.793297586213839],[110.271009164042709,-7.793253272120012],[110.271297359886319,-7.793110180089911],[110.271493982262541,-7.793156736193623],[110.27168096120846,-7.793302290567453],[110.271810626360377,-7.793475332719652],[110.273264059389874,-7.793663980807253],[110.27350500665176,-7.793090039772721],[110.274395774346544,-7.791392432713792],[110.27569079809291,-7.791825414910193],[110.275811228106761,-7.791562374902867],[110.276461286859956,-7.790295117724725],[110.276726757734707,-7.789410106590367],[110.276847147279057,-7.78917099664335],[110.277087881401656,-7.788716710407073],[110.277088661113851,-7.788262013180542],[110.277281158299843,-7.787951231763145],[110.277810081970756,-7.787353847201473],[110.278555741355433,-7.786302131437424],[110.278868091190475,-7.786063347944321],[110.279419860339317,-7.786136079715504],[110.279769621072205,-7.786321516324108],[110.280211175606325,-7.786448533871919],[110.28057752163636,-7.786509069037493],[110.2816744867892,-7.786690330093847],[110.283089930656843,-7.786860246202593],[110.283642231304952,-7.78662186470649],[110.283954578442092,-7.786383077616108],[110.284219096035486,-7.786048483050251],[110.284795309656886,-7.785858002144266],[110.285107169361424,-7.785906391965625],[110.285611192603483,-7.785835447147349],[110.285660075253304,-7.785309036182298],[110.285828609104101,-7.784974277939796],[110.285997104283979,-7.784663451556241],[110.286166288344589,-7.784697496291642],[110.286596783016194,-7.78478411899107],[110.286596379220555,-7.785023433983497],[110.287076041627074,-7.785167829131183],[110.288227495803312,-7.785361215746718],[110.288659089446469,-7.785553391874714],[110.288441595604183,-7.786462425699597],[110.288416511713706,-7.787108533731043],[110.28817631358703,-7.787251721089262],[110.287119988797485,-7.787561056396839],[110.286207512367866,-7.787942424702351],[110.286495013035449,-7.788206153590295],[110.286494810687998,-7.788325811985828],[110.286373091046357,-7.789354663386177],[110.286323884640638,-7.79007252472644],[110.286730879127788,-7.790623635571535],[110.287161908896053,-7.791150854127807],[110.287736835587566,-7.791726177420344],[110.287813970439458,-7.791792071646],[110.28871924689679,-7.792565431049013],[110.289725655715472,-7.793404722449168],[110.290225237205959,-7.793836483366192],[110.290162317038323,-7.793999254361268],[110.289988157928178,-7.794266699247942],[110.289651571363947,-7.794649037921943],[110.289489106138376,-7.794946762981908],[110.289530421892493,-7.795342848692712],[110.289433709698983,-7.795773453980928],[110.289192944100137,-7.796251681069407],[110.289024366182616,-7.796610372070234],[110.288977785797215,-7.796871047759851],[110.288951691968066,-7.797017084170307],[110.288951126294478,-7.797352124799943],[110.289178921870814,-7.797517932805533],[110.289350448665346,-7.797679799982006],[110.289454315865044,-7.797783737328814],[110.289453831130459,-7.798070915139817],[110.289093486276442,-7.798309624888475],[110.288709063873227,-7.798596156986264],[110.288324803348019,-7.798786963446787],[110.288036484297379,-7.799001862744944],[110.287747640042596,-7.799527869914471],[110.287482953376639,-7.799958191916232],[110.28707485721992,-7.800053232270045],[110.286858729447829,-7.800148592782534],[110.286714265052353,-7.800435527776585],[110.286497975402312,-7.800626614825603],[110.286473654136898,-7.800818025630576],[110.286472965256166,-7.801224860038474],[110.286424444133843,-7.801535887870102],[110.286280102046135,-7.801751029085892],[110.286087928616041,-7.801870361926831],[110.285943544260192,-7.802109433202986],[110.285861955066196,-7.802372394969268],[110.286062592016037,-7.802660058414176],[110.286278073175595,-7.80294759955126],[110.286493512066954,-7.803259073446668],[110.286373002912796,-7.803569978970529],[110.286132714853977,-7.803761026449422],[110.286227866723721,-7.80414335343221],[110.286246967424631,-7.804297117716999],[110.285795667836851,-7.804406606578823],[110.285411562894353,-7.804501682905538],[110.285267219008006,-7.804716824121329],[110.285050477898267,-7.805171157122402],[110.284906133112599,-7.805386295640233],[110.284565726228323,-7.805232835326308],[110.284426569631535,-7.805170101318311],[110.284104076343112,-7.805170722749835],[110.283682597374991,-7.805216705086082],[110.283298123710495,-7.80552716274758],[110.283033796773339,-7.805742098018584],[110.282745430058583,-7.805980922880508],[110.282505260710252,-7.806100174782443],[110.282193019693125,-7.806267165396548],[110.281928651387204,-7.806506031627237],[110.281520218884054,-7.806792515161646],[110.281473953261354,-7.807089071102951],[110.281520840315579,-7.807166777923669],[110.281639301713426,-7.807319211211848],[110.281748905688517,-7.807460239297825],[110.281806911061153,-7.807534876732348],[110.282022839183753,-7.807559176414031],[110.282406784946204,-7.807559828422541],[110.282685500136779,-7.807560300566593],[110.282718373954822,-7.807775740357329],[110.282693764007035,-7.808134669678452],[110.282645200616571,-7.808469626671126],[110.282735667018471,-7.808582798256737],[110.282980582089237,-7.808805236571629],[110.283051837173616,-7.809236125146242],[110.282954993679084,-7.809738522414079],[110.283050285843046,-7.810145518699926],[110.283145498866702,-7.810600377804406],[110.28316867889248,-7.811079047359328],[110.283167578122288,-7.811725194960957],[110.283166596961905,-7.812299548784324],[110.283094158369749,-7.812562673327932],[110.2833816302591,-7.81285033587352],[110.283644985029071,-7.813209756224467],[110.283692408079219,-7.813544876893729],[110.283523900308808,-7.813855699680005],[110.283379469188219,-7.814118701915731],[110.283210754573702,-7.81454918309754],[110.283065915160876,-7.815051496728415],[110.282896914562002,-7.815649497325637],[110.282752360234269,-7.815984292440362],[110.282608010952003,-7.816199430058873],[110.282415666650763,-7.816414487637701],[110.282175081815637,-7.816773050934728],[110.282042484873841,-7.817131795894852],[110.282414235829378,-7.817252084715108],[110.282527037793614,-7.817292477764852],[110.282791398904976,-7.817387141302731],[110.283085747010659,-7.817492540947228],[110.284045184238892,-7.817757414672144],[110.285052904269151,-7.817854847222634],[110.285121556715524,-7.817927587087695],[110.285430054754272,-7.818254445685341],[110.285679880123439,-7.818726477344228],[110.285864768145586,-7.818915879963072],[110.285962843711332,-7.819005097206684],[110.285818291182238,-7.819339894119992],[110.285841839930015,-7.819603181440868],[110.28591285579472,-7.819912460990452],[110.28615307280711,-7.8200344729118],[110.286462073566895,-7.820246081590597],[110.286608493987842,-7.82034635240143],[110.286967843292359,-7.820705931932423],[110.2870392269798,-7.821065024930135],[110.287302547575564,-7.821448372643488],[110.287419421669995,-7.821734661924324],[110.287517631234721,-7.821975227873679],[110.28761317520889,-7.822238636603004],[110.287612321752306,-7.82274119574879],[110.28763373730817,-7.823183338439492],[110.287562823066878,-7.823626578303163],[110.287489896142858,-7.824176878859078],[110.287369136077814,-7.824631371939461],[110.287152509182022,-7.825013910262953],[110.287127777825731,-7.825444635160977],[110.2871507600006,-7.826042961312794],[110.287149986583643,-7.826497657640004],[110.286741497423236,-7.826808076630641],[110.286405243608158,-7.826975028573884],[110.286116823833424,-7.827237786194075],[110.285732128036329,-7.827667901351788],[110.285419464337849,-7.828074207857583],[110.285346492447729,-7.828648440272502],[110.285177854275616,-7.829031056836982],[110.285080720300073,-7.829700972620969],[110.285205115424787,-7.829706462982074],[110.285924682778955,-7.829923064696857],[110.286500347813842,-7.830091558977472],[110.287195351085643,-7.83064315905375],[110.287603234103017,-7.830691710753058],[110.28753054909663,-7.831098421953811],[110.287625769314843,-7.831553281957611],[110.287840816101834,-7.83210406994607],[110.288055620071873,-7.83279844639037],[110.288270789166631,-7.833277437003289],[110.288540754852988,-7.833647150095089],[110.28872569773381,-7.833900424364288],[110.289493475044878,-7.833997445025261],[110.290957200815228,-7.834095634804896],[110.292013320559363,-7.833977754369073],[110.292829298834135,-7.833955191278278],[110.293214399326132,-7.8332857548329],[110.293767484183093,-7.832616599875394],[110.294224857792017,-7.831779762725091],[110.294321453972941,-7.831420952114456],[110.294537838951157,-7.831182000448166],[110.295162912739272,-7.830512963301828],[110.29528346596021,-7.830178123221003],[110.29550009105742,-7.829795581300232],[110.295764107728417,-7.829772090109088],[110.296315618771814,-7.830036256966878],[110.296700749840795,-7.829342885964593],[110.297038083741597,-7.828529775627828],[110.297254826649976,-7.828075438130156],[110.297662949786343,-7.827980392380425],[110.297927247045834,-7.827789379975115],[110.298071913788817,-7.827382783887572],[110.298671700439684,-7.827479508671559],[110.299655410369951,-7.827600800235928],[110.300663400196811,-7.827554609256993],[110.301403696924126,-7.827517979870095],[110.301599393897959,-7.82750829686961],[110.303086981380147,-7.827678277729547],[110.304070575297885,-7.827871354078923],[110.30458249908412,-7.827990052897803],[110.304694281217166,-7.828015972258527],[110.304853988222021,-7.828223728241653],[110.304933743698371,-7.828327475831543],[110.305492643571711,-7.828580945253634],[110.306084812065478,-7.828831935244807],[110.306239596181456,-7.828902988881055],[110.306660361087836,-7.829075831383705],[110.306660921365449,-7.828737155694398],[110.30687713996906,-7.82859392067212],[110.307237225818369,-7.828522718647719],[110.307189824351951,-7.828163667018828],[110.307118738340137,-7.82761312634392],[110.306566867567938,-7.827564356109349],[110.306567499791356,-7.82718145086244],[110.306400149448393,-7.826798268624373],[110.306328670432833,-7.826487042042572],[110.306377140293819,-7.826199943371876],[110.306618104642837,-7.825602048894609],[110.306763318173637,-7.824860410378847],[110.306836773899022,-7.823975061998681],[110.306693618017107,-7.823472263633278],[110.30683851318787,-7.822922074593237],[110.30707935792708,-7.822395973894288],[110.307271733704567,-7.822156973664619],[110.30758330562611,-7.822396802169862],[110.308302958415823,-7.822565504193847],[110.309286582910545,-7.822734635194479],[110.310150220757123,-7.822903569243522],[110.310917712983098,-7.82316806974984],[110.311517574277673,-7.82321691193016],[110.312285420836531,-7.82326602840368],[110.313053227825264,-7.823339072239605],[110.314876736373321,-7.823533488578846],[110.315908441322563,-7.82365482061266],[110.316876421210907,-7.823803322064862],[110.317012062357833,-7.823824128779734],[110.317564437649708,-7.823561775854444],[110.317949217083765,-7.823059833643583],[110.317998067357962,-7.822533416383237],[110.318070994281982,-7.82195917497512],[110.317879750750933,-7.821504163885265],[110.317808964213384,-7.820762170137243],[110.317858086982199,-7.820068231662731],[110.317618578635518,-7.819780665344638],[110.317306844836082,-7.81963657236912],[110.316850854384484,-7.819659764985374],[110.316226570201081,-7.819874139079445],[110.315698741904441,-7.819801489146585],[110.3151475051543,-7.819369826255695],[110.315189870417214,-7.819087798862029],[110.315341588744388,-7.818077833224606],[110.315462356903311,-7.817599395694742],[110.315054597093024,-7.817479077196879],[110.315223436713268,-7.816952855089369],[110.315344087061021,-7.816546213136405],[110.31532118042918,-7.815876091407688],[110.315417481632494,-7.815684793917285],[110.315609655062588,-7.815565446687231],[110.315826290951634,-7.815158959417658],[110.315826836840074,-7.814823917888702],[110.315803931107553,-7.814153794361289],[110.315636691381258,-7.813698822841616],[110.315636963875818,-7.813531301627449],[110.315878572139411,-7.812526564648408],[110.31599956782685,-7.811904537763382],[110.316073546058362,-7.810684143357719],[110.316218852219322,-7.809870702969761],[110.316507980659821,-7.809153221143447],[110.316485268281554,-7.808363441019196],[110.316702015686531,-7.807885158172724],[110.317424405113229,-7.806354699109249],[110.318240177443272,-7.806427810394325],[110.31845622427636,-7.806380294714018],[110.318696383732174,-7.806261023026991],[110.320063771426931,-7.806526472318012],[110.321287219030978,-7.806767753228428],[110.322054999040006,-7.806840779977222],[110.322319156005278,-7.806721546061681],[110.322631191077676,-7.806674180568166],[110.323063516768912,-7.80643555625511],[110.323255915029506,-7.806172616072558],[110.323520647560883,-7.805694406071154],[110.323616557559149,-7.805742421774539],[110.324312231725173,-7.805887125389745],[110.324768169116737,-7.805887852041906],[110.325175883061604,-7.806032093405577],[110.325727231327733,-7.80639194812909],[110.325895209397459,-7.806392217026371],[110.326687217142421,-7.806321682298972],[110.326735708587137,-7.806010648172048],[110.327071584686905,-7.806059045187965],[110.327599438164611,-7.806107747973385],[110.327649189559509,-7.805006968795794],[110.327793171019096,-7.805007198122894],[110.327888239251877,-7.805581710226932],[110.328176161701549,-7.805606098941496],[110.328199356116443,-7.806108702154063],[110.32870313384359,-7.806205228187935],[110.328928054287303,-7.806272911165138],[110.328894114772652,-7.806827755995357],[110.328788133266755,-7.807265082816514],[110.328758427760306,-7.807428003099062],[110.3291569740162,-7.80752219269425],[110.329516582325482,-7.807738147796499],[110.329804240374415,-7.807930056825853],[110.330139156897644,-7.80769508196164],[110.33021198129893,-7.807608131908978],[110.330261399045355,-7.807164966689072],[110.330429910413102,-7.806830189560799],[110.330766476292865,-7.806447814913895],[110.330838807865746,-7.80623254419578],[110.330717517200696,-7.80602385381701],[110.330527384332356,-7.805897007140345],[110.33019615143229,-7.80550277223432],[110.330024557188608,-7.80520219092756],[110.330024899830335,-7.804986806894817],[110.330217291795634,-7.804723863114987],[110.330554006962871,-7.804245761032234],[110.330938486023342,-7.803911324747048],[110.331298740045838,-7.803720440944801],[110.331658726969692,-7.803697079255983],[110.332090628180993,-7.803721691901728],[110.332234874041262,-7.803554398216079],[110.332259212393808,-7.803339050156239],[110.33221167512977,-7.803051794104192],[110.332022026996015,-7.802840975030165],[110.331511680620622,-7.802301782000825],[110.331445113702102,-7.80221297394877],[110.331613698814181,-7.8018303331026],[110.331734517335178,-7.801304025559546],[110.331807455950354,-7.800705847795825],[110.33183168098833,-7.800562296212206],[110.332023881398072,-7.800419008129893],[110.332383711839896,-7.800491372078341],[110.332719587040344,-7.800539764597659],[110.332792371871506,-7.800037313370524],[110.332960348142592,-7.800037577771207],[110.332960763629387,-7.799774329121192],[110.333128739001154,-7.799774594421194],[110.333128283944177,-7.800061773131517],[110.333752229982451,-7.800038824231535],[110.33421103711072,-7.798220734098777],[110.334954846589937,-7.798269766935391],[110.335075319771249,-7.797958843425079],[110.335987143293096,-7.797984206105411],[110.336083920237797,-7.797481791750499],[110.336275777106493,-7.797553886801609],[110.336395532628785,-7.797697665014425],[110.337187296657476,-7.797770700756416],[110.337739325710345,-7.797699769427993],[110.338195104821295,-7.797796210026263],[110.338564179394382,-7.797980971244044],[110.338723699340278,-7.797366263041795],[110.338988974162874,-7.796529065263371],[110.339205804305493,-7.795978974249465],[110.339798218314172,-7.794176937914528],[110.339599190251477,-7.793515155599152],[110.339714336748273,-7.793036158690938],[110.339763454121169,-7.79231828206224],[110.340195570270396,-7.792199296359627],[110.341035504685863,-7.792152739356652],[110.342235380159707,-7.792106740832594],[110.342547775860226,-7.791820045058216],[110.342883683436298,-7.791844496725332],[110.343627409278554,-7.791941377991407],[110.343843971423212,-7.791558803695011],[110.344350008247318,-7.790195474640655],[110.344543387668239,-7.789286366172064],[110.344735690600714,-7.789071277116932],[110.344711991666145,-7.788879785373013],[110.344761508337967,-7.78789865829566],[110.34488223063147,-7.787420209074583],[110.344976161221894,-7.787089094885005],[110.345098775688996,-7.786656863622568],[110.345171927443516,-7.786295862263444],[110.345388443722754,-7.785937218926733],[110.345700760282909,-7.785698382373653],[110.34594514835095,-7.78558149209141],[110.346349125612676,-7.78538826915252],[110.346278584590038,-7.784454819633424],[110.346279586434832,-7.783808663038542],[110.346330390935861,-7.783604545712421],[110.347505948741571,-7.782135324185049],[110.347700354288975,-7.780556121866709],[110.347725090141864,-7.780077523358216],[110.347716534891219,-7.779799738066629],[110.347712921415223,-7.779682426002353],[110.34770224016728,-7.779335601555943],[110.347647063162469,-7.778946090788679],[110.347631031847698,-7.778832923699667],[110.347673049972343,-7.778725649868022],[110.347799663724572,-7.778402410142292],[110.347778449616783,-7.778165613251645],[110.347732496058882,-7.777905329666453],[110.347704680927336,-7.777756105159312],[110.347655875619239,-7.777665370759451],[110.347537195686073,-7.777444733786638],[110.347537383644408,-7.777322577074472],[110.347538601326448,-7.776535326743158],[110.34761239789492,-7.775362780766898],[110.347925183001848,-7.774812829147947],[110.348406412926636,-7.773952020568515],[110.348670949405857,-7.773569518217869],[110.349104740092741,-7.772349659808128],[110.349121194988186,-7.770839672911791],[110.348987641167753,-7.770482796742897],[110.348968628600403,-7.770329177248925],[110.34894644772146,-7.7702019231794],[110.34896441977321,-7.769980192630953],[110.349108535231778,-7.769884686428327],[110.34978112559952,-7.769407078972733],[110.350118266146126,-7.768617843837603],[110.350310590662275,-7.768378819326244],[110.350911011335143,-7.768020758750197],[110.351049561788898,-7.768670491948853],[110.351139602811486,-7.769602855986193],[110.351148385590591,-7.769696352204107],[110.351122846643079,-7.77033194176488],[110.351108308202924,-7.770693760607742],[110.351155489335383,-7.771220335249495],[110.351250587245829,-7.771794844655574],[110.351250009881085,-7.772170479783028],[110.351249374060387,-7.77258459420284],[110.351111359602612,-7.773112202165578],[110.351080416628974,-7.773230496289557],[110.351080002940819,-7.773499705646088],[110.351078799647951,-7.774283493587575],[110.350957758095092,-7.774977332237313],[110.350836972849038,-7.775503648773565],[110.350891093150494,-7.776296499183275],[110.350914624811139,-7.776641224612035],[110.351095108853258,-7.779285272796301],[110.35106960497933,-7.780266440343155],[110.350852763145554,-7.780840473108526],[110.350804331056054,-7.78112758077242],[110.350786216911445,-7.781265073623445],[110.350732873624281,-7.781663630671233],[110.350367365762338,-7.784405573657466],[110.350075399061438,-7.787013694825362],[110.349905362443565,-7.788353616325537],[110.349711513576551,-7.789573840759317],[110.349519214241411,-7.789788933411728],[110.349326545284896,-7.790243341955886],[110.349157723651047,-7.790793514808058],[110.34886807090578,-7.791893934256848]]]]}},
{"type":"Feature","properties":{"No":232.0,"Provinsi":"DAERAH ISTIMEWA YOGYAKARTA","Kode_Kab":"3403","Kab_Kota":"GUNUNGKIDUL","Kode_Prov":34.0,"Kabupaten":"GUNUNGKIDUL","Jumlah_Pengabdian":15},"geometry":{"type":"MultiPolygon","coordinates":[[[[110.68134618667824,-8.182559897820227],[110.681165384276085,-8.182561969858227],[110.680768976608022,-8.182657387027973],[110.680432649048555,-8.182716951825057],[110.68018044767058,-8.182704785796432],[110.680024346047787,-8.182668764351206],[110.679844194754821,-8.182668621358971],[110.679700009149144,-8.182752270000435],[110.679555717423455,-8.182967548812542],[110.67943978042257,-8.182961040418888],[110.679339545584583,-8.182955411562205],[110.679231521718407,-8.182871562371929],[110.679183577960828,-8.182751860808935],[110.679171700614518,-8.182584324306333],[110.679171836412195,-8.182416796796929],[110.679147901855231,-8.182309081398159],[110.679015915553123,-8.182153415946573],[110.678895921710478,-8.182021690447868],[110.678715762323634,-8.182033514734087],[110.67863164423602,-8.182093279180663],[110.678487419060161,-8.182224792439399],[110.678283219895718,-8.182260528799588],[110.678103040723784,-8.182296284045492],[110.677898871236948,-8.182296121268166],[110.677670739314237,-8.182224143128906],[110.677454675394017,-8.182080373909344],[110.677298640321055,-8.181960587810067],[110.677154597707556,-8.181864742562993],[110.677034622750682,-8.181709085205341],[110.676938708255818,-8.181505582116131],[110.676866801162987,-8.181314065191145],[110.676722960896996,-8.180966927780673],[110.676567013957595,-8.180739445168456],[110.676350960829211,-8.180583711368399],[110.67608673281751,-8.180595463708869],[110.675822406779673,-8.180726881639487],[110.675654219167939,-8.180786578636912],[110.675522090772915,-8.180810405275167],[110.67535401917371,-8.180726505722873],[110.675209985553465,-8.180618694096665],[110.675077896728624,-8.180594655218385],[110.674861716795817,-8.180594481649223],[110.674657538315785,-8.180606284351711],[110.674561264991439,-8.180845530995668],[110.674380940129311,-8.181060779230791],[110.674188604821325,-8.18127601487538],[110.674056380198806,-8.181419504405824],[110.673924162770959,-8.181551025758438],[110.67374404295424,-8.181514980930842],[110.673672118774334,-8.181347396764124],[110.673648245371282,-8.181167883090552],[110.673648439624856,-8.180928559104927],[110.673720665077667,-8.180725190914018],[110.673852940062204,-8.180521871286544],[110.673841026743048,-8.180402197602518],[110.673805095230023,-8.180282507730738],[110.673673151195999,-8.180078974963919],[110.673541158598653,-8.179935274092827],[110.673361048674508,-8.179887261986721],[110.673193113772243,-8.179635835824342],[110.673061288448764,-8.179288708306444],[110.67283323566636,-8.17912099733536],[110.672497016924865,-8.179048926565883],[110.672280829797501,-8.179060717577272],[110.672076484942863,-8.179275944228664],[110.671968229950892,-8.179479282741909],[110.671800033345903,-8.179550945219148],[110.67166797240003,-8.17949100540477],[110.671523951370318,-8.17937122470147],[110.671464204910194,-8.17900022378052],[110.671380282874793,-8.178820662442831],[110.67123631130778,-8.178641049843748],[110.670924320302163,-8.17831770939398],[110.670588297612881,-8.178006311940919],[110.670444158771943,-8.178030127787338],[110.670203903088691,-8.178101729110722],[110.669975675837804,-8.178149407568299],[110.669699449071345,-8.178149180939158],[110.669555480202291,-8.177969571038091],[110.669363588260012,-8.177646325916385],[110.669219616692999,-8.177466714216678],[110.669111677363048,-8.177287132194579],[110.66893186511453,-8.176880134110093],[110.668739745643791,-8.17683211031283],[110.668583647618277,-8.176796084371006],[110.668463628594623,-8.176700255311744],[110.668283480898992,-8.17670010782291],[110.668067324348613,-8.176675996998881],[110.667935257107501,-8.176628025362277],[110.667815206607543,-8.176568093641777],[110.667695098551008,-8.176579961994833],[110.667490902983843,-8.176615692959047],[110.667202666670789,-8.176615454638693],[110.666926390441631,-8.176675059005959],[110.666738967230629,-8.176791559881792],[110.666638006639744,-8.176854316372783],[110.666452648272127,-8.176957538758586],[110.666337622284516,-8.177021594769997],[110.665989245608273,-8.177129002600566],[110.665556882145438,-8.177140611948857],[110.665184616777708,-8.177092438864179],[110.664884412286824,-8.177044325134716],[110.664608244875637,-8.17697229843202],[110.66436808811784,-8.176924234165256],[110.664151981929479,-8.176840291445501],[110.664007953705152,-8.176732476222014],[110.663900055744023,-8.176505027784003],[110.663816277600176,-8.176157937138271],[110.663780459401721,-8.175906616196585],[110.6636003818532,-8.175822704053758],[110.663456285280404,-8.175798650786305],[110.663324166777898,-8.175810507448148],[110.663143930049387,-8.175918052875033],[110.662999680591838,-8.176073495294759],[110.663023520719946,-8.17628890540783],[110.662896710915504,-8.176431495616214],[110.662747033150083,-8.176599797441895],[110.662506726205493,-8.17673122526503],[110.662218500684332,-8.176719017867583],[110.661954546965831,-8.176407676172516],[110.661822629911512,-8.176180207050095],[110.661774784180011,-8.175952808974159],[110.661775035090841,-8.175653653092809],[110.661823305302335,-8.175378470439284],[110.661835497411346,-8.175163088205181],[110.661859676583845,-8.174971648621863],[110.661775721273557,-8.174839950102808],[110.661631642687212,-8.174791964077087],[110.661403408241767,-8.174851605316519],[110.661247149237568,-8.175007034246448],[110.661042861939563,-8.175150458126325],[110.660838605218487,-8.1752579828688],[110.660598348635915,-8.175329578796209],[110.660430374163468,-8.175137978234318],[110.660274429922026,-8.174922454806619],[110.660311136650705,-8.174120747873417],[110.660227281165135,-8.173869385562909],[110.660035470161858,-8.173462373988571],[110.659771499356282,-8.173174963253132],[110.659171257648495,-8.172887267432657],[110.658727061805507,-8.172695433047011],[110.658270774577659,-8.172599318003336],[110.657934513567966,-8.172587067438428],[110.657694206623376,-8.172718494362243],[110.657273623380036,-8.173005325934241],[110.656997176279731,-8.173268347955116],[110.65679277476778,-8.173543399307619],[110.656612537139949,-8.173650942036545],[110.656408371250393,-8.173650769366702],[110.656236671786019,-8.173620427140179],[110.655964125045386,-8.173518762380183],[110.655796101110241,-8.173386990116683],[110.655640099312166,-8.173243263165261],[110.655484114601279,-8.173075602556196],[110.655316000733876,-8.173051527705013],[110.654991718693907,-8.173075184371442],[110.654811460381666,-8.173206658959316],[110.654463158349131,-8.173230294042014],[110.654223015081129,-8.173170257100878],[110.654187088964022,-8.173050563631818],[110.654211334686408,-8.17278732757228],[110.654163497948105,-8.172553945407458],[110.653968446687486,-8.172513706141842],[110.653767265647843,-8.172451893039636],[110.653647271805198,-8.17233212942341],[110.653527392176443,-8.172080733838015],[110.653383317187377,-8.172032746912919],[110.653131176063994,-8.171960732800756],[110.652866973233301,-8.171948539792481],[110.652662819934221,-8.171936398944865],[110.652662933248791,-8.171804770572919],[110.652627038607989,-8.171649178865721],[110.652627121345631,-8.171553448731856],[110.652567135665834,-8.171481600994298],[110.652410999868778,-8.171493433374451],[110.652242864417701,-8.171493287684257],[110.652134757813883,-8.171517126913045],[110.652002620425662,-8.171552911836613],[110.65185845190706,-8.171612619625876],[110.651738344749845,-8.171624482583013],[110.651678379754458,-8.171528700288491],[110.651678514652758,-8.17137314005754],[110.651726667952403,-8.171241553054415],[110.65188298001658,-8.171026294027456],[110.652039177866811,-8.170942666070403],[110.652219426286536,-8.170823158760982],[110.652435733023708,-8.170667784689726],[110.652567963941408,-8.170524303253217],[110.652568107832963,-8.170356775743812],[110.652568232838746,-8.170213180992732],[110.652517690040384,-8.170122350365375],[110.652386130916284,-8.170091803992761],[110.652292124782775,-8.170081315199752],[110.652088172931883,-8.170092429021565],[110.651709321828776,-8.170104214636979],[110.651499596330382,-8.169960970621503],[110.651127505431077,-8.169721327376578],[110.650779394054837,-8.169529566735321],[110.6506112604024,-8.169529421045127],[110.650503110631121,-8.169601124891187],[110.650467009146212,-8.169684858068933],[110.650298863802561,-8.16969667785861],[110.650118803341172,-8.169600793041354],[110.650106971860282,-8.169397358300614],[110.65007109880321,-8.169217832935828],[110.649831073346377,-8.169026165824107],[110.649590903998046,-8.169002025322413],[110.649230574432522,-8.169049578774263],[110.648906242929797,-8.169133060141803],[110.648749961442604,-8.169312418232721],[110.648509603236676,-8.169503668958328],[110.648365372664841,-8.169635172324547],[110.648173198335485,-8.169658936909627],[110.648041134691653,-8.169610958078465],[110.647789122171275,-8.169395347416526],[110.647645280106644,-8.169084099250995],[110.647477408156931,-8.16878479678013],[110.647189420056748,-8.168509323645594],[110.646805262054272,-8.168341461588398],[110.646529041583051,-8.168341220570085],[110.646348929860267,-8.168305164950596],[110.646289052099121,-8.168113653421585],[110.646096897554798,-8.168113484349021],[110.645676565222345,-8.168113117425605],[110.645316235656821,-8.168160666380857],[110.645027943585774,-8.168232210147551],[110.644751597209506,-8.168375562981055],[110.644535350726926,-8.168459136079491],[110.644415243569654,-8.168470997237932],[110.644199188642688,-8.168339179109012],[110.643899046205092,-8.168231218195388],[110.643779109919024,-8.168051619985476],[110.643731241704472,-8.167860118348983],[110.64367148984843,-8.167525012068836],[110.643515589673768,-8.167273585007138],[110.643299535646122,-8.167141765978897],[110.643107436859793,-8.167081765010664],[110.642903286258729,-8.167069618767073],[110.642723176334584,-8.167033562248321],[110.642723292347114,-8.166901932976998],[110.64279545574675,-8.166782333936737],[110.642933701330321,-8.16665465268926],[110.642981912186542,-8.166435478913399],[110.642795828066085,-8.166363516961951],[110.642615707350046,-8.166339425922956],[110.642555798112653,-8.166183811732708],[110.642483867637452,-8.166040154029076],[110.642339830419871,-8.16595626257066],[110.642171685975597,-8.16596808056164],[110.64203957196969,-8.165979930028925],[110.641883448763224,-8.165979792432665],[110.641787340014787,-8.166015606134522],[110.641631281559455,-8.165943670263346],[110.641439225940587,-8.165835803778521],[110.641391337940945,-8.165668234900295],[110.641391530395879,-8.165452843672995],[110.641295582626071,-8.165309162586993],[110.641055702859433,-8.164961930747722],[110.640887635756826,-8.164889984084709],[110.640719492211815,-8.16490180207569],[110.640491311725725,-8.164901598828919],[110.640268207013207,-8.164895049066445],[110.640070992883068,-8.164889260130451],[110.639794785901699,-8.164877047337086],[110.639590745017927,-8.164745237302043],[110.6393629296565,-8.1643381825603],[110.639183078737119,-8.164014934740635],[110.639027162374703,-8.163787438638565],[110.638895230031892,-8.163595860559724],[110.638691241308777,-8.163404220427651],[110.638367159817619,-8.163212469678911],[110.638090944742373,-8.163212224163999],[110.637862703102314,-8.163283819192088],[110.637564755909807,-8.163283551194127],[110.637343196232564,-8.163264463083692],[110.637178200314736,-8.163247306717039],[110.63695008457978,-8.163175306094672],[110.636842164135601,-8.162995715079376],[110.63679436426952,-8.162732415168023],[110.636818717011238,-8.162361485293502],[110.636795055848211,-8.161966577694614],[110.636638902064703,-8.162002338336436],[110.636470750425815,-8.162026118210008],[110.636266633099694,-8.161978071030376],[110.636050518817456,-8.161918045780396],[110.635870531201078,-8.161750357292362],[110.635654557213115,-8.16153477001285],[110.635534475236909,-8.161522694815687],[110.635270302983145,-8.161486560055891],[110.634970112881433,-8.161438424742698],[110.634718014925511,-8.16133050160056],[110.634489926170204,-8.161234566421285],[110.634371683307563,-8.161172716446913],[110.634237848898636,-8.161102709621559],[110.634033766646041,-8.161018763304469],[110.633817600203145,-8.161018567252256],[110.63358938914007,-8.161054258646288],[110.633469351230644,-8.160994318831968],[110.63344548502215,-8.160826770638153],[110.633349475199168,-8.160754886927691],[110.633061372885095,-8.160622996853022],[110.632749273061563,-8.160467154234993],[110.632377159679208,-8.160275356721513],[110.632125075213082,-8.160155466300921],[110.631884931945081,-8.160107383148386],[110.631500667822593,-8.16007113597334],[110.63110439505283,-8.16003487620776],[110.63081619291404,-8.160010681746769],[110.630600125396541,-8.159902789181558],[110.630192021145888,-8.15967505835647],[110.629939889915022,-8.159603030754454],[110.629483561318352,-8.159578681610071],[110.62915931075463,-8.159578383934445],[110.628919190868999,-8.159506368023642],[110.628655087863081,-8.159398428693748],[110.627970781127715,-8.159158477880624],[110.62749045502153,-8.159110170796964],[110.627106215180731,-8.159049987266314],[110.626926132236235,-8.158989989895304],[110.626854264713586,-8.158786500295946],[110.626722297297249,-8.158642783237042],[110.626602227012199,-8.158618739862163],[110.626398059324003,-8.158630519182339],[110.626157862996024,-8.158642261630291],[110.625941707344964,-8.158630097400248],[110.625725641626104,-8.158522202137135],[110.625581586422129,-8.158462238041068],[110.625377475391247,-8.158414183666821],[110.625173373353562,-8.158354164712136],[110.624994312038893,-8.158252311993806],[110.624862433655437,-8.158012865700414],[110.624718400934512,-8.157928969745342],[110.624442390005356,-8.157713323110556],[110.624214226606341,-8.157701143592078],[110.624082171056386,-8.157653156667038],[110.623758044599128,-8.157521228820826],[110.623457904859492,-8.157425219897164],[110.623206002955726,-8.157113864712301],[110.623098021357634,-8.157006068374528],[110.622989972310393,-8.156970071210992],[110.622797858235629,-8.15693399220919],[110.622617856230136,-8.156790230184185],[110.622606049030992,-8.156574827265672],[110.62258224397641,-8.156347448075451],[110.62248633937412,-8.156167866053352],[110.62233034297202,-8.156036092890588],[110.621802333911603,-8.155616783087282],[110.621286336196533,-8.155197484075813],[110.620878217556765,-8.154993677915115],[110.620133923342962,-8.154705792337666],[110.619677645108254,-8.154633566884797],[110.619185384998559,-8.15451344174113],[110.618897235020427,-8.154441376367629],[110.618477087048973,-8.154261486777386],[110.618104986257151,-8.15406967757275],[110.617840968686778,-8.153877969991527],[110.617684930016537,-8.153794058748019],[110.617288631166446,-8.153793684630045],[110.616940481119343,-8.153673695283999],[110.616664454901695,-8.153481974212923],[110.616448291156757,-8.153481770066833],[110.616172219973009,-8.153337913613029],[110.616016261342452,-8.153170240413488],[110.615848353419835,-8.152942723627007],[110.615752495582228,-8.152715275188996],[110.615608503330805,-8.152595477398563],[110.615464394167532,-8.152595339802303],[110.615260298425085,-8.152535314552324],[110.615068267087906,-8.152415471795791],[110.61484024488243,-8.152259694828274],[110.61463621658919,-8.152127873102074],[110.61440806937793,-8.152103723607183],[110.614275878030412,-8.152199327835888],[110.614167705776026,-8.15229495274906],[110.613999579318204,-8.152294793569069],[110.613795460193387,-8.152258701077415],[110.613531340999657,-8.152174684613215],[110.613327235364693,-8.152126626641689],[110.613075229139554,-8.151934928053663],[110.613003358918945,-8.151743400336841],[110.613111543763807,-8.151635807245896],[110.613267763197769,-8.15152826091969],[110.613243930264218,-8.151336779068288],[110.613171989896443,-8.151217048727005],[110.612715890626873,-8.150965323090361],[110.61237982387081,-8.150773543563389],[110.61194767444664,-8.150593635986695],[110.611623581264325,-8.150437767288338],[110.611347385974113,-8.150425535609202],[110.611227342668769,-8.15037755587872],[110.611203602365379,-8.150090344792773],[110.611107577253961,-8.15004238844466],[110.610807493272262,-8.149898505910528],[110.610531413095259,-8.149766613137899],[110.610087266715027,-8.149574728390178],[110.60972719705353,-8.149370956403686],[110.609487262428274,-8.149119434913189],[110.609139374983215,-8.148736181628692],[110.60895935678991,-8.148616346966037],[110.608743336037151,-8.148472545370851],[110.608611389305224,-8.148316857436214],[110.608611633021496,-8.148065567071455],[110.608599534442021,-8.147943824047445],[110.608587848651325,-8.147826219703461],[110.608491927861223,-8.147670567741727],[110.608346466117553,-8.14758985898402],[110.608878371041044,-8.146833908657129],[110.608311175821143,-8.147570278045066],[110.608071839245042,-8.147442803641695],[110.607651691273588,-8.147274872336709],[110.607123580589814,-8.146987172918898],[110.60697949840619,-8.146963100765674],[110.606679170708219,-8.147070504999022],[110.606474997624105,-8.147094239906437],[110.606282985172697,-8.146962426274172],[110.60621116621337,-8.146723033040757],[110.606019024259581,-8.146722845981742],[110.605802817347183,-8.146770500157629],[110.605598610088805,-8.146830132403863],[110.605346376335262,-8.146877753304864],[110.605106269040107,-8.146805722105569],[110.60478227658183,-8.146554116978109],[110.604254370044202,-8.146062989114853],[110.603738448771423,-8.145595803902438],[110.603474314289201,-8.145535714800587],[110.603270164587457,-8.145535516050415],[110.603186220968382,-8.145415773118657],[110.603102289040464,-8.145284062009068],[110.602898090775341,-8.145331726976792],[110.602909910564961,-8.145523198036358],[110.602897773314623,-8.145654812918451],[110.602777661660809,-8.145678628764927],[110.602489533266407,-8.145594582623062],[110.602273516110927,-8.145450777430653],[110.601961335348392,-8.145402606144557],[110.601408964553116,-8.145366165615258],[110.600712525963331,-8.145293684754961],[110.600088068210823,-8.145293069618674],[110.599961085736538,-8.145305596275421],[110.599607669259569,-8.145340460293198],[110.599235301369106,-8.145435822604327],[110.598922929050957,-8.145579107089304],[110.598574471435768,-8.145782188396481],[110.59832214325337,-8.145925532236731],[110.598153781173096,-8.146164688948431],[110.598189640740372,-8.146332249732723],[110.598309573429106,-8.146487928674162],[110.598429495326002,-8.146655574894055],[110.598357286960265,-8.1468110631792],[110.598225046149992,-8.146954524830676],[110.598164848230226,-8.147110028404256],[110.598164691748195,-8.147265585937248],[110.598164487602048,-8.147469011684734],[110.598044257237746,-8.147612486826006],[110.597936093976614,-8.147696141762708],[110.597779966273492,-8.147707954357827],[110.597660010202333,-8.147576207275335],[110.597612188752578,-8.147360769283296],[110.597576340876458,-8.147181241220494],[110.597456337141296,-8.147097358755275],[110.59730022202865,-8.147097204071883],[110.597119969112327,-8.147216687099615],[110.597011711422397,-8.147396072170181],[110.596843503126195,-8.147479667751668],[110.596759321186767,-8.147599245208198],[110.596819187256756,-8.147778797552689],[110.596927049244982,-8.147994295799322],[110.596950817427341,-8.14824560864713],[110.597070700653376,-8.148449153105105],[110.597058549013866,-8.148592734366389],[110.596926437705974,-8.148604569444501],[110.596794412733004,-8.148532640767939],[110.596566243938071,-8.148532414138799],[110.596470149578806,-8.148556250669628],[110.596421969299513,-8.148699796857329],[110.596529809704009,-8.148939226962966],[110.596577569999909,-8.149214496850732],[110.596553371941582,-8.149393964658941],[110.596289140332601,-8.149429600295036],[110.59585683172844,-8.149417204039935],[110.595544611395724,-8.149404927394698],[110.595412681750929,-8.149237268584272],[110.595328872130779,-8.148985897280511],[110.595256998312891,-8.148806332345544],[110.595137030550575,-8.148686550742923],[110.595029191045398,-8.148447119737966],[110.595029479727771,-8.148159932034446],[110.59507769597991,-8.147980487608606],[110.595257984869136,-8.147825109040753],[110.595474228653757,-8.147741560224006],[110.595402247816537,-8.147669690902717],[110.595186269331919,-8.147489982975515],[110.594910438267163,-8.147118757224064],[110.594694231354765,-8.147166406004033],[110.594598064150375,-8.147262039011082],[110.594669983833739,-8.147393739328777],[110.594681811717294,-8.147573242210569],[110.594645702138507,-8.14765696999234],[110.594561602936665,-8.147692784593517],[110.594405476132863,-8.147704596289259],[110.594273379214144,-8.147704463189598],[110.594237183300436,-8.14787195202814],[110.594237026818405,-8.148027513158411],[110.59415282059723,-8.148171021574569],[110.593876544368072,-8.14824254285827],[110.593588427664827,-8.148146524941353],[110.593396381938533,-8.148050604151251],[110.593344139421561,-8.147804078394699],[110.593300865843332,-8.147500062577024],[110.593240932324193,-8.147392309406769],[110.593132972309888,-8.147272538595985],[110.592916838242559,-8.147248389101094],[110.592820633266683,-8.147379920346225],[110.592796507154105,-8.147487591678214],[110.592592211762224,-8.147630979585244],[110.592400032936212,-8.147666687167089],[110.592243942105313,-8.147642597926733],[110.592075938854521,-8.147522766861414],[110.59193202844142,-8.147331163601507],[110.591836089664866,-8.147199439002122],[110.591703991846771,-8.147199305902461],[110.59170385874711,-8.147330934274407],[110.591583635577365,-8.147462442137169],[110.591451455021684,-8.147546070993599],[110.591259374221806,-8.147486046642939],[110.591091287334109,-8.147449980231613],[110.590935244167213,-8.147378023676026],[110.590815289894749,-8.147246275694272],[110.590731398436333,-8.147078665447225],[110.590599375262002,-8.147006734072704],[110.590431249703443,-8.147006565000197],[110.590347090247064,-8.147102209698403],[110.590190965241902,-8.147114017796866],[110.590046907339968,-8.147066006590137],[110.589975011038973,-8.146910375312757],[110.58993907143207,-8.146826574685861],[110.589734934320802,-8.146814402361997],[110.589518847018212,-8.146742388249834],[110.58937482688782,-8.146658478804966],[110.589170884030125,-8.146454847112693],[110.588930586078732,-8.146574266288553],[110.588774409812231,-8.146633938104969],[110.588522321748769,-8.146537952563676],[110.588306224553662,-8.146477903931327],[110.587994131025368,-8.146345958997983],[110.587826153854962,-8.14620219427502],[110.587730290621437,-8.145998673199415],[110.587634332059849,-8.145890879559659],[110.587478362637398,-8.145747127427171],[110.58727436132375,-8.145603325832042],[110.587154494285528,-8.145387813196237],[110.587058509643555,-8.145303953214068],[110.586782320648638,-8.14529170534712],[110.586494110415913,-8.145291412168149],[110.58607375380177,-8.145338848708093],[110.585953740174034,-8.145266928125409],[110.585845833219651,-8.14509929269741],[110.585677820076398,-8.144991426212528],[110.585461662626699,-8.144991204979306],[110.585341674179972,-8.144895353436993],[110.585233730353423,-8.144763615347756],[110.585029681375715,-8.144667678369842],[110.584909728002572,-8.144535927690129],[110.58489786774345,-8.144392320348516],[110.584970118377328,-8.144200937422511],[110.58499433172409,-8.144009503235168],[110.584947000404782,-8.143327383651012],[110.584827172037421,-8.143075971877806],[110.584707256435763,-8.142908322959954],[110.584575333985526,-8.142740662350889],[110.584407372103612,-8.142584931248791],[110.584203458923525,-8.142357364100292],[110.583951697314035,-8.141950258097154],[110.58366420474033,-8.141255926618896],[110.583460353613475,-8.140968529373311],[110.583220329955338,-8.140824690006639],[110.582908315567352,-8.140620944100476],[110.582440388414227,-8.140225579645971],[110.582056260988679,-8.140081591891146],[110.58133601734437,-8.139817595005184],[110.581191901885802,-8.139829412096901],[110.580951729839512,-8.13982916478335],[110.580759593281641,-8.139828966033178],[110.580591557655282,-8.139745028709285],[110.580459714345409,-8.13950556982536],[110.580315660040753,-8.139457556819991],[110.580099505289013,-8.13945733378813],[110.579931448078923,-8.139397329222561],[110.57981156125561,-8.139205745747745],[110.579679654093809,-8.139026117860226],[110.579475556552723,-8.138978041902305],[110.57927142393811,-8.138965865081786],[110.57918747582238,-8.138858082233924],[110.579031427259622,-8.138798090258831],[110.578971583672683,-8.138606569736623],[110.578827855821942,-8.138247435370033],[110.578659800410492,-8.138187429905145],[110.578431562367768,-8.138258990759027],[110.578215307791254,-8.138354496062334],[110.578059009216929,-8.138533825374964],[110.577914668028541,-8.138761032794605],[110.577686418294604,-8.138844558228982],[110.577494317709636,-8.138808460341352],[110.577254296749459,-8.138664615578762],[110.577014275789224,-8.138520771715434],[110.576834298964798,-8.138376990804659],[110.57663034171793,-8.138197287374112],[110.576282220449173,-8.138077262954539],[110.576107224070199,-8.138138358397725],[110.575957788222411,-8.138268383278444],[110.57582560586809,-8.138352006738899],[110.575753643017265,-8.138268170139156],[110.575717805033719,-8.138088639378395],[110.57566997279207,-8.137897131446664],[110.575525931977211,-8.137837151162785],[110.575141711022184,-8.13778888364925],[110.574781543334609,-8.137704743977963],[110.574289231064199,-8.137668328629672],[110.573832995097689,-8.137584089133611],[110.573376922807768,-8.13734428580932],[110.573208792752609,-8.137356075921389],[110.57311266062186,-8.137415807093021],[110.572956460972932,-8.137499403573827],[110.57272828678208,-8.137511129833968],[110.572500111691852,-8.137522856993428],[110.572332068870935,-8.137450884250086],[110.572248099171475,-8.137367030563212],[110.572116016641928,-8.137354926587761],[110.571863838646266,-8.137354661287759],[110.571455471793627,-8.137426026988749],[110.571297249569454,-8.1374460710785],[110.570987076993049,-8.137485364257373],[110.570662833623942,-8.13749698709546],[110.570266640893806,-8.137412805156032],[110.570038518863612,-8.137376665000261],[110.569834334987604,-8.137412348300415],[110.569750173732587,-8.13750798670344],[110.569702024030221,-8.137615631955043],[110.56959394800333,-8.137615516841834],[110.569413898333778,-8.137543528809999],[110.569185734934763,-8.137543287791686],[110.568765436776516,-8.137542841727964],[110.568429225229636,-8.137518552838117],[110.567996981376609,-8.137458262288192],[110.567540658175858,-8.137457775754967],[110.567048411556016,-8.137361523114976],[110.566460084066648,-8.137277134331498],[110.565967851835921,-8.137168911715094],[110.565175484362157,-8.13698857156453],[110.564779306920514,-8.136892418749312],[110.564227161855058,-8.13666447208692],[110.563914850690878,-8.136747897696523],[110.563734620257549,-8.136843433576814],[110.563542677953251,-8.136663737340825],[110.563314465990857,-8.136711357342449],[110.563134350670794,-8.136699195810422],[110.563038464954218,-8.136531566677661],[110.562846457898786,-8.136411698740119],[110.562402171224278,-8.136387289341144],[110.562222108964193,-8.136327264990484],[110.561993986933999,-8.136291121237434],[110.561861840552524,-8.136338841963209],[110.561777834880218,-8.136290887413736],[110.561778003952782,-8.136135327182785],[110.561682091256557,-8.135991629908972],[110.561490008658041,-8.13594355844765],[110.561285930002725,-8.135883507117342],[110.56093769721798,-8.135871165720914],[110.560637486431915,-8.135870841065639],[110.560409444441348,-8.135762899037729],[110.560301484426986,-8.135655087411578],[110.560205677850774,-8.13541566180254],[110.560025524759226,-8.135439399407971],[110.559833404389167,-8.135427225285412],[110.559689340191937,-8.135391169665922],[110.559533323105427,-8.135307237738004],[110.559317275373019,-8.135211274679762],[110.55911318412717,-8.135163188829324],[110.558873328642278,-8.134875741221663],[110.558609249018673,-8.134779726002762],[110.558309117372914,-8.134707603072627],[110.558021045635769,-8.134587629015073],[110.557863745216707,-8.13446718281341],[110.557661095584137,-8.134312015586261],[110.557457031317995,-8.134239997876819],[110.557072787879918,-8.13421564693374],[110.55690472257595,-8.134167598854788],[110.556676564572854,-8.134167350641917],[110.556280287306436,-8.13416691806799],[110.55584798409825,-8.134166445923938],[110.555487694102851,-8.134201949359692],[110.555055656194611,-8.133962154129279],[110.554611477438755,-8.133842007401938],[110.554143268797873,-8.133733799174706],[110.55383110422315,-8.133685591915707],[110.553519124009426,-8.133469858946057],[110.553374984269169,-8.133505598903469],[110.553218770231126,-8.13360115726681],[110.553038749339862,-8.133505229282093],[110.552918732114847,-8.133445266984666],[110.552618443087738,-8.133516731611053],[110.552294215906386,-8.13351637637885],[110.552162058733074,-8.133576060785799],[110.552209891874043,-8.133755605036356],[110.55218570370829,-8.133911138287601],[110.552065527303284,-8.133994768043294],[110.551897382858954,-8.134018514641923],[110.551753456258041,-8.133862797029678],[110.551801675208196,-8.133695324378891],[110.551681604023827,-8.133683225799416],[110.551513407418838,-8.133754837015317],[110.551381155816728,-8.13389828427762],[110.551224939980045,-8.133993840842265],[110.55121270560295,-8.134197251301316],[110.551296525115561,-8.134412733360136],[110.551032313291671,-8.134436373838753],[110.550840138962315,-8.134472059836867],[110.550671995417304,-8.134495806435496],[110.550407863633041,-8.134447648639252],[110.550215675813831,-8.1344953010165],[110.550119487925087,-8.134602889610846],[110.549999470700072,-8.134542927313419],[110.549963886325315,-8.134148007124054],[110.549723718775624,-8.134147740025355],[110.549555628290648,-8.134123621107449],[110.549399598613604,-8.134051651062066],[110.549135507298843,-8.133967595927004],[110.549147717394305,-8.133788118226278],[110.549243943953911,-8.133644631393793],[110.549328242805188,-8.133429334595291],[110.549376504023485,-8.133225964605799],[110.549304760607242,-8.132950664141049],[110.549209055654444,-8.132627473878017],[110.549137191729073,-8.132459868127626],[110.54899326602748,-8.132304149616004],[110.548861321993456,-8.132172375553864],[110.548704150177457,-8.132008270864219],[110.548597447415318,-8.131896862849146],[110.548489518877261,-8.131765115766655],[110.548417831218956,-8.131441950684689],[110.548385582429717,-8.131182188706248],[110.548478770180168,-8.130640291415489],[110.548493475894247,-8.130534908858181],[110.548527190578454,-8.13029332667486],[110.548539372794892,-8.130137780833138],[110.548419545326794,-8.129910291925626],[110.548347789320076,-8.129646957840009],[110.548348057318037,-8.129407636552401],[110.548396396777321,-8.129132470086631],[110.548192885594233,-8.128569837127486],[110.54801288358874,-8.128461941864316],[110.547856858408352,-8.128389971818933],[110.547772745716713,-8.128437742007407],[110.547820563569189,-8.128629252637097],[110.547880351398135,-8.128856675894099],[110.547856135353413,-8.129036140104972],[110.547723855872277,-8.129203519226223],[110.547615513646065,-8.129442720904024],[110.547471173356996,-8.129657949354055],[110.547362736701984,-8.129980912987946],[110.547254368395443,-8.130244047424071],[110.546966088015608,-8.130315522842295],[110.546665719848136,-8.130458781246944],[110.546437442235231,-8.130566220553817],[110.546341227366781,-8.130697741007111],[110.546328965110717,-8.13092508332511],[110.546387596411478,-8.131226305848543],[110.546424480306541,-8.131415800198226],[110.546484144928399,-8.13175091727021],[110.546459952266048,-8.131906448722816],[110.546303683369331,-8.132049868106151],[110.546111307591843,-8.132265042596828],[110.545924746830622,-8.13236578285381],[110.545690827770557,-8.132432098861443],[110.545510716947092,-8.132419931933498],[110.545318664026183,-8.132347921418614],[110.54513882299932,-8.132096431404364],[110.545018982041427,-8.131880907077402],[110.544796828811627,-8.131880657965212],[110.544874585994421,-8.132143999245386],[110.545138188977262,-8.132658836835049],[110.545221989604158,-8.132886286172379],[110.54522166674758,-8.13317347207726],[110.545293245587857,-8.133592364595131],[110.545413112626079,-8.133783957063144],[110.545532983261637,-8.133975548631838],[110.545676623878137,-8.134382556608898],[110.545664305864079,-8.134657764443489],[110.545615881868514,-8.135004724687519],[110.545555664163601,-8.135160216569943],[110.545435553409106,-8.13518401622855],[110.545363611242692,-8.135088206055059],[110.545339795396274,-8.134908687884831],[110.545256115278562,-8.134573543833199],[110.54512421081472,-8.134405872432239],[110.545028291823257,-8.134274137040961],[110.544884271692808,-8.134202177787472],[110.544620156096357,-8.134142052712775],[110.544331981836535,-8.134117797097872],[110.544043782395704,-8.134117473341917],[110.543875568703584,-8.134201048238992],[110.543827332666297,-8.134380483671578],[110.543802951146347,-8.134703541734268],[110.54368269110438,-8.134858966167542],[110.543586514906792,-8.134954586584115],[110.54347846585955,-8.134930534215982],[110.543418519749935,-8.134846703012158],[110.543298651812393,-8.134655111443408],[110.543130832922657,-8.134391667640557],[110.542998904177125,-8.134247927199283],[110.542734882110153,-8.134104036571216],[110.542530930259261,-8.133936282432671],[110.54235096692463,-8.13379248623346],[110.542279066127037,-8.133660777821831],[110.542123093107307,-8.133540942259856],[110.54193098712642,-8.133516793664285],[110.541678880177244,-8.133456677582785],[110.54135477530366,-8.133348617743707],[110.541078666348426,-8.133276510102064],[110.540910671191568,-8.133168625630788],[110.540898881079556,-8.132977153671902],[110.540887117947193,-8.132761751652708],[110.540815163190302,-8.132677907858351],[110.540695080314777,-8.132677772060731],[110.540514900243522,-8.132725433431176],[110.540538699002809,-8.132916917081275],[110.54056255262077,-8.133060537013364],[110.540454301226077,-8.133215974037171],[110.540310145298008,-8.133263674977798],[110.54007003440563,-8.133215539664604],[110.539962106766836,-8.13308379078353],[110.539842133608602,-8.132987925751365],[110.539746080618158,-8.13297584965494],[110.539589944821159,-8.132999606146086],[110.539349778170788,-8.132999333651526],[110.539177534616556,-8.132989602087662],[110.538929554656249,-8.132939026913732],[110.538821548776525,-8.132879072710239],[110.53871362293637,-8.132747324728427],[110.538653732584748,-8.132615628907331],[110.538557926008536,-8.132388165180885],[110.538402009646063,-8.132220463202998],[110.538294222301545,-8.131969053228431],[110.538126077857271,-8.131992794431142],[110.537921882290107,-8.132040426123979],[110.537645693295133,-8.132040113159917],[110.537453559435278,-8.132039892826015],[110.537309487144171,-8.132015798189741],[110.537261645009949,-8.131848217620359],[110.537261864444531,-8.131656760949966],[110.537394080073796,-8.1315492164224],[110.537490214003242,-8.131489495143285],[110.537418233165965,-8.131429583207876],[110.537286210890954,-8.131369602024733],[110.537082166409903,-8.131285608043584],[110.536926168209163,-8.131189700743278],[110.536818093081592,-8.13118957843551],[110.536781971811592,-8.131273299022723],[110.536803589714964,-8.131398005312917],[110.536829690738671,-8.131548573407144],[110.536769471235175,-8.131704064390249],[110.536589181446629,-8.131847452297279],[110.536421064881267,-8.131847259842345],[110.536313073390659,-8.131775339259718],[110.53610911074793,-8.131619548802348],[110.535845190304315,-8.131391889922952],[110.535581104385528,-8.131307827593389],[110.535340937735157,-8.131307553300132],[110.535148805673884,-8.13130733296623],[110.535016879626369,-8.131163588927677],[110.53499311144401,-8.130948171620048],[110.53496927491318,-8.130792587107408],[110.534789357443913,-8.130612889972099],[110.534597390857925,-8.130469076685756],[110.534525518838677,-8.130313436415179],[110.534501793823779,-8.130062120869354],[110.53442999285096,-8.129846648703051],[110.534225853041733,-8.129846414879353],[110.534057723885894,-8.129858187904233],[110.533925482176301,-8.129989664290747],[110.533925274432931,-8.130169154582006],[110.53392498395192,-8.130420442248806],[110.53385281065971,-8.130528054225522],[110.533756661441828,-8.130599740984451],[110.533612508211718,-8.130647439227118],[110.533540235994167,-8.130838813159869],[110.533504058966173,-8.130970399263731],[110.533395887611164,-8.131054037113302],[110.533215708439229,-8.131101694886524],[110.532987552234772,-8.131101433183801],[110.532807385653371,-8.131137123678513],[110.532651055602798,-8.131328401383826],[110.532506763877109,-8.131495760719986],[110.532326583805855,-8.131543416694512],[110.532110436248672,-8.131543169380961],[110.531870354134583,-8.131471095913525],[110.531606182780138,-8.131458825563527],[110.531414065108038,-8.131446637951171],[110.531306158153711,-8.131302920892267],[110.531318375443732,-8.131123444090861],[110.531366546729771,-8.131003838755362],[110.531402876642517,-8.13074062697757],[110.531355038105573,-8.130573046408188],[110.531210871385667,-8.130632711029989],[110.531036681698538,-8.130692339678944],[110.530814514978942,-8.130704049751273],[110.530670484955976,-8.130644053279639],[110.530586607886676,-8.130488397720569],[110.530502773085573,-8.130296843923418],[110.530418854647451,-8.130177085703167],[110.530346736213971,-8.130236833062611],[110.530262468838885,-8.130416227126375],[110.530178203262494,-8.130595621190139],[110.530046041592584,-8.130655299301793],[110.529925958717058,-8.130655159906894],[110.529757969855496,-8.130547270039699],[110.52960201572148,-8.130415462702615],[110.529385908633799,-8.130379315352343],[110.529181726556487,-8.13041497706871],[110.529097502348918,-8.130558471995073],[110.529193359287149,-8.130738073802263],[110.529385240437534,-8.130953686262785],[110.529372910732263,-8.131228891399417],[110.529384626200567,-8.131480190757372],[110.52926432029318,-8.131671509831506],[110.529168155786806,-8.131755160271609],[110.529012063157211,-8.131743014028075],[110.528832035970709,-8.131659044328615],[110.52856797972953,-8.131551042046169],[110.528303992736141,-8.1313832105659],[110.528148165406549,-8.131143709413834],[110.527920009202091,-8.131143443214512],[110.52769180983023,-8.131179077051968],[110.527439496036948,-8.131298444067113],[110.527355297909708,-8.131418008033847],[110.527175259032049,-8.131346001116242],[110.527115356989157,-8.13122627077496],[110.527079515408332,-8.131070670074564],[110.527067674034981,-8.130927063632271],[110.527212139329833,-8.130616114041629],[110.527356529980921,-8.130364993648755],[110.527560951277906,-8.130125909782123],[110.527729513906991,-8.12974319159423],[110.527621579972958,-8.129623406394273],[110.527483389248061,-8.129707007371678],[110.527309324566716,-8.129658943104914],[110.527183441963302,-8.129485286715806],[110.526925356321158,-8.129407206676433],[110.526877183236479,-8.129526812011989],[110.526780865845353,-8.129742089025399],[110.526672482250319,-8.130005216266909],[110.526492232931275,-8.130112701439202],[110.526336055765398,-8.130172348973929],[110.526180033282969,-8.130100370834668],[110.525915978840374,-8.129992368552166],[110.525747820906247,-8.130028070738092],[110.525579636891791,-8.130087704782966],[110.525447545368991,-8.130087550998894],[110.525375622987667,-8.129979772647573],[110.525423768193377,-8.129884100070342],[110.525532095131155,-8.129668838345424],[110.52571250003291,-8.129429726599824],[110.525808733787073,-8.129286246961897],[110.525976933090021,-8.129214645638569],[110.526169148788256,-8.12914307309353],[110.526277544973766,-8.128867980372206],[110.526133571608113,-8.128760116585283],[110.525965375003125,-8.128831717908668],[110.52572501409918,-8.128998963030938],[110.52544876844695,-8.129046504791575],[110.525076529159548,-8.129034104039874],[110.52482438533815,-8.129009878102579],[110.524776563888338,-8.128830330254743],[110.524776859765325,-8.128579044386584],[110.524669094903857,-8.128315664435547],[110.52453721741972,-8.128136018561577],[110.524393344778105,-8.127944393717996],[110.524225372104297,-8.127824535672971],[110.524027323403288,-8.127752508071012],[110.523961148589194,-8.127860126342966],[110.523960938147809,-8.128039615734849],[110.524020752956403,-8.128231144351048],[110.524008518579308,-8.128422586632269],[110.523912312704113,-8.128542134411191],[110.523804183617244,-8.12858987222404],[110.523684158298295,-8.128541868211869],[110.523564061932973,-8.128553693397407],[110.52331174903901,-8.12867305681533],[110.523095474677461,-8.128780497920843],[110.522843218440812,-8.128851999419453],[110.522639177557039,-8.128767997344426],[110.522567340611317,-8.128588419818925],[110.52251950657103,-8.128420841048182],[110.522423568693796,-8.128313033019253],[110.52221962763474,-8.128145268088872],[110.522123732924967,-8.128001562721124],[110.522184155675291,-8.12767855142323],[110.522268679357126,-8.127283769729388],[110.52231710784929,-8.126948776763811],[110.522329457339652,-8.126661606147422],[110.522209558825125,-8.126505905622253],[110.522053581308796,-8.126398029244854],[110.521837662179394,-8.126206318066295],[110.52164565962056,-8.126098397622172],[110.521537769753309,-8.125942712385438],[110.521345811261256,-8.125798892803857],[110.521153740353896,-8.125750803356084],[110.5209495726657,-8.125774495096096],[110.520769396191724,-8.125822146574023],[110.520493181116478,-8.125845752878377],[110.520277120793537,-8.125773701894047],[110.520217236737153,-8.125642005173574],[110.520169459354122,-8.1254265590876],[110.520073579932841,-8.125270887340776],[110.519893473605975,-8.125258708721617],[110.519701258807117,-8.125330278568697],[110.519580923222065,-8.12554552500518],[110.519580680405113,-8.125748948054706],[110.519436412961113,-8.125892370135944],[110.519184085678035,-8.126023699033681],[110.518991957214098,-8.126023470605901],[110.518812005570624,-8.125879667212075],[110.518644121030434,-8.125688010892191],[110.518476235590867,-8.125496354572306],[110.518320588125675,-8.12511325687052],[110.518056510300767,-8.125029181950367],[110.51790037720167,-8.125052929448316],[110.517756124146842,-8.125184384251156],[110.517587839408293,-8.125327777554105],[110.517407787940101,-8.125267734317674],[110.517287837264917,-8.125159896611137],[110.517216017406327,-8.124968355404462],[110.517192116124306,-8.124872597391629],[110.517072007168451,-8.124896388057039],[110.516939788841228,-8.125003925390047],[110.516747660377291,-8.125003696962267],[110.516591568647016,-8.124991545322757],[110.516495647856914,-8.124871770914694],[110.516447817413905,-8.124704190345312],[110.516525138425436,-8.124598299670993],[110.516628308650581,-8.124393285720771],[110.516604508092598,-8.124213766651224],[110.516508602590989,-8.124082025864027],[110.516364735345292,-8.12389039922175],[110.516256891343517,-8.123698813948295],[110.516221455356913,-8.123208163625065],[110.516221941890137,-8.122801319324651],[110.516053829821431,-8.122801117876463],[110.51594568634539,-8.122860820269864],[110.515801375733929,-8.123040137891223],[110.5156570372435,-8.123243390069604],[110.515548791244782,-8.123386854418982],[110.515272607645784,-8.123386525267108],[110.515068528990469,-8.12333841783294],[110.514900416921762,-8.123338218183392],[110.514804223637043,-8.123445796885221],[110.514683913233057,-8.12363710966406],[110.514443752877924,-8.123636824578966],[110.514287806837842,-8.123505010946701],[110.514167857061977,-8.123397174139484],[110.51401183098227,-8.123331172894495],[110.513976132393623,-8.123061895189494],[110.514036487694796,-8.12279871398863],[110.514144861397256,-8.122547556723532],[110.514193166682333,-8.122320259371691],[110.514205435233691,-8.122104885231465],[110.514277669679757,-8.121949412234756],[110.51436197032973,-8.121746089909323],[110.51441023244729,-8.121554690795563],[110.51438637343341,-8.121423036343231],[110.514254343064522,-8.121375014344608],[110.514146300312575,-8.121350952983278],[110.514014226776169,-8.121338829222793],[110.513834064691366,-8.121374513422268],[110.51366576736234,-8.121529870406391],[110.513557522262886,-8.12167333295713],[110.513545154786129,-8.121972469952709],[110.513532860154442,-8.122211775951882],[110.513400613048873,-8.122343244244519],[110.513400397211626,-8.122522735435098],[110.513400265910605,-8.12263042925008],[110.513292137722999,-8.122678162566331],[110.513219932055279,-8.122809703704036],[110.513087469112463,-8.123120662287931],[110.512846557823423,-8.123742609133274],[110.512726217741829,-8.123957853771117],[110.512630066725251,-8.124029535134127],[110.512425929613983,-8.124029291417855],[110.512257933557862,-8.12393335893654],[110.512246171324819,-8.123729923296537],[110.512234525104304,-8.123430758421932],[110.512175091608242,-8.122928112941281],[110.512151291949635,-8.122748593871734],[110.512043336431873,-8.122652736933446],[110.511875281919799,-8.122604670868043],[110.51158717690771,-8.122532529052194],[110.51125105529303,-8.122448362401201],[110.51079495602346,-8.122280289902676],[110.510326934441537,-8.122040405639382],[110.510171035166195,-8.121872693768978],[110.509967246991891,-8.121585264147825],[110.509741673640349,-8.121374470254807],[110.509633791867032,-8.121218781420851],[110.509465824589199,-8.12109891797985],[110.509249683327255,-8.121098658075823],[110.509129532103259,-8.121158344281355],[110.509021342761798,-8.121253941315558],[110.508913200185077,-8.121313641010943],[110.50869705712455,-8.121313380207539],[110.508397033397443,-8.121169424828281],[110.508144895871283,-8.121145188099149],[110.50776072887561,-8.121072926673435],[110.507112302391874,-8.121072143363904],[110.50653597995256,-8.121023580872759],[110.506271878745281,-8.120963429717676],[110.506164026649571,-8.120783808125452],[110.505984140656608,-8.120592133819116],[110.505912315402099,-8.120412556293616],[110.505840545006208,-8.1201851141509],[110.505708735870485,-8.119957599163058],[110.505504733657574,-8.119849657135148],[110.5053609032841,-8.119634094137325],[110.505156901071189,-8.119526152109415],[110.504892698240496,-8.119549762011104],[110.504628452242343,-8.119609271050194],[110.504436412811231,-8.119537239850956],[110.504280384932883,-8.119477220896215],[110.504088258267529,-8.119476987072517],[110.503848102409052,-8.119476693893489],[110.503667865680484,-8.119572202794131],[110.503511646246523,-8.119667739573742],[110.503379455798267,-8.119751342349787],[110.5032234270206,-8.119691320697086],[110.503187580043857,-8.119547683677865],[110.50315188055589,-8.119284388263111],[110.503272282690716,-8.119021282605331],[110.503224455844986,-8.118853700237253],[110.503092502817822,-8.118745845443584],[110.502971590767345,-8.118653470680329],[110.502888560859446,-8.118590036999819],[110.502648433779257,-8.118565811961844],[110.502336228735032,-8.118565430649312],[110.50197599539689,-8.118564989981508],[110.501747726777239,-8.118660438627558],[110.501567490947991,-8.118755946628823],[110.5013751736264,-8.11891127033806],[110.501122904799274,-8.118994722927312],[110.500714625180876,-8.119006188384105],[110.500498527086393,-8.118970024845964],[110.500325430974897,-8.1188469175504],[110.500102594260341,-8.118706286065446],[110.499934677344527,-8.118550520789086],[110.499730765963136,-8.118370781385636],[110.499346825596547,-8.118119021574785],[110.499106714704169,-8.118082829258356],[110.498794481780976,-8.118106376207493],[110.498710322324541,-8.118190035640851],[110.49863814183783,-8.118297640422952],[110.498433965156437,-8.118333286850884],[110.498121866232168,-8.118249140884359],[110.49770176862279,-8.11810502992239],[110.497293623003372,-8.118008797966866],[110.496957463617093,-8.117960518762118],[110.496729300218078,-8.117972202754174],[110.496789577278207,-8.117780820727489],[110.496693828258628,-8.117529416148841],[110.496430118256399,-8.117158143632594],[110.496334606657797,-8.116715282383552],[110.496214603821954,-8.116655303898369],[110.495902447341109,-8.116619018951781],[110.495410127876141,-8.116618409211412],[110.495061888796158,-8.116629943915996],[110.494869601152232,-8.116761332168949],[110.494665242807741,-8.116940567952042],[110.494340703561647,-8.117203419101713],[110.494136555658542,-8.117215130972738],[110.494004336431999,-8.117322661111132],[110.49372781198997,-8.117597535297193],[110.493595562186499,-8.117728997294591],[110.493391460148814,-8.117704810927478],[110.493391624724723,-8.117573185253491],[110.49341581918577,-8.117429622877978],[110.493560138790428,-8.117250311551857],[110.493656424705307,-8.117070940870406],[110.493632604362233,-8.116915353659863],[110.493512587137218,-8.116867338855798],[110.493356246294752,-8.117058602171937],[110.493236032118261,-8.117166146699503],[110.493079976360889,-8.117130055107168],[110.492779886983271,-8.117045918133783],[110.492503843678492,-8.116937879878435],[110.492215687405121,-8.116913589190005],[110.491927453790026,-8.116949126799966],[110.491735271366736,-8.116996752197565],[110.491483016928726,-8.117068233911084],[110.491338728800315,-8.117223610680298],[110.491182687432115,-8.117175550910133],[110.491002690822597,-8.117079600442423],[110.490918772384475,-8.116971799608052],[110.49111107711559,-8.116828448573244],[110.491291480218706,-8.11660131939459],[110.491267705741052,-8.116409833046532],[110.49123205931312,-8.116110639393696],[110.491088115625075,-8.115990799335123],[110.490847946276745,-8.116002465340728],[110.490439515572234,-8.116133580199744],[110.49021128022747,-8.116205090691551],[110.490055238859213,-8.116157030921443],[110.489719294410975,-8.115941220610011],[110.48955151689006,-8.115677758820709],[110.489359817402715,-8.115342470877522],[110.4893000961236,-8.115091110365654],[110.48931281433596,-8.114528722022101],[110.489325394952061,-8.114074030191546],[110.489073491249655,-8.113870292379261],[110.488749450227999,-8.113738260211733],[110.488173369706317,-8.113510181349],[110.487825252934101,-8.113425983221759],[110.487392976705564,-8.113425438232582],[110.48688860992246,-8.113460700650023],[110.486468295576401,-8.11349607008674],[110.486156036572879,-8.113543539901627],[110.485879784625411,-8.113603021961069],[110.485663798046915,-8.113483089272336],[110.485603988634239,-8.113303523438049],[110.485664468041819,-8.112956583878429],[110.485761122678696,-8.112490032688072],[110.48582158589852,-8.112155061306225],[110.485653541278964,-8.112106985348305],[110.48528142609797,-8.112010786667668],[110.484897152082965,-8.112034233792031],[110.484560893771288,-8.112069706650857],[110.484332749258044,-8.112069417968485],[110.484116750089015,-8.111961448960869],[110.483888726084899,-8.111865433741968],[110.483624589804037,-8.111841167335228],[110.483468399148364,-8.111912765061277],[110.483312193204199,-8.111996329166459],[110.483192193965635,-8.111936346184621],[110.483024301331511,-8.111768609133208],[110.482784286666515,-8.111660612246681],[110.482472119393833,-8.111636281988012],[110.482195883634176,-8.111683795869681],[110.481955531723429,-8.111839047633111],[110.481703066844091,-8.112078046963518],[110.481498660835598,-8.112293174689455],[110.481054777956672,-8.111981493949997],[110.480958778925526,-8.111933507924221],[110.480610635173718,-8.111873233562051],[110.480370544066375,-8.111825063175331],[110.480094554720949,-8.111681120386606],[110.479818732649449,-8.111405549225935],[110.479482782805235,-8.1112016989984],[110.479386874605609,-8.111081917395779],[110.479255131120453,-8.110818496075922],[110.479123125033254,-8.110758497805648],[110.478967042296233,-8.110746331776966],[110.478762760394147,-8.110865732067055],[110.47858243103542,-8.111033023054745],[110.478438338959222,-8.111032837794426],[110.478186179849388,-8.11103251583711],[110.477873999086853,-8.111020151058312],[110.477645993968508,-8.110912164963622],[110.477442096976233,-8.110732413869016],[110.476854253322188,-8.110324815037359],[110.476338484934161,-8.10989337697697],[110.476206355639874,-8.109929106142545],[110.475905935311687,-8.110108208825977],[110.47562965368661,-8.110191616449129],[110.475377480187603,-8.110203256374405],[110.475125229346929,-8.11027472819535],[110.474704841256482,-8.110369915138676],[110.474320536664493,-8.11041728333015],[110.474080525596833,-8.110309280148329],[110.473636463752825,-8.110141181569475],[110.473456227024315,-8.110236676980264],[110.4731678576116,-8.110379895814731],[110.472807430019941,-8.110534989297491],[110.472446970052658,-8.110714011041978],[110.472146765561831,-8.110725588914022],[110.471894795309595,-8.110581670406987],[110.471762835987136,-8.110485771200558],[110.471606770337246,-8.11046163699416],[110.471462757401355,-8.110401619838058],[110.471450906135431,-8.110281945254769],[110.471559192603706,-8.110114561636919],[110.471739476996333,-8.109983169786631],[110.471775764640881,-8.109779794401163],[110.47175214124934,-8.1094806151375],[110.471572277739483,-8.109288926441991],[110.471380251798223,-8.10921688085358],[110.471140069859359,-8.109240500647786],[110.470887881071917,-8.109264106052876],[110.470599779657164,-8.109203900938496],[110.470275701763285,-8.109107752619877],[110.470095668281488,-8.109047689598412],[110.469963631617361,-8.109011619589751],[110.46995186129044,-8.108832114010056],[110.46995211130195,-8.108640659138302],[110.469905396917568,-8.108461872116891],[110.469713324211568,-8.108425723867242],[110.469449174440911,-8.108413414846439],[110.469089390763827,-8.108077897576095],[110.468921380318477,-8.108005884363251],[110.468717174858796,-8.108065448261016],[110.468621004956447,-8.108149084312004],[110.468512623160052,-8.108388262607434],[110.468488451182111,-8.108507891325303],[110.468560323201416,-8.108639611428146],[110.46876424717334,-8.108795433361763],[110.468811931026835,-8.109058746762969],[110.469039901071596,-8.109190669213206],[110.469279831200311,-8.109358506089393],[110.469423669667663,-8.109550148919425],[110.469387348748171,-8.109777455264521],[110.469219072103556,-8.109908862403302],[110.469122886013452,-8.110004464833366],[110.469134486368489,-8.110315595187785],[110.469050072403945,-8.110590702298282],[110.468941862378074,-8.110698255819045],[110.4687978026775,-8.110674136001762],[110.468665862240812,-8.110566271315577],[110.468449899044629,-8.110434363254456],[110.468306029101029,-8.110266652283372],[110.468234282087508,-8.110039202946041],[110.468246493981553,-8.109883661600918],[110.468258705875598,-8.109728120255738],[110.468174842296207,-8.109584419384646],[110.468042742679472,-8.109596213093937],[110.467838443690255,-8.109727571669282],[110.467730265140688,-8.109811193331097],[110.467550183994831,-8.109787024950435],[110.467429872691525,-8.109966357860344],[110.467321364090708,-8.110301262692303],[110.467225132135184,-8.110432763360564],[110.467057119891194,-8.11036074834908],[110.466817221238841,-8.110168977815249],[110.466637360426887,-8.109977287321158],[110.466469397645653,-8.109869373172216],[110.466217508332363,-8.109665620970816],[110.465881945196656,-8.109174577643842],[110.465726020740306,-8.109042747823764],[110.465378041564406,-8.108862800676889],[110.465125915729459,-8.108838538766747],[110.464825729225083,-8.108838145763002],[110.464734627002485,-8.108833370362959],[110.464357469322806,-8.108813597868448],[110.463925263241379,-8.108765165778948],[110.463673217446058,-8.1086810728724],[110.463397505091848,-8.108333697141632],[110.463241661574443,-8.108142036325091],[110.463025765827467,-8.107962262747435],[110.462978069383439,-8.107710914826043],[110.4628702406701,-8.107531283341245],[110.462750388920369,-8.10736360114845],[110.462498423164732,-8.107219677245496],[110.462450663768152,-8.107016192142737],[110.462270981022016,-8.106692874176019],[110.462067269290117,-8.106381491112131],[110.46182723214207,-8.106297412594699],[110.461681212818746,-8.10632631500664],[110.461406862038075,-8.1063806178704],[110.460890591828388,-8.106344038845521],[110.460710623997159,-8.106236107609448],[110.460386776329699,-8.105972428184202],[110.460038719812133,-8.105852308436454],[110.459510588443948,-8.105708015811501],[110.459438669659903,-8.105612193047477],[110.459174795981085,-8.105396455581172],[110.458982886052411,-8.105240642640752],[110.458634993211433,-8.10500086179951],[110.458263083975169,-8.104761050381342],[110.457567172388167,-8.104377214336182],[110.45725504468561,-8.104328934232115],[110.456750703982834,-8.104352195196839],[110.456594611353296,-8.10435198655415],[110.456391143337669,-8.103861113199002],[110.456235273739935,-8.103693380644188],[110.456055308606665,-8.103585446710213],[110.455959957087373,-8.103058818109162],[110.455803992161577,-8.102962882030567],[110.455612050756599,-8.102831000049832],[110.455468204195313,-8.102651319102279],[110.455288353275932,-8.102459624111532],[110.45513238835008,-8.102363688032995],[110.454928489559165,-8.102195891626309],[110.454544256912982,-8.102195378113379],[110.45447237410184,-8.102075622591087],[110.454340487624449,-8.101931855170164],[110.454244477801467,-8.10189582832902],[110.454124293302527,-8.101979429306425],[110.453908161933157,-8.101979138825413],[110.45316363119764,-8.102037973372944],[110.452923567969322,-8.101977821318599],[110.452695785882838,-8.101714264201121],[110.452479993557915,-8.101462689650589],[110.45223981791429,-8.101486298652958],[110.452059547011515,-8.101605716030178],[110.451867480600811,-8.101569560585972],[110.451615731581796,-8.101270073754108],[110.451447810169327,-8.10113822324962],[110.451207794605068,-8.101042172057817],[110.45088371401323,-8.100957974829896],[110.450655722384738,-8.100849973446714],[110.450367889867266,-8.100598300870104],[110.450163848983493,-8.100538195580441],[110.449779699074895,-8.100477849272522],[110.449467512017122,-8.100477426591169],[110.449299379264005,-8.100501133619616],[110.449227107945717,-8.100668557706967],[110.449046789378883,-8.10082387242295],[110.448806563373239,-8.100883377864818],[110.44861451225097,-8.100835254242782],[110.448326517855548,-8.100703240061648],[110.448158385102431,-8.100726944392193],[110.447942058580168,-8.100870243266286],[110.447569444275473,-8.101156921054269],[110.447317128683608,-8.101276238606715],[110.447100967636572,-8.101299878186012],[110.446969067669386,-8.101168074446264],[110.446861311801172,-8.100940574746915],[110.446741486131714,-8.100760922577706],[110.446549550122711,-8.100629037898955],[110.446081661640392,-8.100341218871336],[110.445985686890992,-8.100281260171244],[110.445745721688752,-8.100149308942662],[110.445517766033106,-8.100017373901892],[110.445349682742687,-8.100005179994241],[110.445085473616757,-8.100040716704882],[110.444797286766402,-8.100052290979647],[110.444605205067205,-8.100028098317296],[110.444413090992384,-8.100027836614572],[110.444172831711853,-8.100111271217372],[110.443884082785246,-8.100529685295953],[110.443643479963669,-8.100864403968274],[110.443475116984132,-8.101055630412191],[110.443115032034143,-8.10095941014788],[110.442814950750403,-8.100887205379422],[110.442454685036751,-8.100922610789041],[110.442034415656792,-8.10093400340071],[110.441806280136745,-8.100933690436648],[110.441590248592149,-8.100861598982817],[110.441302341430969,-8.100669750207999],[110.441206531257478,-8.100490130414357],[110.441218834882363,-8.100274758972148],[110.44121913075935,-8.100059373140766],[110.441051295681802,-8.099867688941913],[110.44077552577096,-8.099580128019682],[110.44068003125949,-8.099173155116205],[110.440620227242732,-8.099005551164453],[110.440476124374698,-8.099017319692734],[110.440379818674728,-8.099196675985013],[110.440319437293226,-8.09944787821621],[110.440282952697146,-8.099782873879747],[110.440078615936443,-8.099938150824187],[110.439778254963528,-8.100069363709338],[110.439610120411771,-8.100093064442547],[110.439514146561635,-8.100033102145119],[110.439394290315306,-8.099877380935595],[110.439358433445989,-8.099757673077363],[110.439178358595427,-8.099733493005488],[110.4390342404389,-8.09975722701364],[110.438961966422653,-8.099924651100991],[110.438901481619155,-8.10024764800977],[110.438781046209385,-8.100510732083819],[110.438636828228084,-8.100606260769496],[110.438252663930371,-8.100557869149554],[110.438253062330034,-8.100270686841895],[110.438277656989328,-8.09985191303457],[110.438169939791919,-8.099600480576896],[110.438026087834714,-8.099432759713295],[110.437893974728183,-8.099456509909203],[110.437761864319612,-8.099480259205791],[110.43744951268593,-8.099599487725357],[110.437089166033218,-8.099694718735464],[110.436861143827798,-8.099610642916048],[110.436717093120421,-8.099586512306871],[110.436560865592526,-8.099682023905473],[110.436404474388041,-8.099897193899551],[110.436260136796932,-8.100076483641999],[110.436152174084611,-8.100004538777625],[110.436020428800816,-8.099765037625559],[110.436092870990251,-8.099477956042051],[110.436057081570084,-8.099310383566547],[110.435937144384752,-8.099214490655413],[110.435745063584875,-8.099190294395783],[110.43564885681036,-8.099297854211784],[110.435504654117551,-8.099381414719687],[110.435348711674749,-8.099273506866041],[110.435312923153901,-8.099105934390536],[110.435433244349781,-8.098926613171841],[110.435649455758835,-8.098867081649701],[110.435781718152839,-8.098735639437393],[110.43584216968145,-8.098436576186259],[110.43578228472569,-8.098328798734258],[110.435530218246015,-8.098268619700264],[110.435350077744943,-8.09829230424566],[110.435313790100395,-8.098483707856019],[110.435109452440315,-8.098638982102557],[110.434857169224017,-8.098734359702121],[110.434616828105163,-8.098877618106769],[110.434388557686816,-8.098973028981277],[110.434208600647423,-8.098865086953424],[110.434076623338569,-8.098793107914787],[110.433908674047132,-8.098685182074689],[110.433909076044074,-8.098398000666407],[110.433933423389817,-8.098158715351644],[110.434149733724269,-8.098027390950506],[110.43438987699227,-8.098027723699659],[110.434726109223618,-8.098004257689524],[110.434810275874554,-8.097920612645339],[110.434774472065271,-8.097765005649705],[110.434690570714338,-8.097657196721457],[110.434726826882581,-8.097489724070726],[110.434798985785619,-8.097406062838729],[110.434931247280304,-8.097274619727102],[110.434955627900933,-8.097011404352031],[110.434895941695402,-8.096760038444188],[110.434740652160428,-8.09618545799168],[110.434500845238858,-8.095945807552198],[110.43436901811674,-8.095766135597898],[110.434321592368633,-8.095335297385247],[110.434538168902407,-8.095012517213092],[110.434598638417469,-8.094701486683448],[110.43467138098049,-8.094199019268501],[110.434671812655097,-8.093887906001271],[110.434582361587786,-8.093457010232044],[110.434318442043491,-8.093289121195198],[110.433862428209522,-8.09310900137848],[110.433550499257194,-8.092929077614031],[110.433202530873132,-8.092761071665336],[110.432686466608175,-8.092592832792207],[110.432578606418588,-8.092449092350932],[110.432446930382582,-8.092161726581594],[110.432231091292863,-8.091958006755817],[110.432003245354508,-8.091754269842852],[110.431667403428946,-8.091502519025255],[110.431535528642769,-8.091358744409717],[110.431415711067245,-8.09117908864323],[110.431320007913087,-8.090927672373368],[110.431212266433988,-8.09070016907674],[110.431176444638254,-8.090556527560921],[110.430793149984936,-8.089897868590981],[110.430289853395038,-8.089191177729845],[110.430038045920128,-8.088951508404591],[110.429797960208759,-8.08891527561866],[110.429029708055623,-8.088782577952827],[110.428729538638322,-8.088782157969433],[110.428225134083732,-8.088865213957661],[110.427612854950326,-8.088816494085108],[110.427108787641487,-8.088660229685047],[110.426893003410441,-8.088420608923172],[110.426616779341941,-8.088468085033298],[110.426388717566283,-8.088419901156726],[110.426088784670696,-8.088251957261207],[110.425752594707546,-8.088251485117155],[110.425572932645764,-8.087940118241079],[110.425452983769219,-8.08785618901112],[110.425225091965444,-8.087688345839695],[110.42511740534502,-8.087424944304928],[110.424949512710896,-8.087281118428052],[110.424781468990659,-8.087244981869617],[110.424553425201452,-8.08718483341255],[110.424337610393479,-8.086969142710984],[110.424001422228912,-8.086968667868916],[110.423689126353167,-8.087051990056466],[110.423328755418765,-8.087171141234364],[110.423172241007137,-8.087470066889296],[110.423051611343851,-8.087864771241414],[110.422895354138348,-8.087984210202308],[110.422667259087802,-8.087959956386101],[110.422403228926896,-8.087875821211355],[110.422175202224821,-8.087803703677196],[110.421971173032262,-8.087743584897737],[110.421839371091153,-8.087551943866288],[110.421755816878488,-8.08720481634839],[110.421504154194395,-8.086869414191312],[110.421048462317742,-8.086473894154096],[110.420772340771975,-8.086449571090043],[110.420424145758773,-8.086449078261523],[110.420183821727051,-8.08658036219316],[110.419967411567825,-8.086783474976585],[110.419619061871231,-8.086890674164465],[110.41933081386702,-8.086950094170732],[110.419186853091844,-8.08686612716923],[110.418970904284834,-8.086746161205554],[110.418730871633443,-8.086674024785623],[110.418478851019188,-8.08658990400005],[110.418371046587595,-8.086410264421374],[110.418431355123971,-8.086218894985223],[110.418479742247371,-8.085967680163492],[110.418444219026526,-8.085620619195424],[110.418265027310213,-8.084986170874288],[110.417989338338316,-8.084662700022761],[110.417605450132442,-8.084434801024429],[110.417329296211108,-8.084434407121364],[110.416981068822338,-8.084457842554571],[110.416452725214128,-8.084492986261523],[110.416092524251667,-8.084492471849273],[110.415972578073081,-8.084408539921355],[110.415948995151041,-8.084109358858996],[110.416009390022396,-8.083858161124454],[110.416130007994525,-8.083475424950109],[110.416238446448176,-8.083212330084166],[110.416334619048484,-8.083128706623711],[110.416395081368933,-8.082829645171159],[110.41628729672243,-8.082638037414711],[110.416071264278457,-8.082577898850161],[110.415831046366748,-8.082637385406201],[110.415518702826944,-8.082756597738012],[110.415194472947633,-8.082792032825239],[110.414774258426348,-8.082779464799671],[110.414522378106312,-8.08259961567893],[110.413982824448851,-8.082084310441758],[110.413382702350873,-8.081939860435398],[110.413118384406971,-8.082059139317039],[110.412625889574201,-8.082213988184208],[110.412253599025405,-8.082273282285371],[110.41192957688952,-8.082165124420158],[110.411497565960929,-8.082008946354961],[110.411101661013902,-8.081792990353392],[110.41063390832926,-8.081445305255841],[110.410393933234502,-8.081337267000492],[110.410117800896842,-8.081324904020278],[110.409877600072207,-8.081372419700585],[110.409685424843531,-8.081420006427379],[110.409565447188697,-8.08136000366045],[110.409457631065891,-8.081192325064933],[110.409314162219857,-8.080773312037934],[110.409218927612471,-8.080210778903506],[110.409123189384729,-8.079995254576545],[110.408991291216182,-8.079875406424037],[110.40885934178624,-8.079791452912445],[110.408728002096666,-8.079288696815127],[110.408632037239784,-8.079228728222404],[110.408367945925022,-8.07919244867179],[110.408139787921925,-8.079216049580225],[110.407767464997562,-8.079299272842377],[110.407527283058698,-8.079334823042871],[110.407059134672352,-8.079262350276451],[110.406591004272457,-8.079177909332259],[110.406146800335591,-8.079153332659359],[110.405822519194942,-8.079224656991528],[110.405522321898673,-8.079248152679327],[110.405101956291276,-8.079343267676848],[110.404945767434242,-8.079414835725288],[110.404753364677106,-8.079617977287],[110.404621169732252,-8.079701544989518],[110.404465015049425,-8.079749181178954],[110.404368754315612,-8.079892632038536],[110.404236627719229,-8.079928336922421],[110.404092603991501,-8.079892229142274],[110.403912717998594,-8.079748377185069],[110.403493263404414,-8.079221265648073],[110.40339721131329,-8.079221128051813],[110.403073176586872,-8.079124927572536],[110.402821287273639,-8.078957037636371],[110.40268953299659,-8.078741460249375],[110.402593938660402,-8.078430207587189],[110.402402134851684,-8.078226506647184],[110.40215015740489,-8.078118445908729],[110.401958143154843,-8.078058337021844],[110.401730091271759,-8.078010139655419],[110.401526052186625,-8.077961978261897],[110.401190048383057,-8.07784182793722],[110.400961873292886,-8.07787739162751],[110.400577526432755,-8.077972556087786],[110.400349280296098,-8.078055981697389],[110.400157159926039,-8.078067665689389],[110.399712850768481,-8.078114878298209],[110.399544566029931,-8.078246255759268],[110.399304206924683,-8.078401458959377],[110.399039870994272,-8.078532695226897],[110.398919487745218,-8.078747903891838],[110.398739249218011,-8.078843365128421],[110.39831911203845,-8.078782918096408],[110.397406977351181,-8.078542258617517],[110.397131005992208,-8.078422191929803],[110.39701138536816,-8.078122872371864],[110.396867894938453,-8.077727785807838],[110.396784026862406,-8.077608005104537],[110.396640731585535,-8.07708129556454],[110.396532940643738,-8.076901648791249],[110.396376946939597,-8.076841589367064],[110.39620885735394,-8.076841341154193],[110.396016737883201,-8.076853023347553],[110.395872732141925,-8.076804948288952],[110.395464335611621,-8.076924002340036],[110.395152046031171,-8.077007302044535],[110.39481577872624,-8.077066634816561],[110.394371399421573,-8.077161703049342],[110.394083209873259,-8.077185208629658],[110.393723177983304,-8.077076982415974],[110.393411245433697,-8.076920964430144],[110.392943426199224,-8.076633091443227],[110.39258348424147,-8.076465034233138],[110.392430642661054,-8.076414005800927],[110.39207946729465,-8.076296763883761],[110.391635410846561,-8.07617644538584],[110.391227642043077,-8.075876693253974],[110.390772208271812,-8.075337553284669],[110.390628742123795,-8.074930500341509],[110.390377075842423,-8.074619012956305],[110.390041456049403,-8.07424757226687],[110.389717556221285,-8.074067601737624],[110.389177668016032,-8.073803548194405],[110.388985730208333,-8.073695570193593],[110.388878049883147,-8.073444126044762],[110.388649930550912,-8.073443785201732],[110.388493831626079,-8.073455518656431],[110.388205680748626,-8.0734550878812],[110.388049689742445,-8.073395025759055],[110.387941814264366,-8.073275204586196],[110.387798044145484,-8.07307157109534],[110.387522529642069,-8.072652353922194],[110.38739057031961,-8.072580362293081],[110.387174548667531,-8.072520210238736],[110.386910502318869,-8.072459985339265],[110.386046198074609,-8.072362963778971],[110.385650080887558,-8.072302540129328],[110.385158006937502,-8.072182144289741],[110.384845845060738,-8.072181673944272],[110.38454569003261,-8.072181221585311],[110.384125471914047,-8.072180591160532],[110.3837651954085,-8.072239878067137],[110.383416796249207,-8.072382943117532],[110.382960432578955,-8.072466017092211],[110.382468176965858,-8.072465275151501],[110.381951963413428,-8.072428598100544],[110.381351761275823,-8.072355896006968],[110.380967671621818,-8.072283521266684],[110.380703753876162,-8.072139531713219],[110.380391865393335,-8.071959572875187],[110.37953947896483,-8.071922384109939],[110.379323147945968,-8.072065646111866],[110.378902657332844,-8.07224449518651],[110.378542306183533,-8.072351642213732],[110.378218175229676,-8.072327216626945],[110.377930116982384,-8.072266951257973],[110.377714242819081,-8.072111067271123],[110.377306472216958,-8.071823267129275],[110.377150465022964,-8.071775166889608],[110.37698250583901,-8.071691151324785],[110.376226409821982,-8.071498546220141],[110.375950284678936,-8.071486159857614],[110.375674071402329,-8.071533601793476],[110.375409825404176,-8.071604993574795],[110.375229712782073,-8.071616684761409],[110.375017116647655,-8.071369694055306],[110.374906755443476,-8.071227828700557],[110.374849360710471,-8.071154052816496],[110.374621446423646,-8.071022080004184],[110.374501607264392,-8.070878308086662],[110.374441868898202,-8.070686764182028],[110.374322065711794,-8.070519060405502],[110.374154366431924,-8.070267521827873],[110.373890616859512,-8.07001583666073],[110.373614974652412,-8.069692337930235],[110.37359114711478,-8.069572643561855],[110.37359186567312,-8.069105978157552],[110.373352351031201,-8.06871074140679],[110.3730049132472,-8.068231577224708],[110.372548994741351,-8.068027459898531],[110.372225237006148,-8.067763715722094],[110.372165371835479,-8.067655931974855],[110.372105969815721,-8.067249003138159],[110.372082493013693,-8.066901959257223],[110.371926840152582,-8.06662650680704],[110.37162728137497,-8.066243142006613],[110.371303746671629,-8.065835807575638],[110.371015916852116,-8.065631946556266],[110.370776037085477,-8.065476023898555],[110.370512201178201,-8.065284166130539],[110.370236266691393,-8.065152118674519],[110.369564321137545,-8.064899803082653],[110.369312751982989,-8.064540442086923],[110.369229135717092,-8.064265099354031],[110.369109650890721,-8.063893975225994],[110.368917983778999,-8.063618467917138],[110.368706463233764,-8.063195208291404],[110.368702679785883,-8.063099664317235],[110.368679107655737,-8.06281639226188],[110.368512287912779,-8.062002459944779],[110.368273209442123,-8.061332007265491],[110.367985533406681,-8.061032417910951],[110.367721570694982,-8.060924319401011],[110.367361562187398,-8.060816070704277],[110.36698958460272,-8.060683873960784],[110.366859519252444,-8.060649840916597],[110.366437540261302,-8.060539431149039],[110.366149642992696,-8.060383431149603],[110.36594574779906,-8.060251491612235],[110.365645789722464,-8.060131370065847],[110.365553339416124,-8.060147247596603],[110.365369580043136,-8.060178803907888],[110.365093446806156,-8.06017837672988],[110.364709408413489,-8.060082055741475],[110.364301603637159,-8.059830143045872],[110.364241368845114,-8.05996167429106],[110.36397692319747,-8.060164680954472],[110.363832965120309,-8.06009266324503],[110.363617197077019,-8.059876943765119],[110.363485638852183,-8.059553663569886],[110.363311468950201,-8.059454555582477],[110.363005799279279,-8.059301636660393],[110.362790612198069,-8.058714979212141],[110.362598574565595,-8.058678784197753],[110.362502735613816,-8.058547010135612],[110.362323023190015,-8.058307414554747],[110.361951294717528,-8.058019659378999],[110.361495093824544,-8.058006983434723],[110.361183283582704,-8.057791112868756],[110.360967479566568,-8.05759932434853],[110.360655330280338,-8.057598837815306],[110.360451401811815,-8.057490828338246],[110.359863703847907,-8.057118971262696],[110.359336166931598,-8.05666344935787],[110.358940545270968,-8.056303856337081],[110.358784940073974,-8.056004469329991],[110.358569064112089,-8.055860541829759],[110.358029222671519,-8.055596451414317],[110.357837508795058,-8.055356834249721],[110.357585937841804,-8.055009432438567],[110.357238867880483,-8.054314875230489],[110.35665131021085,-8.053859254400265],[110.35592004537483,-8.053176057428288],[110.355752041224775,-8.05312793020903],[110.355452620942742,-8.052672760838448],[110.355224892815613,-8.052433087915858],[110.354829409650563,-8.051989732939035],[110.354745466031488,-8.051929772440246],[110.354577539223101,-8.051833782402355],[110.354505999053686,-8.051522557619137],[110.354518515817915,-8.051199503153725],[110.354458942926897,-8.050912230014603],[110.354483256997753,-8.050720814713031],[110.354363580615825,-8.050481311762326],[110.354160321242887,-8.049954497900956],[110.354028449154669,-8.049834633560693],[110.353513047690058,-8.04930732777018],[110.353045309394531,-8.049007446135931],[110.352877308841755,-8.048959318916616],[110.352817072251128,-8.049090848363164],[110.352732730232333,-8.049282167437298],[110.35263674379172,-8.049246118113047],[110.352636971320237,-8.049102528757885],[110.35266134294767,-8.048875217916191],[110.35276971485149,-8.048671970234409],[110.352674014395291,-8.048456436014931],[110.352518532405384,-8.048085251632244],[110.35241107061546,-8.047714143691962],[110.352279468323843,-8.04742675723827],[110.352159773955464,-8.047199218868059],[110.351824193732625,-8.04683971577947],[110.351644549657294,-8.046564221061146],[110.351561767062947,-8.045774348306736],[110.351369910194251,-8.04563045498071],[110.351130506168943,-8.045187344619478],[110.350891180384735,-8.044696368741597],[110.350892207410482,-8.044050220240649],[110.35073630903446,-8.043942281810075],[110.350508419029381,-8.043810298205869],[110.350388535803347,-8.043702416432552],[110.350220939046153,-8.043403006942413],[110.350017553768112,-8.042959953238437],[110.349849708798047,-8.042816096784634],[110.349262441609426,-8.042192948445006],[110.348483417376883,-8.041366074883626],[110.34814803590416,-8.040886914298824],[110.348184221925351,-8.040779278040418],[110.348304542221911,-8.040611948381923],[110.348353136189303,-8.040253052335686],[110.348257305331401,-8.040121275575586],[110.34792213430012,-8.039510491115493],[110.347814162594602,-8.039462457425657],[110.347695402621753,-8.039266791928128],[110.347610611841333,-8.039127092140802],[110.347526861576455,-8.038947472347161],[110.347215799570563,-8.038276895561467],[110.347060134118919,-8.038025367775674],[110.346857500674162,-8.037115647768132],[110.346726498230339,-8.036457322446665],[110.346739613043781,-8.035763330012855],[110.346764025140715,-8.035512087312156],[110.346668425408552,-8.035236722096272],[110.346417351780417,-8.034590171598325],[110.346213898153906,-8.034194978914343],[110.346142939845834,-8.03352478344118],[110.346023349798827,-8.03323741407462],[110.345513356856998,-8.032284248718327],[110.345388983315956,-8.032051793754476],[110.345113291646157,-8.031788109832576],[110.345017710799766,-8.03150077913682],[110.344862223413941,-8.031141556636726],[110.34465867625795,-8.030806194049831],[110.344527198072797,-8.030447010220541],[110.344371422903862,-8.03026727531369],[110.3440593914288,-8.030206949690182],[110.343519171373714,-8.030206088139664],[110.342919117624206,-8.030085472865494],[110.342751395861285,-8.02986982173411],[110.342535328343786,-8.02985751091461],[110.342235358575977,-8.029761305039415],[110.341827541209113,-8.029545268998163],[110.341455794750175,-8.029293394074045],[110.341048419849756,-8.028802145701661],[110.340748568792435,-8.028634144249565],[110.340076934404067,-8.02823819883298],[110.339870029179565,-8.028152627440988],[110.339423379986044,-8.027085085407577],[110.338992522887679,-8.026270723214509],[110.338633580076703,-8.025528269912911],[110.337962049110331,-8.025072490802017],[110.337818341943944,-8.024856877442119],[110.337794953275534,-8.024473936222364],[110.33767540999321,-8.024162634097479],[110.337315849347988,-8.023803083344831],[110.337172142181657,-8.023587467286973],[110.337053103419009,-8.022965056391456],[110.336981694550616,-8.022582037829977],[110.336703184405508,-8.022489003863654],[110.336333794170287,-8.022365612382316],[110.335949878085444,-8.022221404293589],[110.335854344903169,-8.021910139940189],[110.335806910161807,-8.021551091009258],[110.33585562823572,-8.021120402983399],[110.335832239567253,-8.020737461763645],[110.335808891368288,-8.020330586886246],[110.335545294680628,-8.020019053635622],[110.335066007291459,-8.019467855556286],[110.334682482411665,-8.019084331575812],[110.3343711811861,-8.018581268809726],[110.334227826554013,-8.018150269618445],[110.333964973605703,-8.017384037342651],[110.333726167629607,-8.016593912778035],[110.333583089089359,-8.015995394171284],[110.3335118798704,-8.015492717214329],[110.333137779885703,-8.014438539106493],[110.332794537438986,-8.013696696444583],[110.332603871272681,-8.012834851846151],[110.332317911143718,-8.011518158035756],[110.332079541338828,-8.010464785720501],[110.33200810099413,-8.01010569811865],[110.331553070119128,-8.009410949355015],[110.331122088914299,-8.008692304705278],[110.330715195151186,-8.007925837706466],[110.330716132244731,-8.007351483883099],[110.330701483187966,-8.007172739129828],[110.330621975025167,-8.006202618854957],[110.330574701262492,-8.005747844286759],[110.330720155811605,-8.004886545576824],[110.330865416107088,-8.004144906161685],[110.33101114405008,-8.003116087136902],[110.33115624606495,-8.002470173359029],[110.331229324075082,-8.001824139971291],[110.331326174764229,-8.001321736408215],[110.331543299884402,-8.000675935944912],[110.331424156800438,-8.000125319726919],[110.331329334082568,-7.999383290006051],[110.331474433399421,-7.998737374429481],[110.331860235362626,-7.997708943911846],[110.332293310189186,-7.997135287962351],[110.332558135350723,-7.99668101611519],[110.33289482713559,-7.996322588615783],[110.333687976120245,-7.995773443688677],[110.33423414968729,-7.995512390283807],[110.334336688588337,-7.995463379030923],[110.335129369925539,-7.995201408317541],[110.335970102938973,-7.994915582187559],[110.336258388714725,-7.9947963878422],[110.336835346075418,-7.994318683259849],[110.337364286833406,-7.993840900436396],[110.337989101616813,-7.993458997034281],[110.33842216475216,-7.992885332990909],[110.33914312425685,-7.992431788695285],[110.339984041631283,-7.992026295176572],[110.340512745867557,-7.99169209721174],[110.341785067128171,-7.991741988001536],[110.342491401857728,-7.991815339405605],[110.342721208318153,-7.991839203815402],[110.343417119905212,-7.992031762155307],[110.345456924398604,-7.992561491618744],[110.34725646601413,-7.993210490071249],[110.34852818832627,-7.993643265423543],[110.348901258587262,-7.993686120817017],[110.349600322298102,-7.993766573267919],[110.351114932609107,-7.99395481216402],[110.351912929838875,-7.993863968946187],[110.352209546034771,-7.993713451213978],[110.352497016125426,-7.993190052078432],[110.352858752230702,-7.992161557708926],[110.353125474062438,-7.990486763752358],[110.353344139721344,-7.988835825212334],[110.353345344812851,-7.988070014718573],[110.353081942378765,-7.98763883386431],[110.352889997376508,-7.987566738813143],[110.352553704890624,-7.987685871105271],[110.352169020784743,-7.98804424284674],[110.351568046129444,-7.988545864898924],[110.350990923293523,-7.989143248561277],[110.35065413797912,-7.989573488724716],[110.350605594373746,-7.989908455609907],[110.349933952790707,-7.989548427317288],[110.34947883468152,-7.988901557560041],[110.349431540234434,-7.988446782092524],[110.349486823359257,-7.988083311195055],[110.349504319669677,-7.987968266321616],[110.349651161872657,-7.987148932676291],[110.34967600204692,-7.986622477644403],[110.349772787984818,-7.986143996947078],[110.350061366040279,-7.985833338736768],[110.350277849044517,-7.98557043182916],[110.350374216797718,-7.98535519978185],[110.350374821142111,-7.984972293635622],[110.350231383772382,-7.984589162658949],[110.350207831427326,-7.984301947975723],[110.350208284685664,-7.9840147692654],[110.350448506194653,-7.983919418645428],[110.351000973217367,-7.983728834317446],[110.351457408833426,-7.983538096205393],[110.351481793950654,-7.983298818085188],[110.351554229844851,-7.983035685447703],[110.351794829069149,-7.982701018936098],[110.351987639219203,-7.982222688425509],[110.352124667120734,-7.982222901564853],[110.352275722647505,-7.982223138985887],[110.35242040737694,-7.981816526710531],[110.352589434955519,-7.981194569972615],[110.352710072712739,-7.980811851784722],[110.352350609194332,-7.980404452602613],[110.352158968162883,-7.980140905377652],[110.351998062361758,-7.97991142267324],[110.351895608896257,-7.979685792664384],[110.351632096744936,-7.979326405588324],[110.351248517006525,-7.978990762412934],[110.35096073844835,-7.978798857880179],[110.350793293676588,-7.978415690930603],[110.350625510759755,-7.978247906215074],[110.350337543343983,-7.978175660077852],[110.350169797299372,-7.977983944402695],[110.350002203240138,-7.977696501291689],[110.349786597074853,-7.977408981738336],[110.349306726924965,-7.977240707791623],[110.349047870563822,-7.976977052648067],[110.348880391617797,-7.97661781665812],[110.348713064657261,-7.976162852332948],[110.348377351334761,-7.975923009438532],[110.348137512037624,-7.975779040569478],[110.348018275424124,-7.975276289868077],[110.348018880667837,-7.974893386419865],[110.348019563253274,-7.974462618354323],[110.348043949269879,-7.974223340234175],[110.348212222317272,-7.974080015279696],[110.348451984272685,-7.974271845168744],[110.348812044940985,-7.974296342701223],[110.34919622542651,-7.97424908332772],[110.349628304703572,-7.974273693275507],[110.350108396986002,-7.974298378766377],[110.350420369105791,-7.974370661775822],[110.350635334054459,-7.975065016636393],[110.350827009260115,-7.975304632901668],[110.35118575062296,-7.976166732907586],[110.351329450594733,-7.976382343569469],[110.351496932238661,-7.976741581358112],[110.351712614846349,-7.976981233596234],[110.351880208905584,-7.977268674908601],[110.352360080854112,-7.977436947955994],[110.352623967123407,-7.977557019140306],[110.352719202630169,-7.978059732070165],[110.352814741208363,-7.978370991926909],[110.35315061101295,-7.978515105586837],[110.3535800157062,-7.97839908315035],[110.35367898609735,-7.978372341809347],[110.354231030438768,-7.978444998037446],[110.354566899343979,-7.978589110797998],[110.35487902524784,-7.978565664572955],[110.354951309156661,-7.978398256673415],[110.354951533987162,-7.978254668217573],[110.355071830001975,-7.978087334062423],[110.355263884721523,-7.978087632637312],[110.355431782751623,-7.978183620876621],[110.355575523192897,-7.978375297880916],[110.355623049665041,-7.978686483093895],[110.355838699897106,-7.978950066291702],[110.355886413428266,-7.979141593109205],[110.355861994136774,-7.979404803088414],[110.355765780167644,-7.979524312196475],[110.35588558874997,-7.979668087711275],[110.3561976031379,-7.979716436163812],[110.356461230402488,-7.980004025864275],[110.356964589944937,-7.980507371916872],[110.357252560058669,-7.980579615356135],[110.357612403090968,-7.980747695049274],[110.357899329091822,-7.981490022445769],[110.35809082443302,-7.98184929171066],[110.358354678326805,-7.981993292055961],[110.358834595241433,-7.982137625150472],[110.359578552209484,-7.982306299295487],[110.360466738849937,-7.982355536278192],[110.361084832999666,-7.982344203921059],[110.361104988605405,-7.982681051288694],[110.361126755796192,-7.98233198213444],[110.361859519802067,-7.98211836886685],[110.362532088586079,-7.981880088094783],[110.363036755742712,-7.981545822680744],[110.36308747480814,-7.979798888706966],[110.363208472294218,-7.979176851929367],[110.36325737472913,-7.978602567353789],[110.363258967428465,-7.977573507310694],[110.363667676023454,-7.977191227991966],[110.364100389322573,-7.976808984646141],[110.364126096443215,-7.975708168596327],[110.364223415679135,-7.974870709115123],[110.364560728895583,-7.974081481174608],[110.36480190278661,-7.973363900422839],[110.365211082626388,-7.972670508736201],[110.365571586660451,-7.972407813169241],[110.366507583958878,-7.972576767003375],[110.367106865190749,-7.973152042631853],[110.367457420024948,-7.973658476057039],[110.367538026259979,-7.973774923872838],[110.368353259896082,-7.97442232512941],[110.369983880053042,-7.975621393012091],[110.370439533258889,-7.975933197858012],[110.370606809857463,-7.976436017807146],[110.371158526845591,-7.976724035584994],[110.371685909977828,-7.977227403221264],[110.372644393924702,-7.978401508621914],[110.373891331820573,-7.979336734302024],[110.375451567436926,-7.979482680780279],[110.376051959331505,-7.979339996143096],[110.376988158977383,-7.979389269098704],[110.378188361804519,-7.979486799675271],[110.379292430702151,-7.979655979239226],[110.379604124032141,-7.979919696436014],[110.379916648335723,-7.979632983574504],[110.380036900283756,-7.979489573184424],[110.380684511981713,-7.979873449699141],[110.380852489152119,-7.979921564327924],[110.381141185918068,-7.979515157098035],[110.381285587360992,-7.979276055244952],[110.381981536719593,-7.979444616075341],[110.38303773830205,-7.979517988163821],[110.383445606930252,-7.979686116420339],[110.384093795992953,-7.97968708229223],[110.384862235205048,-7.979544633277385],[110.385750743802816,-7.97937842957009],[110.3864708129787,-7.979475226299826],[110.387694208422033,-7.980123194129305],[110.388533923402917,-7.980483413078275],[110.390333780680464,-7.980940769600011],[110.39151369210424,-7.981182177314849],[110.391629775694639,-7.981205926611437],[110.393142224934763,-7.981208147037535],[110.395111024355344,-7.981067437311594],[110.396719747819134,-7.980902263328005],[110.397560348632226,-7.980664167816315],[110.398064883588575,-7.980401652113756],[110.398593845930293,-7.979851990076497],[110.399050715019541,-7.979350083838483],[110.399387616346473,-7.97880014211205],[110.398358463673219,-7.976644783729],[110.397808090272179,-7.975423461222931],[110.397353187100975,-7.974585185157366],[110.397041378657718,-7.974393277027332],[110.39651347571737,-7.974224985094168],[110.39632212336835,-7.973746070024333],[110.396347253124304,-7.972980288308861],[110.396276811926384,-7.971903253031883],[110.396230025596253,-7.971065572317514],[110.39618299644917,-7.970395411917934],[110.396231498685779,-7.970060437838129],[110.396327981552133,-7.969749464865117],[110.395848833557864,-7.969078674940079],[110.395633514276312,-7.968575792937713],[110.395706023914897,-7.968240853032114],[110.395898637113476,-7.967858223877101],[110.396571341695108,-7.967500226253662],[110.397100042334159,-7.967118086329833],[110.397364041918024,-7.967166334058277],[110.398635364931181,-7.967862201578555],[110.399067235565497,-7.968030352318124],[110.399314047306461,-7.967960439921569],[110.399400711374767,-7.967935892926334],[110.399739693732954,-7.967839872311458],[110.400723991819802,-7.967817364079281],[110.401203980680236,-7.96791378399314],[110.401900097312705,-7.967962653153108],[110.402716072889518,-7.968131351579814],[110.403052127954368,-7.968155768173347],[110.403580027297494,-7.968324050213937],[110.404156250811354,-7.968277015670935],[110.404540458276585,-7.96820577227777],[110.405643718683734,-7.968925310853592],[110.406075214300756,-7.969356703048618],[110.406434724583903,-7.969764059962586],[110.406505952688633,-7.970314594342256],[110.406529717273656,-7.970482152428588],[110.40698522209135,-7.97091357699918],[110.408376746690578,-7.971513862773747],[110.409563873375077,-7.971842227735806],[110.410537208726225,-7.971612668588989],[110.411209326050596,-7.971661488286259],[110.411486506098413,-7.971650828622046],[110.412409727627846,-7.971615327884251],[110.412985478997712,-7.971903326776328],[110.41370540787932,-7.97209580057995],[110.414485586841408,-7.972123827951521],[110.414935738894258,-7.97210651420346],[110.415799241842592,-7.972628251391882],[110.415943232295376,-7.972664351977471],[110.416753613189769,-7.972557800301445],[110.417476219353091,-7.972555826289522],[110.41867648873,-7.972605375337025],[110.419324604947633,-7.972654148269498],[110.420908041274117,-7.973374321766755],[110.422110029255521,-7.972203336114262],[110.42352830059167,-7.970865120627991],[110.424177519378077,-7.970124134120681],[110.425306498597081,-7.969647061761691],[110.426867961788048,-7.968907333405923],[110.42744471770061,-7.968477354945151],[110.42809399134569,-7.96768849662601],[110.429512065730307,-7.966469919750182],[110.430185403434677,-7.965633227390754],[110.430474539069792,-7.964867800907484],[110.43035539958305,-7.964221475240095],[110.43064407116799,-7.96379109478238],[110.430932675303779,-7.963408578941937],[110.431454854958645,-7.963056174202279],[110.431629485313522,-7.962954826902944],[110.432157257852225,-7.963218801305857],[110.432564575196011,-7.96379372709805],[110.433259145893942,-7.96496734326746],[110.434481795799286,-7.966189542612483],[110.435225438004579,-7.966597401348167],[110.435825273218825,-7.966837538320931],[110.436737520321344,-7.966838776687382],[110.4375057284077,-7.96683981990094],[110.440145859145105,-7.967274169066854],[110.440805834722539,-7.967305663324908],[110.44117807490926,-7.96732342493533],[110.44254651211287,-7.967277403928222],[110.4433390846321,-7.967015214679634],[110.443796306255592,-7.966202140315715],[110.444085513836455,-7.965364908363028],[110.444183251257073,-7.964096641246215],[110.444425474656953,-7.962493519659404],[110.444499041898325,-7.961344881260459],[110.444452576626134,-7.960196080983565],[110.444502715628857,-7.958616634049633],[110.444696309987762,-7.957468154830678],[110.4446013820492,-7.956654339425427],[110.444554271963113,-7.955984178126528],[110.444531425585865,-7.955122595230762],[110.444340861042974,-7.954021466216886],[110.443814506735123,-7.952704499012611],[110.443623202949482,-7.952153807251591],[110.443600132641052,-7.951459747368631],[110.444081469585228,-7.950550974347209],[110.444467231978194,-7.9501209401285],[110.444874844299648,-7.949666547772154],[110.445547834865749,-7.949045214264402],[110.446148230357608,-7.948854557091352],[110.446964735635106,-7.948616323983345],[110.447805343642756,-7.948306324976102],[110.448166000561514,-7.947876027256029],[110.448526753707768,-7.947373932160417],[110.448746101052791,-7.947228077413058],[110.448971249024964,-7.947078361876095],[110.449403562125724,-7.946917394021739],[110.450411621200431,-7.947044371999368],[110.451323579620578,-7.947231050571702],[110.451851350360585,-7.947494999793605],[110.452642609869599,-7.948190072313196],[110.453720862828618,-7.949699212048188],[110.454343617265181,-7.950753041219059],[110.454774737864909,-7.951495502614534],[110.454917697694611,-7.952309381871657],[110.454532688933512,-7.953002906658014],[110.453835573154208,-7.953719952313122],[110.453330912292813,-7.954126133813247],[110.45210585220434,-7.954698887742666],[110.45140933267561,-7.954961221782128],[110.451168541895754,-7.955511341574322],[110.451167522963885,-7.956277167356575],[110.451189046438401,-7.958143894624243],[110.451116072749585,-7.958861761360367],[110.450809042404444,-7.959759092307479],[110.450682273968823,-7.960129586010794],[110.450673064011767,-7.960251336229362],[110.450633400312199,-7.960775686847683],[110.450752602751436,-7.961398077958108],[110.45087408137482,-7.962232586763662],[110.451926745923629,-7.963027010986991],[110.452718128639788,-7.963650289728264],[110.453413615746797,-7.964177712430683],[110.453844685085187,-7.964968036644791],[110.454275374909685,-7.96604554676378],[110.454538210770863,-7.966979243596427],[110.454729662045338,-7.967434206122903],[110.455257840178206,-7.967410966741909],[110.455906427640571,-7.967100700636024],[110.456363059308785,-7.966718387143032],[110.456795715051271,-7.966312109415526],[110.457132278233075,-7.965953568601492],[110.457276790292667,-7.965594776876628],[110.457397294950226,-7.965235952776197],[110.457446852091607,-7.964063344746762],[110.45739931123029,-7.963704302111069],[110.457471834358728,-7.963321484098401],[110.457544829631217,-7.962579684603952],[110.457785741819578,-7.96193383377863],[110.457954478917088,-7.961407548718569],[110.457859114807377,-7.960904850177883],[110.457571510717685,-7.960545492779488],[110.45709176467426,-7.960257680946427],[110.457011563134188,-7.960196009037759],[110.456853234790003,-7.960074266013748],[110.45678000029784,-7.9600179522659],[110.456685271109393,-7.959849547018166],[110.456581149401586,-7.959664443158715],[110.456421010722124,-7.959179858762695],[110.456493880988887,-7.958533789402054],[110.456734666372824,-7.957983666012581],[110.457143431625127,-7.957481626674905],[110.457503899686287,-7.957194912914076],[110.458128465357447,-7.956884610835345],[110.459112992771452,-7.956670505638499],[110.459953454189588,-7.956480143443059],[110.460674321963438,-7.955954574243378],[110.461419100012506,-7.955500832096902],[110.462067540885357,-7.955286282635029],[110.462451728565441,-7.95521498258455],[110.463387960586942,-7.955216194870673],[110.464204223946808,-7.955169385158172],[110.464636360780446,-7.955146009979558],[110.464997164288775,-7.954596035877557],[110.465501722627437,-7.954261635565217],[110.465958052123426,-7.95409469801109],[110.466077702425082,-7.954116946339184],[110.466606055026489,-7.954215191876813],[110.467013691629631,-7.954574696764041],[110.467253071373193,-7.955101510625411],[110.467228447036234,-7.955580121724438],[110.466627555118635,-7.956153721016619],[110.466077702425082,-7.956335655665157],[110.465690919301551,-7.95646363458826],[110.464778101129525,-7.956917169890687],[110.464489656173726,-7.957203981677594],[110.464392700263943,-7.957921822333446],[110.464679684720693,-7.958759815112558],[110.465158752675336,-7.959574125144968],[110.466077702425082,-7.960013274891935],[110.466690327797437,-7.960306040190801],[110.467317981740507,-7.960605982079585],[110.467439011602153,-7.960656764097564],[110.468805569222695,-7.961230124170072],[110.469765358985171,-7.961590335025164],[110.47026906206861,-7.961926026763933],[110.47060465937858,-7.96230936998063],[110.470603921934469,-7.96288373999181],[110.470314984150264,-7.963553471414798],[110.46969029437264,-7.963959518915885],[110.468609231032246,-7.964556437628687],[110.468392894617466,-7.964771550066189],[110.468079791150501,-7.965560908408406],[110.46786298978617,-7.96613500232769],[110.467646281951374,-7.966637297972113],[110.46709388237781,-7.96682804507742],[110.466661762631304,-7.966827490195726],[110.466077702425082,-7.966563633603982],[110.465917991822892,-7.966491482794879],[110.46558214809869,-7.966299591751977],[110.464621604704348,-7.966513742814186],[110.464069018071768,-7.966848078375335],[110.463564350015815,-7.96725427156656],[110.463419717447039,-7.967708795223928],[110.463322943200296,-7.968283039330004],[110.463562635907977,-7.968570536400307],[110.464353987147831,-7.969241657275859],[110.465361741352353,-7.969649803794596],[110.466088227190994,-7.969786566396124],[110.466729879981017,-7.969843022236887],[110.466921655910767,-7.970058658979099],[110.467088867758093,-7.970705041303802],[110.467208375067514,-7.971112040287608],[110.467472357564304,-7.971184175808276],[110.467712519718077,-7.971112687799518],[110.468120945925932,-7.97087389081662],[110.468481574066459,-7.970467507868364],[110.468866269863497,-7.970013290879876],[110.469226649791096,-7.969798362803374],[110.46982669634599,-7.969894859159638],[110.470954831101608,-7.9700398937253],[110.471747025905586,-7.970064837321559],[110.472323220641158,-7.970041636611427],[110.473067248655639,-7.970186178348627],[110.473221830424166,-7.970252452987495],[110.47338507356335,-7.970322440927077],[110.473571117214362,-7.970402206296001],[110.474050184269629,-7.971240440093425],[110.474433654290749,-7.971743501060928],[110.474721554257371,-7.971887458238825],[110.475561766563317,-7.971912455794381],[110.476210138188378,-7.971769682124318],[110.476786485808702,-7.971626817622735],[110.477093255350496,-7.97137098837959],[110.47730983098495,-7.971172200435888],[110.47738732826366,-7.971101067659333],[110.477381258739172,-7.971002254649534],[110.477363805596212,-7.970718123741619],[110.477275613579764,-7.970386748748638],[110.477202141666567,-7.970265753960575],[110.47714030518199,-7.970178493641754],[110.476860847151443,-7.969784136427961],[110.475901274125533,-7.969232484190968],[110.474749741708251,-7.96860879176154],[110.473934000854513,-7.968224844200392],[110.473022266365547,-7.967816838875194],[110.472889172998009,-7.967639462890077],[110.472812357405417,-7.967537088564995],[110.472734725228406,-7.967395965150843],[110.472735256727788,-7.966978849693362],[110.472833429420291,-7.966870386957964],[110.472951622820176,-7.966739803598273],[110.473503713926277,-7.966788368787377],[110.474295811603497,-7.966885101665298],[110.475062605056223,-7.966784588037513],[110.475412862214853,-7.966362030782307],[110.475472899156046,-7.966288289971828],[110.475886909254484,-7.965199818915721],[110.475955102147282,-7.964661512617909],[110.475645147206819,-7.962985869701299],[110.475520338393949,-7.96265182102394],[110.474616375846097,-7.960232373124711],[110.474399908130295,-7.959364485981439],[110.474353649702209,-7.959179025091146],[110.474141832380724,-7.95853032611285],[110.47394713095639,-7.95793403872409],[110.473588322144394,-7.956928433899293],[110.473013733597952,-7.955707166251898],[110.472822390242186,-7.955156481685492],[110.472631045987043,-7.954605800716308],[110.472511720340663,-7.954055208780062],[110.472608446923346,-7.953504892935655],[110.472993122035973,-7.953050670551193],[110.47337785560461,-7.952548584448834],[110.473834667137226,-7.951998722762028],[110.474194996702806,-7.951807721148612],[110.475659867310071,-7.951402724955017],[110.476884706165322,-7.950973492032233],[110.47746108706059,-7.950782759316098],[110.477845420430867,-7.950591783783011],[110.478061894441907,-7.950257005755418],[110.478038706322309,-7.949610809590411],[110.477943166844739,-7.9492277739418],[110.477584053162559,-7.948461493102627],[110.477152949649962,-7.94767118957293],[110.476890101198251,-7.946713572572492],[110.476699300133646,-7.945732111846667],[110.476460427607719,-7.944798457282161],[110.476269294693225,-7.944080252400909],[110.476246261257018,-7.943314394243089],[110.476246806246138,-7.942883613587071],[110.476511197934485,-7.94262069408893],[110.476871609338332,-7.942357892402015],[110.477423942362122,-7.94219106186722],[110.478071872420003,-7.942359399665747],[110.47852763983974,-7.942623225680506],[110.479103493732282,-7.942839339063426],[110.480015694969381,-7.942840480303119],[110.480664077386336,-7.942649832123266],[110.481360589720509,-7.942363514963461],[110.48181696058532,-7.94214869390629],[110.482009062069608,-7.942101067609372],[110.482752985762716,-7.942293452380113],[110.483568655570025,-7.942701313813757],[110.484120566811782,-7.942869523908598],[110.484984579675654,-7.943014187953622],[110.485656518934263,-7.94318254643656],[110.486591746413012,-7.943973463303905],[110.487262975207159,-7.944716189999383],[110.487862607174634,-7.945123777139827],[110.488270906578123,-7.944956755049418],[110.488504966831783,-7.944607668808089],[110.488920533656767,-7.943760942712515],[110.489474251636466,-7.942469283329956],[110.489618844635004,-7.942014747981432],[110.489619168390959,-7.94175404171483],[110.489610584362026,-7.941639226168547],[110.489532867648791,-7.94141711160961],[110.489400457765953,-7.941240009917692],[110.489288545231204,-7.941009100888493],[110.489140366635638,-7.940697886897169],[110.488828920619255,-7.94019492755308],[110.488579875861603,-7.939688421282824],[110.488601070184302,-7.939369964151695],[110.488614029414975,-7.9392613080621],[110.488926419719519,-7.938998437127395],[110.489334448427087,-7.939046801767688],[110.489586540987148,-7.939125683102986],[110.489893136060402,-7.939221615584302],[110.490102315670356,-7.939287068242777],[110.490654344723282,-7.939359540109876],[110.491278889710031,-7.939025252212843],[110.491783496612129,-7.93861902125002],[110.49207223384758,-7.93806893203481],[110.492216763893566,-7.937662261303501],[110.492168597104126,-7.937371945757889],[110.492097619910282,-7.936944148153088],[110.491988040216938,-7.936615062834051],[110.491858452406689,-7.936225888413219],[110.491859156575856,-7.93565151570408],[110.492003951022582,-7.935029454644791],[110.49224473370856,-7.934431443255676],[110.492629748764955,-7.933666079725015],[110.492918775582098,-7.932876667423443],[110.492939143427748,-7.932782466137098],[110.493055757618151,-7.932243121122326],[110.493160406328741,-7.931584620433057],[110.492945123919355,-7.93096211960534],[110.492107282226357,-7.929070452338692],[110.491580445881937,-7.928040723200013],[110.491221173919087,-7.92739411334685],[110.491222261199425,-7.926508621075186],[110.491295773582124,-7.925288168213569],[110.49146494864948,-7.9243550163701],[110.491658186876862,-7.923374028687647],[110.491802475005272,-7.923158813727468],[110.492355245998851,-7.922609044670878],[110.492637673590821,-7.922187787835355],[110.492691918898004,-7.922106879428156],[110.492724548999774,-7.921977423818248],[110.492933130560573,-7.921149882060604],[110.492854448874766,-7.920850906942974],[110.492645873609206,-7.920503360341002],[110.492614506155576,-7.920356540621071],[110.492574271386559,-7.920168222584607],[110.492935268249084,-7.919402829376281],[110.493584515813779,-7.918470260293475],[110.494185548025655,-7.917705155767521],[110.494618289203743,-7.917155238322778],[110.494882767226954,-7.916796576100296],[110.495099385129549,-7.91631819163041],[110.495196215134285,-7.915648203900673],[110.49526315437214,-7.915162488157478],[110.495485309400578,-7.914786992424979],[110.495749667813982,-7.914524057638346],[110.495942220757911,-7.914093509007444],[110.496014930945364,-7.913519221733907],[110.496015773610111,-7.912825186132636],[110.495944868362017,-7.911915674767783],[110.496017458939605,-7.911437115829415],[110.496282980176431,-7.910216891395635],[110.496500462327504,-7.90902053856621],[110.49678974994805,-7.907991798681735],[110.497368147123325,-7.906077912764658],[110.49758489992422,-7.90547986630196],[110.4974419796647,-7.904570265904226],[110.497347445629146,-7.90334960619856],[110.497468416135519,-7.9025599852543],[110.497469081633881,-7.902009544404166],[110.497782220174372,-7.901100491693512],[110.497807378708615,-7.900143230824654],[110.497640487019908,-7.899209669789627],[110.497185879725635,-7.898012509368982],[110.496658632391018,-7.897341770705339],[110.495915244693833,-7.896766498674197],[110.495651678583158,-7.896383265174734],[110.495652375557711,-7.895808890666956],[110.496013807692123,-7.894660576023966],[110.496327201640099,-7.893536134783972],[110.496304620562853,-7.89236342513118],[110.4958016720106,-7.891453393058839],[110.495082385244928,-7.890806353329765],[110.494941390433894,-7.890727051111696],[110.494698610353623,-7.890590499850873],[110.493474928925878,-7.890230036286368],[110.492659768134843,-7.889878252978178],[110.492251454342181,-7.889702041615124],[110.492124819905541,-7.889750742601905],[110.491952885718149,-7.889816864356021],[110.491507034223275,-7.889988327298681],[110.488259127257948,-7.890031992081958],[110.486058406171537,-7.890077402449378],[110.485463704287554,-7.890006900097546],[110.484426490990813,-7.889883936693536],[110.483394602579892,-7.889715139341376],[110.480417940136874,-7.890022574381476],[110.478695010867114,-7.890256603158889],[110.478497433410894,-7.890283440727387],[110.478308603660196,-7.890168056809557],[110.477634014099522,-7.889755855247699],[110.47737229519629,-7.88973812961018],[110.477274010987855,-7.88973147282843],[110.47623640558669,-7.889856840120274],[110.476085906740252,-7.88985833569285],[110.476019230104441,-7.889772239996091],[110.475522605584842,-7.889130975713158],[110.475046154657377,-7.886282444178676],[110.474903952956083,-7.88484633209174],[110.473986371075227,-7.883787969438458],[110.473819904765833,-7.883576265431486],[110.473514475213904,-7.882762483301178],[110.473443662596026,-7.882671467413502],[110.47301125506641,-7.882115680093762],[110.472365935740413,-7.879960969222566],[110.471910754678618,-7.879290291712778],[110.471623190159164,-7.878930946005539],[110.471527488803588,-7.878691503309426],[110.471408178445699,-7.87814091137318],[110.470785293607435,-7.877230701235078],[110.470186991737307,-7.875865809158938],[110.469828217998895,-7.874884134394506],[110.469324891731389,-7.874333055924978],[110.469157065647096,-7.874189249833194],[110.468894485193402,-7.873735677658601],[110.468366763916094,-7.872824113141519],[110.467648773972769,-7.871219744195059],[110.46712258514026,-7.869783141078301],[110.467268546007631,-7.868251664881598],[110.46743743778859,-7.867557844218311],[110.467610827978376,-7.866947829577896],[110.467644066021876,-7.866830893430176],[110.46770263796742,-7.866624823675863],[110.467967439746587,-7.866002920897301],[110.468471973803616,-7.865596713316847],[110.468880932410173,-7.864855331107833],[110.46943398219355,-7.864042334085639],[110.469939212325812,-7.863085682057772],[110.470276010230748,-7.86246386921141],[110.470588441904113,-7.862129211692945],[110.471212941924762,-7.86174708256101],[110.471477130366338,-7.861603820559083],[110.472197238213028,-7.861532929700161],[110.47286955518689,-7.861294451077242],[110.47303785971053,-7.861055339331642],[110.472992032956995,-7.859332160949691],[110.472969843984174,-7.857896196351589],[110.473066418581425,-7.857441605245072],[110.473332140367006,-7.856077800449327],[110.473500896350345,-7.85547970362461],[110.473645710582105,-7.854833715202972],[110.473886405134522,-7.854283573827047],[110.474294830443114,-7.853949033220488],[110.474679643152058,-7.853303341575156],[110.475160545723668,-7.852585974862052],[110.47532911734595,-7.852131471889095],[110.475545836871902,-7.851557367177975],[110.476698884646851,-7.850721174841567],[110.477388702427731,-7.850271725159189],[110.477492108275214,-7.849740937193701],[110.477804853812017,-7.849143018434745],[110.478165447778224,-7.848664819225235],[110.478718547923677,-7.847780010438328],[110.479079201245213,-7.847253946611545],[110.479488178737483,-7.846464687194782],[110.479969065121281,-7.845747312387743],[110.480161478670368,-7.845412498387304],[110.480315052298863,-7.844954958403775],[110.480354188995648,-7.844838361300503],[110.480642777842945,-7.844360071259473],[110.481339270392084,-7.843954080415699],[110.482179965633975,-7.843380740128225],[110.483140450572364,-7.842975070342391],[110.484148961106712,-7.842545525354922],[110.484749361095169,-7.842211207780224],[110.485421729330369,-7.841900910198035],[110.485854288845417,-7.841642819159972],[110.486262327445502,-7.841399358292961],[110.486886840056684,-7.840969337564047],[110.487391473039111,-7.840443440111869],[110.487704196992127,-7.839845513259036],[110.487824662079561,-7.839462742011108],[110.487887809775657,-7.839231351844603],[110.488138056926857,-7.838314370710862],[110.488330490260978,-7.837955618556123],[110.488618743661164,-7.837740578963746],[110.488906764136914,-7.837716996041706],[110.490273993551,-7.838316960758334],[110.491473609120817,-7.83860559906833],[110.491847813426887,-7.838668255734603],[110.492913278026379,-7.838846657846204],[110.493488798270448,-7.839230267262224],[110.494160635905644,-7.8393507368462],[110.494712563335156,-7.839399263364498],[110.495361065361919,-7.838969257924134],[110.496057651440481,-7.83846751176543],[110.496441984810815,-7.838180785414124],[110.497162194280861,-7.837990185797651],[110.498194134852497,-7.838015347929172],[110.498866172137184,-7.837968282809186],[110.500353673284451,-7.838352967814387],[110.5016254657437,-7.838498068929937],[110.502489271763523,-7.838642684411525],[110.502812606817372,-7.838677372162181],[110.503617098950997,-7.838763675602365],[110.504601213576166,-7.838645171936321],[110.505680903651808,-7.838885764865324],[110.50697658660124,-7.839126607805895],[110.507360437934892,-7.839246717661069],[110.507888846294293,-7.838888350416255],[110.508753385261571,-7.838410710585038],[110.509666061340681,-7.837813463619625],[110.511322294189597,-7.837576064183224],[110.512306433096455,-7.837433609772461],[110.513074411855655,-7.837434497403308],[110.514106382104899,-7.837435689005019],[110.515042301162339,-7.837484631909433],[110.515666338032133,-7.837437484951181],[110.516554810657055,-7.837007722327712],[110.517659330115066,-7.83653033970262],[110.518763818996092,-7.836076885339196],[110.519604096053229,-7.83581458727258],[110.519988549033371,-7.835408172848076],[110.520757564710891,-7.834499615663901],[110.521310133357019,-7.833591554006205],[110.521311294381803,-7.832968566645206],[110.521293917681191,-7.832872644056465],[110.521168203251023,-7.832178632736884],[110.520807644358342,-7.832006912588156],[110.520684975032623,-7.831948490829404],[110.520088738005882,-7.83174662090903],[110.519873049102955,-7.831483120448866],[110.519566595223239,-7.831013357779455],[110.519513695301839,-7.83093226411188],[110.520138078410639,-7.830573988597905],[110.520570496732091,-7.830191560891024],[110.520930836190189,-7.829880847822039],[110.521363527006201,-7.82925909523027],[110.521579927272853,-7.828900354766745],[110.521700467003996,-7.8286142201693],[110.522389817137423,-7.828400121267805],[110.522456195198288,-7.828314271085958],[110.522612776159747,-7.828111753653729],[110.522876871971107,-7.828016322094811],[110.5233086607671,-7.828184337036703],[110.523572646861226,-7.828184634712329],[110.523711834934261,-7.828046146311806],[110.524113039586155,-7.827560876632333],[110.524365368667873,-7.827515422198189],[110.524645450827961,-7.827515736061571],[110.524941121836378,-7.827707529078396],[110.525142343345522,-7.827642640294812],[110.525661466204724,-7.827373285248086],[110.526021420753011,-7.827397621801992],[110.526309189418612,-7.8275894049263],[110.526572987554403,-7.827757229211954],[110.526751907675418,-7.827757429760766],[110.526980965899895,-7.827757686966891],[110.527053287580202,-7.827470576605037],[110.527088123718954,-7.827075279599683],[110.527225900755752,-7.826824686209477],[110.527366133841042,-7.826705088967856],[110.527664087328787,-7.826720826204337],[110.527893972929576,-7.826825342714585],[110.528013697874883,-7.82706480159851],[110.528253684660854,-7.827065069596472],[110.528373813401799,-7.826945540703321],[110.528278194783923,-7.826610379564556],[110.528209059401604,-7.826331810064175],[110.528236387100605,-7.826169409589795],[110.528254815108653,-7.826059907238118],[110.52851907010006,-7.825820877330841],[110.529022935061448,-7.825917170440277],[110.529310999603979,-7.825845694122677],[110.529647196761744,-7.825654608872298],[110.530007446287641,-7.825415685084977],[110.530125086604528,-7.825507143439097],[110.530223245807179,-7.825583452713374],[110.530325692977385,-7.8256300277028],[110.530487098801643,-7.825703408784477],[110.530726977668905,-7.825799406016984],[110.530918914577285,-7.825847482874224],[110.531062906828708,-7.825847643852853],[110.531063200907056,-7.825584387108961],[110.53089545126511,-7.825368807923326],[110.530740790356219,-7.825201346064489],[110.530607814799851,-7.825057366403541],[110.530183117158174,-7.824722234942385],[110.529744721043073,-7.824290564856881],[110.5296548670795,-7.824049101384105],[110.529673260913285,-7.823811835047366],[110.529889383289458,-7.823692413173546],[110.530081291419492,-7.823764423688374],[110.530320956248204,-7.824051882087872],[110.530873191245803,-7.823813169641255],[110.531449451631943,-7.823550553214659],[110.5320495773272,-7.823407623961884],[110.532265563006376,-7.823407864980197],[110.532361276952429,-7.82350375968997],[110.532289029016511,-7.823886539931095],[110.532288651301258,-7.824226060083788],[110.532312334048015,-7.824508809633073],[110.532390189256887,-7.824577980088918],[110.532528108386543,-7.824700510019738],[110.532720285413916,-7.824533195649678],[110.532796639654237,-7.824424673559008],[110.53288854137412,-7.824294056924373],[110.532888913693455,-7.823959001905621],[110.532841156095515,-7.823743556718966],[110.532878485155038,-7.823435686406981],[110.533018249693498,-7.823239141372483],[110.533225879771578,-7.823073871161398],[110.533705983745222,-7.822954739768647],[110.533954712840796,-7.822878718277423],[110.534050308975623,-7.82284950110278],[110.534330158211276,-7.82276396928097],[110.53459674964131,-7.822598215234621],[110.534710518376755,-7.822532488282889],[110.534977025270564,-7.822700085939402],[110.535074113380688,-7.822764787664028],[110.535388316718468,-7.823289622117557],[110.53579335607958,-7.823411759044632],[110.536045015166337,-7.823434851836112],[110.536729275136963,-7.823436718828702],[110.537137198623839,-7.823485032207657],[110.537335324666572,-7.823728061400118],[110.537416539742537,-7.823827684699097],[110.537696906088399,-7.824109187787997],[110.53814479814497,-7.823797258835612],[110.538456859297639,-7.823725802303102],[110.538457095819354,-7.823510410176482],[110.538649083989071,-7.823510619718547],[110.538864781885195,-7.823774112984097],[110.539392726194421,-7.823798622207846],[110.53970462996574,-7.823870760426473],[110.539920156091398,-7.823978520791286],[110.540184340036319,-7.824110608716808],[110.540477190770787,-7.82420312107638],[110.540808200638992,-7.824207016939454],[110.541216333667933,-7.824063867352777],[110.541432557667463,-7.823848709049855],[110.541504763335183,-7.823657327023227],[110.541936764371201,-7.823633862811732],[110.542416658802836,-7.823706180894703],[110.542481901019983,-7.823522473682431],[110.542561092621384,-7.823299484982442],[110.542465593613315,-7.822844661850866],[110.542418172361806,-7.822318096202366],[110.542706701853831,-7.821815825738952],[110.542641794184476,-7.821702262948293],[110.54241926683676,-7.821312930246734],[110.542107809129106,-7.820833942331774],[110.542132381305407,-7.820307452226359],[110.542036909276987,-7.819828698135098],[110.542133320197593,-7.819445882820446],[110.542445900259111,-7.818895772920769],[110.542902727080218,-7.818106492819595],[110.543503101887666,-7.817724221594744],[110.544151444734439,-7.817365932590917],[110.544799995324581,-7.816816184218737],[110.545208482686348,-7.816337974217333],[110.545473033554686,-7.815811742217306],[110.545522194994362,-7.814734829248152],[110.545306677861959,-7.814303812070477],[110.545138975884072,-7.814040372764168],[110.545067577807515,-7.813489847377753],[110.545115988313285,-7.813106978103747],[110.545356306049712,-7.812796113948707],[110.545380665086668,-7.812461084110964],[110.545261116408426,-7.812054103113553],[110.545069416921081,-7.811790637726972],[110.54511800908989,-7.811240240943562],[110.545192592565115,-7.810956363644436],[110.545262592195911,-7.810689946682885],[110.545478882745272,-7.810402990105104],[110.54581513656035,-7.810140092190693],[110.546271356339048,-7.809901255637612],[110.545976722248952,-7.809676883780355],[110.545767813334976,-7.809517794609746],[110.54550422564057,-7.809158522646896],[110.545240819609205,-7.808631724074019],[110.545049085048277,-7.808178402810256],[110.544977516999836,-7.808009193568637],[110.544761745359324,-7.807817501275849],[110.544498106403523,-7.807506093930272],[110.544522492420128,-7.807147132233581],[110.544690787051252,-7.806860121696445],[110.544739223637293,-7.806453320563492],[110.544859573611461,-7.806118394147745],[110.544715950981413,-7.805783182646962],[110.544548225621156,-7.805543677897617],[110.54474046560108,-7.805304558957403],[110.544860765213173,-7.805017498058305],[110.544669119685182,-7.804706168054395],[110.544717504110565,-7.804347232438033],[110.544781907260244,-7.803649074344492],[110.544790350994958,-7.803557535051425],[110.544862837251173,-7.803102893582889],[110.545175320185933,-7.802624579260112],[110.54548788136168,-7.802074464863836],[110.545848409677433,-7.801548337185181],[110.546256831388689,-7.801117988203771],[110.546617177142082,-7.800759385336562],[110.546977291769622,-7.800616174595973],[110.547361249223343,-7.800616587384809],[110.547769203287146,-7.800617022656638],[110.547889548764715,-7.800282094442309],[110.547794022776998,-7.79985120586764],[110.547770437156998,-7.799468259251967],[110.547914832304741,-7.799085491601375],[110.548114962936211,-7.798942110888902],[110.5482590747975,-7.798822601780842],[110.548595164935932,-7.798703296818871],[110.548859237364979,-7.798607848172878],[110.548859570114132,-7.798296725013017],[110.548620521321027,-7.797434895703077],[110.548381498608308,-7.796549136332771],[110.548358245737518,-7.795855065657975],[110.548439728811502,-7.79492580877826],[110.548488234645333,-7.794447211169029],[110.548632910381571,-7.793801184076585],[110.548777405354031,-7.793322686292129],[110.548879475708304,-7.792881641673603],[110.549180215295735,-7.79244604514804],[110.549379252351684,-7.792157754875689],[110.549583331006943,-7.791973297628772],[110.549741287931113,-7.791830527555987],[110.549861111801931,-7.791722224000637],[110.549945091393909,-7.79197720338442],[110.550591670670087,-7.792442537792056],[110.550486910443624,-7.793373835233524],[110.550523120746448,-7.793924390297548],[110.55090342695263,-7.794191896338134],[110.551211540980887,-7.794662000749952],[110.551711028042575,-7.79446636942663],[110.552483655397452,-7.79404826831211],[110.55259782792848,-7.793986483988249],[110.553197777356559,-7.793963184352663],[110.553605649582096,-7.79403541340281],[110.5540135991493,-7.794035840580761],[110.554469566218529,-7.7940123889598],[110.554709308388908,-7.794228034695266],[110.554973225235187,-7.794276177203017],[110.555405297317691,-7.794156966669846],[110.555515225947943,-7.793851011014567],[110.555718065337487,-7.793391452952392],[110.556115365133053,-7.793059678660427],[110.556294647680886,-7.792769810077857],[110.556271178972793,-7.792267199670732],[110.55615170044166,-7.791788423096421],[110.555816122017461,-7.791429080986518],[110.555384456428555,-7.791165370084968],[110.555192810001245,-7.790854043678394],[110.555121047699231,-7.790638575109369],[110.555145474185338,-7.79023174699671],[110.555023946998574,-7.790201311240708],[110.554665665189361,-7.790111578685583],[110.554234001399095,-7.78984786688477],[110.554027651056288,-7.789641634353131],[110.553946344249425,-7.789560373411689],[110.553658865165517,-7.789105350630621],[110.55362252625963,-7.788608975223212],[110.55359779400402,-7.788447557707798],[110.553535446704529,-7.787866576780289],[110.553459160812679,-7.787314385849413],[110.553489675708988,-7.787087895189416],[110.553688046367313,-7.787003024369255],[110.554061889145942,-7.786918129267463],[110.554786939666599,-7.786795591242765],[110.555397044239271,-7.786820371162378],[110.555498867279937,-7.786552725726892],[110.555568859716175,-7.786293919727825],[110.555536286271661,-7.785965547571152],[110.555499950063677,-7.785525097404502],[110.555537289915037,-7.785011321014849],[110.555721942314847,-7.784387597109117],[110.555869485089715,-7.784057441596872],[110.55686465777876,-7.783716306261738],[110.557075502933174,-7.783578837692403],[110.557426447173839,-7.783352347032405],[110.557823187591055,-7.78325364463916],[110.558509819073947,-7.783098652779813],[110.55877686016504,-7.783226467126951],[110.559034765942727,-7.78351022931281],[110.559549990240896,-7.783474062177447],[110.560101050723972,-7.783124835641843],[110.560297328659829,-7.782871760122816],[110.560610119162732,-7.782588517745069],[110.561067911855673,-7.782461671967781],[110.561601968856849,-7.782405431065001],[110.562145540685208,-7.782177564442236],[110.562333400966736,-7.782212278273221],[110.562904890449374,-7.782078789203979],[110.563576912445626,-7.781959816091842],[110.564344769796321,-7.781984537555559],[110.565016643404419,-7.782009160093878],[110.56535618244294,-7.782190215205446],[110.565568187722704,-7.782368715343125],[110.565807732941551,-7.782775815051025],[110.566143436371533,-7.783015486174918],[110.566527034096396,-7.783350935096792],[110.566886709854828,-7.783614562361379],[110.567486449740898,-7.783782703208374],[110.568110209619533,-7.783926933780151],[110.56849422732779,-7.783855526710397],[110.568950182705805,-7.783832057102927],[110.569406067037391,-7.783880384871054],[110.569693853689444,-7.784048208257389],[110.569957472860153,-7.784383531274159],[110.570149079717282,-7.784742716002711],[110.570364755130413,-7.78503012583883],[110.570628400381395,-7.785341518795235],[110.570844246665672,-7.78546139932331],[110.571243598714148,-7.785683199119546],[110.571707540071941,-7.786036656965337],[110.571993349114791,-7.786560549828721],[110.574014238167592,-7.787695925026128],[110.574754205743034,-7.787929791925535],[110.575096135179535,-7.787927608371604],[110.575221694926313,-7.788029280326214],[110.575328092818268,-7.788094268035252],[110.575811177145169,-7.788263847797509],[110.576212681271272,-7.788640006330411],[110.576582586817949,-7.78898656187954],[110.577112506038361,-7.788961927650064],[110.577371928972411,-7.789217023945696],[110.577605310237914,-7.789449897094244],[110.577883089234206,-7.789557499178443],[110.578874917344592,-7.78941682092875],[110.579302146577845,-7.789417303864695],[110.580553376038495,-7.789333860268641],[110.580846191699436,-7.789271519264389],[110.581117947935979,-7.789248991247121],[110.581606233042294,-7.789221328101007],[110.582170804939722,-7.789448787330855],[110.582213617165735,-7.789728457601427],[110.582201319836088,-7.790248989698284],[110.582199389891002,-7.790445043703016],[110.582285037725342,-7.791097008119607],[110.58231356332135,-7.791365031270345],[110.58235636385615,-7.791767193700252],[110.582307966840233,-7.792174002927084],[110.582115610847836,-7.792556736403469],[110.581899330190993,-7.792867647323249],[110.581611153233155,-7.793082757062791],[110.581538661581021,-7.793585272141797],[110.581394085669558,-7.794183447207502],[110.581393610827547,-7.79466209967535],[110.581609441823332,-7.794805910263733],[110.582089169880305,-7.795021777232421],[110.582400943249979,-7.795213546866876],[110.582808444954821,-7.795668668573398],[110.582983822646327,-7.795891731917095],[110.583072081212606,-7.796003986194194],[110.58369591393631,-7.796100330565025],[110.583837322435556,-7.796179843224365],[110.584079655552728,-7.796316101306218],[110.584258519016487,-7.796773293252102],[110.584295087249529,-7.79686676518827],[110.584246549040074,-7.797417170065557],[110.584077882988936,-7.798111051882756],[110.583885478433103,-7.798541651774997],[110.583357323682606,-7.798756526791465],[110.58263721493654,-7.79894727929269],[110.581988953028826,-7.799281695792843],[110.581436656877258,-7.799640141278701],[110.580884289679261,-7.800070383240779],[110.580403981559527,-7.800428897974484],[110.580113073360678,-7.800483860041311],[110.579899942129657,-7.800524128085215],[110.579299812837121,-7.800714994800387],[110.578435498700344,-7.80112099014076],[110.577523452146636,-7.801263675677262],[110.576875351217552,-7.801430558372772],[110.576443155028642,-7.801669451583109],[110.576174211871432,-7.801914822610172],[110.576111452682426,-7.802249642006586],[110.576130272794899,-7.802578579836791],[110.576049860813498,-7.803100533761835],[110.575921917863241,-7.803931019000515],[110.575806917056639,-7.804529201260834],[110.575835852743467,-7.804902559304878],[110.575861112901066,-7.805138890346711],[110.576122865079185,-7.805696372888519],[110.576390920605547,-7.805881548693719],[110.57667877290811,-7.806001500268223],[110.577302859240604,-7.805858527847988],[110.577902800574861,-7.805859127695783],[110.57888671015462,-7.805860108856109],[110.579144064647892,-7.805838366846331],[110.579726701227344,-7.805789145152119],[110.580062812949507,-7.805645883150191],[110.580187203577623,-7.80560324629198],[110.581005345621236,-7.805322799007172],[110.582096352765518,-7.805151741658733],[110.582583475947729,-7.804738934853162],[110.583143386659003,-7.804181644766288],[110.583280097099873,-7.804045574642771],[110.584096560109231,-7.803495926095309],[110.58481703308064,-7.802946182219728],[110.58546517897588,-7.802731423215789],[110.585897159327487,-7.802707914038194],[110.586353090423813,-7.802732291960922],[110.586736862617158,-7.802924129044527],[110.587120588945083,-7.803163829846085],[110.587360144056447,-7.803594852419678],[110.587623623832201,-7.804097696650558],[110.58807915742824,-7.804528928766217],[110.588414681893084,-7.804983975829032],[110.588270204007756,-7.805486421660248],[110.588053730896036,-7.805988798243618],[110.587789262765284,-7.806491128062305],[110.587476822098722,-7.806969476559289],[110.587044555762702,-7.807280179735699],[110.586420401981002,-7.807494963920647],[110.585964254148053,-7.807685979923235],[110.585700063907893,-7.807901114843787],[110.585798307646826,-7.808077880189217],[110.585939619918577,-7.8083321383167],[110.586419695113875,-7.808212943971398],[110.58687595985873,-7.807902265076677],[110.587243393169103,-7.807884302917444],[110.587355942423869,-7.807878800865183],[110.587812182886978,-7.80759205382941],[110.588460335976777,-7.807377291228192],[110.588980571297384,-7.807107243703513],[110.589756640357734,-7.806947762428479],[110.590668486362574,-7.807020442938267],[110.59146041586655,-7.807021209160666],[110.592228600570479,-7.806758689860828],[110.593692908202172,-7.80630537759032],[110.594485182146514,-7.805947147941708],[110.594964951572308,-7.806139068662276],[110.595684726669845,-7.806307285951675],[110.596284718366121,-7.806259994202549],[110.596860756619662,-7.806164811755878],[110.597370359255706,-7.806224399035955],[110.59803635309629,-7.806477057269547],[110.598588165412536,-7.80662117812409],[110.599042257395297,-7.806652843253289],[110.599284056315184,-7.806669702843692],[110.599812077966078,-7.806598404591909],[110.600196337591967,-7.806287642959546],[110.60037419831167,-7.805889561653146],[110.600446012774341,-7.805578282011311],[110.60050924230876,-7.805306695746594],[110.600581599062593,-7.804923840861761],[110.600438134713215,-7.804373251623474],[110.60029473961157,-7.80375086500959],[110.600103281142538,-7.803200231704523],[110.599576105753727,-7.802386019698247],[110.599168809094294,-7.801691584797993],[110.599119937236367,-7.801551028856068],[110.598761933317633,-7.800366333938371],[110.598761419804703,-7.800143922603127],[110.598773250386216,-7.799899027317451],[110.598978766158154,-7.799657122277551],[110.599698757092995,-7.799586005688809],[110.600706878220876,-7.799347629588624],[110.601210914053468,-7.799252376095467],[110.601858844111405,-7.799252984936516],[110.602314839958922,-7.799205546597875],[110.602795149877295,-7.798823074824213],[110.603491345650127,-7.798536534632547],[110.603995583830169,-7.798225880019515],[110.60440358286013,-7.798178395815512],[110.604907527861144,-7.798178867060244],[110.605411203964934,-7.798466528706513],[110.605843157336892,-7.798466933401471],[110.606186591339167,-7.798451683597534],[110.606371122330472,-7.79844348987433],[110.607089999904645,-7.798259845614552],[110.607211231214421,-7.798228874761946],[110.607735791374694,-7.798108660585399],[110.607922760428096,-7.798065813285859],[110.608147330136205,-7.798014346883804],[110.608795325844653,-7.797943146658099],[110.609419259292451,-7.797943724022844],[110.610115048571686,-7.798087962688498],[110.610930828096286,-7.798232310172182],[110.611530607552538,-7.798400390764641],[110.61229828324025,-7.79866435527498],[110.612657824999644,-7.799119405935016],[110.613400933007711,-7.800005598778569],[110.614120156820832,-7.800772102649603],[110.614671704736452,-7.801203395019854],[110.615103399103646,-7.801490981123095],[110.615487317886448,-7.801539197375234],[110.616111233347794,-7.80156369580709],[110.616244954442152,-7.801516763786822],[110.616519323209218,-7.801420468878746],[110.616903589130402,-7.801085758300303],[110.617240056084768,-7.800535607931181],[110.617600453998818,-7.800057278319912],[110.617888944819981,-7.799483152025061],[110.618225279574062,-7.799076598205659],[110.618545047017335,-7.798930150805006],[110.618873448851616,-7.79881392062515],[110.619196988051613,-7.798814212005482],[110.619521379808873,-7.798814503385813],[110.619977158919824,-7.799006376442321],[110.620552796075742,-7.799341951269241],[110.620960861655476,-7.79922265170319],[110.621368775249834,-7.799270883243878],[110.621824576843778,-7.799438819944783],[110.622064293833148,-7.799726227982205],[110.62223214779641,-7.799869973819455],[110.622536812025317,-7.800019886307894],[110.623304538974367,-7.800235964617286],[110.623514443437841,-7.800496509905201],[110.623638637114482,-7.800650667193736],[110.623750003760733,-7.801055559066015],[110.624107352073679,-7.801503995212386],[110.624164507587011,-7.801575718843537],[110.624353712355003,-7.801820135689923],[110.624500087809849,-7.802009228042664],[110.624572861849117,-7.802373796112988],[110.624595651569109,-7.802487968644016],[110.624661568277816,-7.802784196332766],[110.624717899112795,-7.803037358186714],[110.624861802331338,-7.803263320944723],[110.624985174027586,-7.803317398977981],[110.625317543670747,-7.803372947402806],[110.625600154724395,-7.803274582255369],[110.625786654331705,-7.803209670089416],[110.626352782056301,-7.803108603378519],[110.626757873578072,-7.802847700160441],[110.626782359419394,-7.802297267404185],[110.627334517974646,-7.802058424555867],[110.627545516013811,-7.80193433160332],[110.62786274197299,-7.801747763647597],[110.627982921076011,-7.801532474043654],[110.628271377722967,-7.800982273312457],[110.628394458038827,-7.800898445705911],[110.628727608293559,-7.800671545854357],[110.628828784721691,-7.800490758740693],[110.628919820394458,-7.800408452787053],[110.629160155218017,-7.800001807236811],[110.629472439402605,-7.799643088357016],[110.629712770628885,-7.799236439209494],[110.629473155262929,-7.798829372776538],[110.629689467396076,-7.798446636602193],[110.630385792671234,-7.797992521237063],[110.631153962986048,-7.797705997233209],[110.632018016319421,-7.797539218859072],[110.632617909989619,-7.797587605982415],[110.632905711930107,-7.797779318060293],[110.633337416189875,-7.798066886177025],[110.633360955045077,-7.798593428443155],[110.633144561073664,-7.799071899247963],[110.632808240708812,-7.799478463859202],[110.632423863271697,-7.799956786275857],[110.632087624745111,-7.800267621652608],[110.631919265362853,-7.800698267410326],[110.632183050008791,-7.800913890662741],[110.632590883563466,-7.801057843343983],[110.633166806703798,-7.801082274326689],[110.63346476288956,-7.801042017074622],[110.633664150681057,-7.80101507698339],[110.634237522444778,-7.800936174963681],[110.634563124689521,-7.800860472731813],[110.635350943392382,-7.800677304213423],[110.635521496221145,-7.800660775573533],[110.635749600264887,-7.800602501303615],[110.636694447791569,-7.800361114273187],[110.638327139087266,-7.800105469391099],[110.638745448844418,-7.800112922072913],[110.638857338896116,-7.800058708241977],[110.638939322892497,-7.800017914094667],[110.63922880566588,-7.799985376623056],[110.639380853144928,-7.799854713223624],[110.639446036906122,-7.799741892373618],[110.639571500425461,-7.799672333410626],[110.639881627136447,-7.79939916343983],[110.639965055444009,-7.7993266250229],[110.640159603983591,-7.799210029718267],[110.640281662669622,-7.799160461785107],[110.640460571099538,-7.799046061725562],[110.640670787627812,-7.798920139551967],[110.640817055164007,-7.798896128552713],[110.640885155426645,-7.798806760222988],[110.640970802361664,-7.798736640083064],[110.641200330032234,-7.798549717794458],[110.641472599781707,-7.798281283653523],[110.641608358739802,-7.798149657080216],[110.641685464813406,-7.798078517109047],[110.641792290782632,-7.798033686804388],[110.641911223425268,-7.798029522943352],[110.643286961325259,-7.797058744364733],[110.645759682364485,-7.795661824732633],[110.648099894595532,-7.794150694797906],[110.648218111377787,-7.794051254061344],[110.649769573208289,-7.793266881560555],[110.651100998813092,-7.793218205754783],[110.651583337602005,-7.793305556905125],[110.651665315303092,-7.79334865781351],[110.652908472449099,-7.794002271586749],[110.654232842872432,-7.79557971303251],[110.654643528177303,-7.796068874977777],[110.654908812892472,-7.798400749594123],[110.655108716894802,-7.799000483184955],[110.655106752775453,-7.801398760143854],[110.65537324078349,-7.802265022212225],[110.656356456985975,-7.803799895148245],[110.65708455890632,-7.804470106809163],[110.65758048195471,-7.804720287410532],[110.657712877448375,-7.804766555731135],[110.658279780388625,-7.804421391433266],[110.658841749648047,-7.804079228173066],[110.659454767124828,-7.803350189159119],[110.66034314801891,-7.802293669216681],[110.66048579578387,-7.802124022005216],[110.660486017916469,-7.801849394233329],[110.660389212193422,-7.801451094391666],[110.660540506939867,-7.801192908924804],[110.660448418161025,-7.800713249216301],[110.660762769886958,-7.800339393847139],[110.661030450396026,-7.799895274446556],[110.661387599059481,-7.799350954382248],[110.661932323818746,-7.797632515427438],[110.662003422421037,-7.796905882999283],[110.662232852964848,-7.796391592197438],[110.662698255720954,-7.796035306883084],[110.663366212781568,-7.795527441737249],[110.66356071905301,-7.795140245824882],[110.663560988849611,-7.79480131472809],[110.663561763165887,-7.793832941836001],[110.663853499640368,-7.793276357716934],[110.663974988156212,-7.793131199044808],[110.664436587679404,-7.792647377273852],[110.665105989950519,-7.792419072681241],[110.665509488772955,-7.792298925054524],[110.66577754429926,-7.79243871657269],[110.665932716023065,-7.792527312384777],[110.666719708248991,-7.792926060088803],[110.666930912232885,-7.792273737741994],[110.667230597814864,-7.791909023082155],[110.66749303257842,-7.791738794009348],[110.668123567949351,-7.790267895246359],[110.668183118357263,-7.790128978768564],[110.669105687878243,-7.788751164333974],[110.669373792867304,-7.787859787798141],[110.669534082632879,-7.787326868439436],[110.669571337048637,-7.787065199898279],[110.669625641711036,-7.786683764143618],[110.669894026389272,-7.786463682052499],[110.670605345161619,-7.785880379075422],[110.672132290573813,-7.78633441170291],[110.672254214361544,-7.78636345530839],[110.672603967000498,-7.786474664573291],[110.67277079663603,-7.78653786982602],[110.672887293914528,-7.786605918827263],[110.673622651565154,-7.787209937687692],[110.674174105951295,-7.787642754408807],[110.674347390021069,-7.787778757982494],[110.674665553073851,-7.788254296098103],[110.675074664565159,-7.788865766740912],[110.675384227401196,-7.789140623839899],[110.675843933851525,-7.789815973327677],[110.675843664054923,-7.790166968829737],[110.676114303333463,-7.79027517615765],[110.676222489077645,-7.790410257926283],[110.676408211670662,-7.790421296205068],[110.676605829596383,-7.791329648343776],[110.676221452159325,-7.791760248236073],[110.675706890661502,-7.792002852948485],[110.675381649044937,-7.792488600167985],[110.675218985968456,-7.79278547356995],[110.675083436552427,-7.793028367864054],[110.674839660023338,-7.793190180181853],[110.67464986080347,-7.793568033037502],[110.674519019338334,-7.793650930745059],[110.67425000063804,-7.794387775874327],[110.673650923552316,-7.794826555999975],[110.673103501726246,-7.795227504345064],[110.672335007655533,-7.795968828997445],[110.672282944103642,-7.796240276766582],[110.672142246068859,-7.796973825880571],[110.672070274224836,-7.7973490689036],[110.672148821911662,-7.797447255085956],[110.672302251648659,-7.79763169974234],[110.672752365929966,-7.798628100905319],[110.672785166902997,-7.798713385413578],[110.67281140822098,-7.798864270968522],[110.672817967875972,-7.79895611513183],[110.672782531889368,-7.799076039726629],[110.672801533664881,-7.799227390231067],[110.672962928697245,-7.799430563269084],[110.67341646939559,-7.799955119832134],[110.676378888376064,-7.800758336727029],[110.677734772842541,-7.801624161724874],[110.678120691717595,-7.802333619799924],[110.679172625117587,-7.804267450881355],[110.679374462662395,-7.804420048745442],[110.680472219218586,-7.805249997088879],[110.680981203121064,-7.805853353148905],[110.68128727119165,-7.806216168440642],[110.681360742205527,-7.806274154028188],[110.681509500863797,-7.806356349365217],[110.68166203397675,-7.806419122044019],[110.681758076175299,-7.806458646348631],[110.682537554565556,-7.806628080420751],[110.683149819309733,-7.806651156125156],[110.683725808100633,-7.806603719585212],[110.684133864687169,-7.806484358865248],[110.684427701078562,-7.806371904938658],[110.684805865099634,-7.806413063311425],[110.685362436628168,-7.806559574563892],[110.685717612179133,-7.806653070781806],[110.686352094674476,-7.806867917019929],[110.687205117822998,-7.807156764871991],[110.687493010595006,-7.807219065406741],[110.688092906063787,-7.80734888524205],[110.688211051799669,-7.807348971576971],[110.688692859089201,-7.807349325909854],[110.689700725708974,-7.807421866125424],[110.689944727068564,-7.807447933874244],[110.690417212885109,-7.807498411921358],[110.690518552989886,-7.807509237960176],[110.690828550198489,-7.80754235639381],[110.690861791839268,-7.807833938184899],[110.690948136648217,-7.808092903364013],[110.691379928142226,-7.808332548407577],[110.691859891821593,-7.808332897344542],[110.692040424427091,-7.808333028645563],[110.692339854601641,-7.808333247180826],[110.692524694959729,-7.808248329595926],[110.692639198441327,-7.808195727350153],[110.692652118101819,-7.80794198903078],[110.693492151442683,-7.807807558371337],[110.694020111939665,-7.807807938784549],[110.694072724078012,-7.807713656559201],[110.694140258667062,-7.807592631194154],[110.694252655936396,-7.807592712133157],[110.694428236874671,-7.80759283893758],[110.69548696465273,-7.807550044698019],[110.696527595373254,-7.807507981607273],[110.698763427790993,-7.807658672908644],[110.69908110880715,-7.807605417755042],[110.699248941186738,-7.807577271672926],[110.69934048407714,-7.807561556020175],[110.699524293812146,-7.8075192869847],[110.700198847399918,-7.807225928133278],[110.701055555970186,-7.806611105717138],[110.701215307041821,-7.80654769272104],[110.701743754072027,-7.80619112232165],[110.702651653851774,-7.805743846300686],[110.703170453854398,-7.805585059302246],[110.703330668076944,-7.805595067857269],[110.703662559280758,-7.805638458347346],[110.703971551946609,-7.805614146075186],[110.704536098663084,-7.805671354648496],[110.704879427444666,-7.805682815608634],[110.705386789869522,-7.805669443589125],[110.70594756572865,-7.805729530892336],[110.706115397208862,-7.805743360666781],[110.706329024865624,-7.805735720925952],[110.706451108732722,-7.805720489108467],[110.706954626555842,-7.805647054067492],[110.707526839992738,-7.80562509891837],[110.708701754783192,-7.8052927490603],[110.708938257595548,-7.805162106345335],[110.709537188991135,-7.804764893784011],[110.709804218391014,-7.804525055386193],[110.710212383795522,-7.803983828989715],[110.710456526348651,-7.803676262648594],[110.71054780483837,-7.803601843749277],[110.711997667559331,-7.802419811724121],[110.712089836377913,-7.802292625103746],[110.712349005703118,-7.801904233093069],[110.712420232009151,-7.801756886370413],[110.712554307436392,-7.801585915356895],[110.713079294774673,-7.801024325611309],[110.713749199766823,-7.800109384139944],[110.713919999909137,-7.799876110793093],[110.714304515841775,-7.799062647922085],[110.714200144122401,-7.798422735320173],[110.713969297146377,-7.797961501821021],[110.713987227829364,-7.797854648872146],[110.714041581055142,-7.797530757137906],[110.714017826362635,-7.79717174507914],[110.713706215770287,-7.796645008559494],[110.713100466614264,-7.795498472775478],[110.712795484025435,-7.794921215041256],[110.712699722415323,-7.794586087177379],[110.712676149385857,-7.793963812978802],[110.712618991174566,-7.793574338184328],[110.712546773815632,-7.793131965267207],[110.712211851896484,-7.792524148569782],[110.712074627043478,-7.79217858497293],[110.711892865964046,-7.791720874118255],[110.71176035805513,-7.791402396302715],[110.71175007700549,-7.790818802844683],[110.71175012466955,-7.790478876198392],[110.711750137260083,-7.790389628377852],[110.712196984304455,-7.790140551244633],[110.712281327222513,-7.790093538285362],[110.712441341795511,-7.790017584243287],[110.713141640275524,-7.790018059085355],[110.713273251560338,-7.790119391096198],[110.713445051748806,-7.790251666980055],[110.714777778672612,-7.791277777246819],[110.716106237413953,-7.791738513420853],[110.716736689147922,-7.791871819927735],[110.718148813617915,-7.792167704075496],[110.71901272665707,-7.792348719616939],[110.723437079059011,-7.792752792206784],[110.725734962899253,-7.794719710245602],[110.726251183646241,-7.7951615804418],[110.727233442070769,-7.795703868038288],[110.728904991273396,-7.796687696679044],[110.730483830265598,-7.798257788865044],[110.730697781678316,-7.798470554971345],[110.733908502576355,-7.800994744211266],[110.734997602258602,-7.801587373157929],[110.73607177589281,-7.802176938114371],[110.736416670394078,-7.80255555899106],[110.737389157684504,-7.803166475651551],[110.737593140112381,-7.803294617351924],[110.739608188967793,-7.804559527299546],[110.740913985692941,-7.805589561308409],[110.741431443007741,-7.805876671670262],[110.741561715202067,-7.805948953780387],[110.741891517280749,-7.806152841779408],[110.742410535818635,-7.806473704597011],[110.742569256267188,-7.806571826927438],[110.743696528572968,-7.807625567065486],[110.745159611328063,-7.808966701751103],[110.7465011561045,-7.810322346997907],[110.747150261576337,-7.810978274726779],[110.748781284629615,-7.812439164934688],[110.749395056637582,-7.813071444990385],[110.750292267075508,-7.813995709733433],[110.750939790639848,-7.814738017344837],[110.751227377642408,-7.815408311743397],[110.751586948180147,-7.816102582967005],[110.751874608027777,-7.816653212674794],[110.751994376140601,-7.817036212350502],[110.75180233041425,-7.817131831867755],[110.751586226024585,-7.817323169827603],[110.75156200098661,-7.817706084067709],[110.751585645961825,-7.818304423709378],[110.751561321998452,-7.818854870854807],[110.751681003776355,-7.819381468878873],[110.751896711565053,-7.819860257144342],[110.751968411813777,-7.820362892732533],[110.751939736930353,-7.820465605202742],[110.751848164362343,-7.820793616731237],[110.751751670704095,-7.821631219204619],[110.751655335326518,-7.822205555041535],[110.751655079019713,-7.822639461740948],[110.751654938725494,-7.822875681266851],[110.751918619050059,-7.823402362927879],[110.752086373188604,-7.8238093241402],[110.752234959177088,-7.823935425278876],[110.75256611563475,-7.82421646701556],[110.752949976860975,-7.824432091167296],[110.753213843345236,-7.824647641574586],[110.7535739004162,-7.82452818642588],[110.753981915633972,-7.824480558330322],[110.75422541157451,-7.824638869587375],[110.754605685405124,-7.824839916628036],[110.754917676410685,-7.824840099190396],[110.755493740744612,-7.82469683538983],[110.756189788129291,-7.824577571796681],[110.756909752084425,-7.8246019200418],[110.757413680897685,-7.824697943354579],[110.757653603831784,-7.824817745641667],[110.757893472806586,-7.825033280760522],[110.758201524781612,-7.824989251751788],[110.758801601913433,-7.824822063286774],[110.759137660575618,-7.824702591050936],[110.759257848671837,-7.82436759628672],[110.759229832092103,-7.824234505617142],[110.759162112242734,-7.823912813624645],[110.759666204732582,-7.823721635744107],[110.759782541032507,-7.823721702293938],[110.760122190687582,-7.823721895648134],[110.760986134303721,-7.823770252194606],[110.761418066091949,-7.823866227843325],[110.761945939354689,-7.824057991182542],[110.762305967647364,-7.823986395255133],[110.762905950350387,-7.823986731601565],[110.76335101763641,-7.824000032574645],[110.763549067236738,-7.823474259228874],[110.763482468841914,-7.823029734234069],[110.763602503154061,-7.822492488236946],[110.763626827117434,-7.822383619907328],[110.763660425789055,-7.822183278834473],[110.763747226554301,-7.82166569471525],[110.763867667359989,-7.820875972147576],[110.76391003262296,-7.820508118853809],[110.764009785424321,-7.81964198628782],[110.764058679765299,-7.819199563008624],[110.763676752081494,-7.818961218384743],[110.763196935890903,-7.818673750991991],[110.762789116725401,-7.818386325867436],[110.762722687403141,-7.818198289318786],[110.762645352002437,-7.817979381742248],[110.762645514779706,-7.817692131985496],[110.762645582228856,-7.817572520354702],[110.762789968383402,-7.816878541410745],[110.76279035958845,-7.816184482427104],[110.76280451761545,-7.816051062605652],[110.762838613612189,-7.815729780704032],[110.762717355322764,-7.815517880644848],[110.762646814300069,-7.815394608773374],[110.762682654981575,-7.815287579557321],[110.762742970712566,-7.815107466935274],[110.762983186825636,-7.814700738647389],[110.763136869272159,-7.814725025738539],[110.763226643196049,-7.814697370686304],[110.763413376627057,-7.81442158188969],[110.763593766240376,-7.813985386415652],[110.763825499048608,-7.813773784032094],[110.764546334446834,-7.813862576795657],[110.764694266628169,-7.813788916024862],[110.764822704205471,-7.813719015319521],[110.764927748617765,-7.813505170926078],[110.764879885799132,-7.813265812766247],[110.764543959337288,-7.813169892875464],[110.764135982790435,-7.813169665346948],[110.763680037304937,-7.813121546221566],[110.763344163903071,-7.812929892599641],[110.763176362999786,-7.812594735058155],[110.763320462270542,-7.812403351232888],[110.763710884950456,-7.811401670150133],[110.763945324718009,-7.810800182881337],[110.764375477647206,-7.809793639164297],[110.764425924218074,-7.809675595951205],[110.765290015322989,-7.809412812250685],[110.765899769160058,-7.809228108589537],[110.766394127388139,-7.809078359777686],[110.767354246302489,-7.808743826365685],[110.768194347092503,-7.808457090121806],[110.769058392331999,-7.808266098400907],[110.769258501379795,-7.808215612259914],[110.770333335116391,-7.807944439683354],[110.770872154027757,-7.808041934287019],[110.771722246285663,-7.808195745336548],[110.772226211071825,-7.808196016931845],[110.772658088900755,-7.808363781862226],[110.772991517945229,-7.808644105939948],[110.773113851823837,-7.808746956006416],[110.773785535674961,-7.809249910853907],[110.77424127431641,-7.809680951413952],[110.774241042291294,-7.810111745559823],[110.774240836346564,-7.810494675987684],[110.774384801618339,-7.81054261974532],[110.774864720331607,-7.810638607085252],[110.774997707579189,-7.810655258032909],[110.775440644371315,-7.810710712928255],[110.775488385781443,-7.811189401368949],[110.775608123317284,-7.811668126681923],[110.775607983922384,-7.81192870974138],[110.775607918271874,-7.812051056210464],[110.775607715025103,-7.812433985739062],[110.775655443844698,-7.812936607837401],[110.775631240390453,-7.813319523876146],[110.775439110127877,-7.813582686191182],[110.775631047935576,-7.81367851884778],[110.775822986642595,-7.8137743551016],[110.776086934065802,-7.813846293670736],[110.776902810717161,-7.813990324593021],[110.77709016557975,-7.814126361441595],[110.777430579658585,-7.814373532911418],[110.777958184024044,-7.815067870684857],[110.778318051338033,-7.815283457065107],[110.778558218887724,-7.815227234148722],[110.778689471343057,-7.81510741117728],[110.779070953862458,-7.814692099759782],[110.779353227670356,-7.814389298026867],[110.779681298554124,-7.814058881711219],[110.779843788061442,-7.81388858968586],[110.780022777430304,-7.81372869562199],[110.780467911266157,-7.814081596787446],[110.780838393278259,-7.814375313569087],[110.781090605448128,-7.814621246672402],[110.781360402061978,-7.814884327149173],[110.782046516434605,-7.815159740029173],[110.782584085288363,-7.815368542823194],[110.784051521661468,-7.815938527740059],[110.784653266136388,-7.816172259741165],[110.78481471512805,-7.816276556816831],[110.785468956628108,-7.816699203104918],[110.7855504693797,-7.816821271683523],[110.78560311928959,-7.816900115247336],[110.785660801805591,-7.816986497827827],[110.785708566598089,-7.817441250812294],[110.785743076282984,-7.817978932081246],[110.78575618570045,-7.818183202292175],[110.785755941984178,-7.818662327803395],[110.785755807985197,-7.818925127691671],[110.785539584884987,-7.819379749375116],[110.785395310246429,-7.819930136265953],[110.785275107761038,-7.820336940096922],[110.785311101327295,-7.82050967468092],[110.785394808424712,-7.820911393745007],[110.785586642810358,-7.821222622125504],[110.785568162641653,-7.821395023061086],[110.785487506044603,-7.822147472327174],[110.785466073401608,-7.822347417698381],[110.78543472123647,-7.822521102865778],[110.78529760070478,-7.823280723325922],[110.785081116801166,-7.824237938329361],[110.785068162067091,-7.82465718967677],[110.785056713697429,-7.825027719352988],[110.784966729332155,-7.825424180980349],[110.784888338127359,-7.825769559316882],[110.78486392063445,-7.826583273098777],[110.784671570037972,-7.827277234955602],[110.784431219026601,-7.827971170732155],[110.784312664998538,-7.828335959136382],[110.784166806653843,-7.828784762206226],[110.783974613438716,-7.829167593708689],[110.783703466942484,-7.829358667267854],[110.783326376711955,-7.829645924219221],[110.783110246241904,-7.829909075742421],[110.783086023002625,-7.830339859995718],[110.78306172691822,-7.83091424259743],[110.783277424814344,-7.83148874660759],[110.783612952876524,-7.832398377582251],[110.783780753779808,-7.832781394345091],[110.783828455619755,-7.833355812020329],[110.783828148051612,-7.833954139970785],[110.783660012600535,-7.834217317574314],[110.783659954144639,-7.834332199670484],[110.783659817447642,-7.834600247102912],[110.783611408740569,-7.835390013737367],[110.783611174017494,-7.835844743339408],[110.783418926843069,-7.836323306774375],[110.783418481678609,-7.837184897764018],[110.783250134886885,-7.837854938553789],[110.782985836728017,-7.838429196149661],[110.782961588307728,-7.838907845020231],[110.782985217095131,-7.839625850251991],[110.782984996761229,-7.840050559584881],[110.782984821393427,-7.840391709309131],[110.782912447552462,-7.841109664178873],[110.782792061605392,-7.841851528424513],[110.782887851094472,-7.842258441073398],[110.783007468121184,-7.843000429425501],[110.78319893918075,-7.844029647749267],[110.783102714419783,-7.844460395130341],[110.782910376413781,-7.845106488772615],[110.782790075002993,-7.845680821911571],[110.782597797251583,-7.846207249963811],[110.7829817681951,-7.846279247888162],[110.783461741767042,-7.84635129437595],[110.783653647199117,-7.846542858065618],[110.783819705216274,-7.846800735964393],[110.783869479094221,-7.846878031794915],[110.784301376708243,-7.847093652349372],[110.784661300679545,-7.847261366917735],[110.784493134651484,-7.847572410937232],[110.78425293202821,-7.847955217258686],[110.783964690319237,-7.84840979937195],[110.783676484583168,-7.848792578713756],[110.783590028258232,-7.84898628908519],[110.783844291781691,-7.849175594577218],[110.784180226337412,-7.84931936559542],[110.784323911020749,-7.849941700048589],[110.784467631676932,-7.850492235327579],[110.783867600410474,-7.85051585961844],[110.783363546591431,-7.850587399787855],[110.783171354275623,-7.850946295834092],[110.783099128822812,-7.851377054906379],[110.783161058836868,-7.851562645299055],[110.783424374036656,-7.8517017191582],[110.783863519287024,-7.851736444680398],[110.784013272595473,-7.851720614813701],[110.784425805107844,-7.851653287068757],[110.784545232377639,-7.851797528432371],[110.784813126025995,-7.852145050752711],[110.785388888187697,-7.852805556030773],[110.785340034316164,-7.853245328108585],[110.785142578268392,-7.855022765287572],[110.784814869811441,-7.85594953734045],[110.784750866860065,-7.856130542090057],[110.784555556594682,-7.856777775173384],[110.784421882265121,-7.857441830974892],[110.784276496064479,-7.857673185168551],[110.784199855839745,-7.857791686136579],[110.784305779788951,-7.858078835169295],[110.784367628864004,-7.858246501174278],[110.784511277574438,-7.858940633902307],[110.784534933341547,-7.859610771818836],[110.784438519722926,-7.860400513272282],[110.784294217205399,-7.860974833820705],[110.783861993137521,-7.861357540317442],[110.783735767892438,-7.861427381667511],[110.783617641042326,-7.861529271258064],[110.783294466067787,-7.861721156005729],[110.783141691037258,-7.861859763116797],[110.782853462818082,-7.86226647701551],[110.782685303984636,-7.862553587377363],[110.782709055979183,-7.863032259630302],[110.78270890579239,-7.863319457226339],[110.783020677363425,-7.863798278766751],[110.78314051112676,-7.864133404831989],[110.782972325313608,-7.864468378911738],[110.782852104841822,-7.864875180944068],[110.782910852155169,-7.864972924659924],[110.782995990973234,-7.865114584969319],[110.783355928434389,-7.865282302235642],[110.783715848808413,-7.865483763863836],[110.783715704916915,-7.865761149856382],[110.783883555282898,-7.866072365646346],[110.784243443281355,-7.866335813945852],[110.78397079042071,-7.866347494340573],[110.783668235102027,-7.866370223805973],[110.783573532893286,-7.866414233029616],[110.783327351577043,-7.866530722214236],[110.782995082657976,-7.866861698807554],[110.782994894699698,-7.867220694678508],[110.783102494985201,-7.867351966918932],[110.783210775158182,-7.867484070132946],[110.783594666062015,-7.867747531022928],[110.783818211442338,-7.867961182062118],[110.783914044098879,-7.868296294637503],[110.784129802249595,-7.868799001272066],[110.78422546133703,-7.869469175161498],[110.784097853833941,-7.870114136557333],[110.783936843711388,-7.870617812661123],[110.783768632717283,-7.8710006558548],[110.783644898594218,-7.87097815661582],[110.783538750713831,-7.870958857164737],[110.783210770661583,-7.870929959249395],[110.783154194311692,-7.871016019872627],[110.783024410449229,-7.871311402198671],[110.783168272298951,-7.871598671740514],[110.783420015022728,-7.871834247351842],[110.783552119136061,-7.87195786636164],[110.784104053760132,-7.872173548070009],[110.784127955941472,-7.872365025424756],[110.783959854664602,-7.872532469297198],[110.783833162671385,-7.872974654256097],[110.783743352774536,-7.873465747045771],[110.783693685915921,-7.8737088490833],[110.783662553185309,-7.87386123290878],[110.783494278339333,-7.874363739893852],[110.783155462355751,-7.874606244781546],[110.782678137287235,-7.875183125699891],[110.782184661294139,-7.8753098329816],[110.781176239792671,-7.875844384609877],[110.780901583242496,-7.87590019293873],[110.780504841925961,-7.87595597518731],[110.779940270028476,-7.876095684867153],[110.779339297171873,-7.876471300209516],[110.779148699354039,-7.876611180760563],[110.778798858581524,-7.876872515653247],[110.778537967953923,-7.877149886357358],[110.778356204176532,-7.877400554391272],[110.778115914319017,-7.877903020007579],[110.777851581985942,-7.878477273106853],[110.777809003583684,-7.878565922878238],[110.777591593378361,-7.879018580442334],[110.777274783805296,-7.87986508440531],[110.777202406366996,-7.880559102919449],[110.777153836681293,-7.881612130794394],[110.777033567646072,-7.882090728403568],[110.776726404201213,-7.882819983254819],[110.77646202240544,-7.883627657189834],[110.776432629863052,-7.883717853795133],[110.776352705314139,-7.883882706720726],[110.776169308367912,-7.88426097866045],[110.775717102263513,-7.885254547858267],[110.775879654723326,-7.88541680264251],[110.775975511661557,-7.885704049701303],[110.775879346255863,-7.885991196036059],[110.775735096798314,-7.886421912840206],[110.775590874320415,-7.88680476502708],[110.775735813558015,-7.887247041716819],[110.77597462313139,-7.887355429808451],[110.77592585019886,-7.887434636698345],[110.776313771864125,-7.888118250955699],[110.776618945109249,-7.888559795597303],[110.776786800871207,-7.888757659037935],[110.777038584064428,-7.88898988017803],[110.777137745111872,-7.889117695424488],[110.777305574793502,-7.889454808092125],[110.77742004320146,-7.889757126889094],[110.777626030218187,-7.890254453779221],[110.777793885980088,-7.890815715272254],[110.777832109865017,-7.891016578851236],[110.777900686768305,-7.891376950684901],[110.777832039717907,-7.891917196820373],[110.777603131680223,-7.892311544141648],[110.77742004320146,-7.892643893999718],[110.777397143764233,-7.892831311814803],[110.777122487214058,-7.893121685816368],[110.777084355959289,-7.893392064291504],[110.777084355959289,-7.893849349766867],[110.777038584064428,-7.894098256028883],[110.776847363016429,-7.894261955124307],[110.776507039769115,-7.89453641472295],[110.776109004328134,-7.894833858295101],[110.775642399178423,-7.895115836226068],[110.775077802999249,-7.89536520114234],[110.774597156734444,-7.895468688828146],[110.774313665244506,-7.895509242856463],[110.774361951643812,-7.895611456202914],[110.774149713439556,-7.895985385316465],[110.774049609902647,-7.896161746866312],[110.77395329790744,-7.896712155340879],[110.773880950146804,-7.897334373781518],[110.773376497928098,-7.898028157572583],[110.773112066669569,-7.898746003624353],[110.772679716696643,-7.899272295878973],[110.772249993643356,-7.899855889337005],[110.772155908369541,-7.899993081814443],[110.772095374103287,-7.900089676196785],[110.771634363635997,-7.90091216466385],[110.771564905397099,-7.901044470225315],[110.771130635371549,-7.902014915155405],[110.770890071220833,-7.902972103179195],[110.770576965055966,-7.904886571856991],[110.770345638741276,-7.905987333048188],[110.770330829605143,-7.908577772645287],[110.770044742671757,-7.912679367358123],[110.769804102978014,-7.913430224824197],[110.769755775209887,-7.914004590338777],[110.769611455605229,-7.914531037276731],[110.769443118706022,-7.915081402583837],[110.769250897611869,-7.915416356878552],[110.76943487282216,-7.915865445932752],[110.769293583033459,-7.915912316799165],[110.769450760245434,-7.915904223800112],[110.769682299699411,-7.916637177562905],[110.770041970961245,-7.917355366256345],[110.769904601317364,-7.918735635840108],[110.770149226806438,-7.918860869133027],[110.770355214722429,-7.91902966828377],[110.77040098661729,-7.919142223833774],[110.77040098661729,-7.919269047128012],[110.770339956824614,-7.919398262618927],[110.77053068684279,-7.920458279125455],[110.770706183244783,-7.921222671388364],[110.770851117086409,-7.922100031990055],[110.770980817311909,-7.922858694672243],[110.771331784935001,-7.92375561732706],[110.772125243286382,-7.926809274327752],[110.772041314056423,-7.927060571887068],[110.771995542161562,-7.927414393958315],[110.771980260881378,-7.927687625083024],[110.772010800059434,-7.927896947685156],[110.77220152917829,-7.928202602966962],[110.772125243286382,-7.928411928267053],[110.772041314056423,-7.928653192989657],[110.771965027265253,-7.92889448289327],[110.771797173301934,-7.929167713118659],[110.771575928387449,-7.929440944243368],[110.771412356995711,-7.929629164253697],[110.77123259870649,-7.92977854074627],[110.771118158177501,-7.929875332979407],[110.771026590106089,-7.930067998338643],[110.771026590106089,-7.930389853108409],[110.77117919876207,-7.930526698447579],[110.771095258740218,-7.930733155809662],[110.771022090797885,-7.930796861085469],[110.771042651997845,-7.930949848356022],[110.771247858403001,-7.933592955849406],[110.771717987096451,-7.936500877712547],[110.771675324157911,-7.938885238562079],[110.771543951193451,-7.941094745125611],[110.771553976835605,-7.942032853132844],[110.77168628419571,-7.943912318397963],[110.771697163294505,-7.944066880381399],[110.771716084131015,-7.944335664358618],[110.77172466096539,-7.944457492818231],[110.771700151741641,-7.945366933136654],[110.771570974921588,-7.946384789425679],[110.771411138414351,-7.947066012385733],[110.771360455321826,-7.947187091710134],[110.771301245756945,-7.947434881913466],[110.771006439896325,-7.948210086725339],[110.770906182575288,-7.948549578099744],[110.770640048000871,-7.949221991301044],[110.770593660070404,-7.949339192748766],[110.770209103668265,-7.950152700585875],[110.769728413336679,-7.951157619227956],[110.769552343167163,-7.951498462283382],[110.769464832836832,-7.951667867577214],[110.769295827741303,-7.951995031944364],[110.769137910387315,-7.952292006969742],[110.76886325293782,-7.952808511003184],[110.768759838996402,-7.953052800145826],[110.768699630284743,-7.953540308237848],[110.768630959851976,-7.954119653298562],[110.768547055803026,-7.954483945277047],[110.7685699300593,-7.954870215787025],[110.768441440321283,-7.95508703873503],[110.768429669994305,-7.955416960423577],[110.768453448069238,-7.955823832603016],[110.768501113036962,-7.95644611669411],[110.768653299011589,-7.957505452413898],[110.768806456254026,-7.958355407075544],[110.769005127285823,-7.959699779320545],[110.769180273851589,-7.961588838553268],[110.768760819257466,-7.965841331411525],[110.768741044064996,-7.966056227112404],[110.768699630284743,-7.966506459204936],[110.768371583682665,-7.967656109341192],[110.768130690380076,-7.968823424860375],[110.768045352811839,-7.9692047670855],[110.767902215815639,-7.969867299435521],[110.767917134669062,-7.970326888973943],[110.767944126021632,-7.971080877879388],[110.76798451637336,-7.971743594590407],[110.76806336982969,-7.972702039866419],[110.768180096435344,-7.973872305161933],[110.768167203754501,-7.974113704782837],[110.768280015611253,-7.975647406801556],[110.768348686943398,-7.976726980864669],[110.768432612576078,-7.979480713063651],[110.768333428146263,-7.980164032343396],[110.768005359061135,-7.980860190344686],[110.767494199698604,-7.981760955802656],[110.767375716717027,-7.982538358557576],[110.767277007129223,-7.983472735277701],[110.767180681644163,-7.983788968385397],[110.767097458382068,-7.984327295367564],[110.76710509902216,-7.985195612386804],[110.767059328026619,-7.986184078831343],[110.766992787188428,-7.987003338732279],[110.766986721261219,-7.987325768168887],[110.76684215434301,-7.988235135642185],[110.766529687596062,-7.988857215587245],[110.766363924556515,-7.989217198913821],[110.766265264431468,-7.989431456096042],[110.766212118995156,-7.989560746230666],[110.766048883949907,-7.989957856269257],[110.765941664976879,-7.990064615688652],[110.765712570779556,-7.990292726927009],[110.765531105577111,-7.990413173128616],[110.765424356050232,-7.990484027115372],[110.76520814014458,-7.990723232390451],[110.764911899865353,-7.990900184794896],[110.764718056394258,-7.991029439855936],[110.764400232385867,-7.991658542606842],[110.763524171304482,-7.992308331563436],[110.763323460610252,-7.992797694057515],[110.763288992294179,-7.993470128842546],[110.763252861131662,-7.994174991381954],[110.763255114832702,-7.994329746719643],[110.76326298659859,-7.994993342967575],[110.76326472229016,-7.995139719321799],[110.763101706679493,-7.995260553131232],[110.762414561683727,-7.995769894963871],[110.761987261404045,-7.996400456415131],[110.761527392176447,-7.997163468218673],[110.761311542294891,-7.998236052750826],[110.761239217017305,-7.999237205032159],[110.761312792352555,-8.000892477405102],[110.761028850302239,-8.001554312780513],[110.761100769086283,-8.0019388062301],[110.761238109052556,-8.002353632913014],[110.761329630359228,-8.002645480903425],[110.761428814789042,-8.002857175017823],[110.761535640758268,-8.003122305049544],[110.761748717130615,-8.003480029279103],[110.759422286110635,-8.006656607415721],[110.758618982880819,-8.008398713828797],[110.758544677296072,-8.009553955050194],[110.758503323770412,-8.010984258415988],[110.758533907914568,-8.012531103127117],[110.758063763033306,-8.014029727089451],[110.757443041064562,-8.015426324764292],[110.757139393968885,-8.016970251175337],[110.756476393072148,-8.018219447268848],[110.756298731102618,-8.019998124612982],[110.756192702832038,-8.021059636692087],[110.755956473413562,-8.022506735796412],[110.755720767400533,-8.023793906662661],[110.755641823112683,-8.024731420218075],[110.756017501407598,-8.026541111582219],[110.756658824146484,-8.028091612037485],[110.757094031265581,-8.029316407725219],[110.757238408426872,-8.029722725022964],[110.757519624632039,-8.030514148208567],[110.758113618749576,-8.032868905175008],[110.758665271885832,-8.033898340235396],[110.758774730170728,-8.034169531697728],[110.76042175396185,-8.035138106937268],[110.761428814789042,-8.036459890910407],[110.766555759841481,-8.04412077385382],[110.767363455360226,-8.045514426248985],[110.767446745172208,-8.045654423711881],[110.768046503044729,-8.046612075785845],[110.768069972652142,-8.046733504946474],[110.768115981968037,-8.046994183334107],[110.768142252064308,-8.047138653125558],[110.768237975003615,-8.047713094183166],[110.768252358760378,-8.047824538171085],[110.768268997117559,-8.047961593052264],[110.768381395286212,-8.048861952016694],[110.768464284899892,-8.049470373957774],[110.768529857168232,-8.04991430540008],[110.768610824930647,-8.050447221161505],[110.768722688002697,-8.051004979795152],[110.768972346097939,-8.051728958323963],[110.769025227133568,-8.051872794093356],[110.769150920879326,-8.052184025171812],[110.76933179702587,-8.052601560612743],[110.769411055177102,-8.052691082726483],[110.769553282059348,-8.052848396635397],[110.769729587851259,-8.053159680773831],[110.769966114945305,-8.053692771903115],[110.770103432428527,-8.054208742638536],[110.770217898138526,-8.054575889065234],[110.770408628156702,-8.054917304988805],[110.770454400051563,-8.054996469610558],[110.770545943841284,-8.055153806901842],[110.770957943055691,-8.056125614304847],[110.77107238628264,-8.05638025014764],[110.771278372399991,-8.056740746087769],[110.771474134125015,-8.057172170658362],[110.771717762265951,-8.057361958187016],[110.773156112765435,-8.058282502434736],[110.774005133031494,-8.059216592271127],[110.774609489137674,-8.060695668569451],[110.775305730775926,-8.062399630237962],[110.777160642750516,-8.065529780873874],[110.777770987442182,-8.066485361809214],[110.778312685982712,-8.067248330445295],[110.778440859159389,-8.067491695084868],[110.778501121830345,-8.067649530600534],[110.778712131560667,-8.06851165668678],[110.778748592774377,-8.06866595516891],[110.778911472587424,-8.069713257060357],[110.779102956237466,-8.070862134678976],[110.779157793298566,-8.071227828700557],[110.779246517713659,-8.071819525949536],[110.779437977981331,-8.073016269984066],[110.779533227877209,-8.074500155856697],[110.779604620557848,-8.075696836039356],[110.779604115138852,-8.076630215411285],[110.779377158630041,-8.077668783087063],[110.778734980635875,-8.080607430287898],[110.778706112398197,-8.08117666067352],[110.778655734175857,-8.082169984356483],[110.77877361371236,-8.084173517393083],[110.779930050132748,-8.085889934671968],[110.780102934903596,-8.086274843608351],[110.780336404302659,-8.086671015654019],[110.781176489804182,-8.087869849713002],[110.781974774817058,-8.089063628682709],[110.782600400788908,-8.089968650631931],[110.782966602927445,-8.090730650698163],[110.783180229684888,-8.09173580136536],[110.78323364401848,-8.092765759831138],[110.783485402930069,-8.093568768083401],[110.78386688634879,-8.09442516368955],[110.784454331603172,-8.095318750758963],[110.78491210271244,-8.096216157249046],[110.785461416712053,-8.097369166353133],[110.785888672924955,-8.098443955123628],[110.786224360167125,-8.099212602978469],[110.786712645273383,-8.100455269993915],[110.787071230154197,-8.101463275109268],[110.7873382469636,-8.102284393009541],[110.787612904413038,-8.10323236028438],[110.787734987380816,-8.104045838443881],[110.787727345841404,-8.104901291560566],[110.787803632632574,-8.105879771933132],[110.788017261188713,-8.106665588745102],[110.788223248205384,-8.107709839236861],[110.788429236121374,-8.10864636623603],[110.788482672038754,-8.109557119564613],[110.78850557057666,-8.11056802499354],[110.788551319089152,-8.111655217213695],[110.788703892671549,-8.112894983915567],[110.789169305320229,-8.11472318782404],[110.789321902284996,-8.118039097025928],[110.789268488850723,-8.120235413232933],[110.789291387388687,-8.121266339369242],[110.789428703972533,-8.122281039937263],[110.789573661196528,-8.123332952652845],[110.789657587728527,-8.124229393271094],[110.78979490521175,-8.124999975567619],[110.789833060748208,-8.125216456773273],[110.789894089641564,-8.125518774670923],[110.789772030955533,-8.125804870597506],[110.78942106423176,-8.126216868912593],[110.788970932863322,-8.126652683973361],[110.788482672038754,-8.127099959994382],[110.7881698590528,-8.127480475742573],[110.787974187259977,-8.127835598233446],[110.787950557573197,-8.128010940851425],[110.787758031608917,-8.128752755634366],[110.787709595022818,-8.129518578718603],[110.787589106553071,-8.130284364930674],[110.787569575976192,-8.130376570621422],[110.787576117644733,-8.131591595175166],[110.787452497735615,-8.132345275613147],[110.787167695034157,-8.133559053706563],[110.787058546116043,-8.134424456022998],[110.786914176149367,-8.134926968404045],[110.78681770227621,-8.135692766307329],[110.786625195197644,-8.136386713775039],[110.786216415556169,-8.137295943652077],[110.785869519164009,-8.138962960271613],[110.785864321981933,-8.139798763201554],[110.78590153502887,-8.140980369847398],[110.786022876955258,-8.141715246360718],[110.786063070355453,-8.143634035381638],[110.785914114745651,-8.145208627775162],[110.785971591316923,-8.146055200985927],[110.785971157843733,-8.146868914767822],[110.78587459044104,-8.147802241079773],[110.785778134554334,-8.14852017076845],[110.78572993359063,-8.148831272344523],[110.785808147628984,-8.149433674223872],[110.786148074275275,-8.150589921786661],[110.786483759718806,-8.15142818436243],[110.786697388274888,-8.151934580016075],[110.786880501035341,-8.152616472071713],[110.786930700292658,-8.152822263036228],[110.787240729876828,-8.153283556789916],[110.787528636138688,-8.153882026833287],[110.787984533960127,-8.154743845351391],[110.788488482558478,-8.1555817526949],[110.788992434754107,-8.156419661837106],[110.789664434267252,-8.157425185722957],[110.790312501921449,-8.158263166810912],[110.791176769293543,-8.159053393898205],[110.792305285361692,-8.159771955810299],[110.79326568306584,-8.160466496830566],[110.794010036634916,-8.160921597852678],[110.796357484811097,-8.161971818044151],[110.79748628326638,-8.162163844884731],[110.798434207373816,-8.162163979783031],[110.799092923001069,-8.161967450036968],[110.800128674000177,-8.161566838937688],[110.800537104704688,-8.161351647359822],[110.802224864187167,-8.160231643374857],[110.80268134117199,-8.159992537025175],[110.803209851154747,-8.159801332164932],[110.803714377117842,-8.159538317338672],[110.804170921551815,-8.159155615338591],[110.805011884791725,-8.158533769217286],[110.805684665815704,-8.158007569592883],[110.806213322387975,-8.157505235277597],[110.80676594769136,-8.157098642787332],[110.807174403576937,-8.15681164304209],[110.807702897371883,-8.156644364644933],[110.808351482136231,-8.156477142905032],[110.808808007684434,-8.1561183682673],[110.809456763320043,-8.155592151555766],[110.809745076974764,-8.155400825287074],[110.809721296201928,-8.154898225671786],[110.809841613800472,-8.154419627163236],[110.810106012683377,-8.154012895278072],[110.810362777221428,-8.153568057319205],[110.810634972327136,-8.15284043743543],[110.810635421988195,-8.151883125305176],[110.810707669024737,-8.151476301689172],[110.810827998314494,-8.150973771321674],[110.810852262922651,-8.150447258733209],[110.810972568830039,-8.149992593882303],[110.811284952839344,-8.149681612815357],[110.811655507696571,-8.149159194840195],[110.81188586813937,-8.14870064941465],[110.811934027734253,-8.148437409757832],[110.811766079342135,-8.148054408283485],[110.811574122648665,-8.147647460561075],[110.81164628874626,-8.147408167152378],[110.811862654838706,-8.146977477327937],[110.812175081116152,-8.146570765227807],[110.813373227193722,-8.146306093850342],[110.813377355081911,-8.146186796082986],[110.813407894259967,-8.146020873863449],[110.813491820791967,-8.145917869113589],[110.813796993137771,-8.145746217313274],[110.813919051823802,-8.145754777060517],[110.814297155590282,-8.145508036365982],[110.8143015721609,-8.14540185790861],[110.814402212593109,-8.142982350654165],[110.813982516980616,-8.141138308785116],[110.813973952736774,-8.14096604634517],[110.813899181303213,-8.139462044436982],[110.814409441343685,-8.138373611152417],[110.817011621590098,-8.138541532564886],[110.82072844586213,-8.137994528024251],[110.821553779784153,-8.137873063790039],[110.824497975801989,-8.136952420616922],[110.824876153312857,-8.136870667746336],[110.828367311603188,-8.136115960282552],[110.830023889791732,-8.136209445708573],[110.829627516297876,-8.1394689467337],[110.82949203433094,-8.139988765668193],[110.829037794859403,-8.141731606827364],[110.82877668119994,-8.143362625384043],[110.828447460982602,-8.145419060140682],[110.826091185960536,-8.148183829719187],[110.823725409601025,-8.14907785026179],[110.821766385811088,-8.149548052699686],[110.819953671825544,-8.151542443228379],[110.819276387896025,-8.152287606187258],[110.818159286922594,-8.154716773959137],[110.817561303412447,-8.156293120930002],[110.818405163368652,-8.158578850432775],[110.819366451401663,-8.159255956296533],[110.820053081985179,-8.159470524644178],[110.820388794408359,-8.159721341066245],[110.820755019029946,-8.159991233907533],[110.821220382215927,-8.160329774698539],[110.821647639328148,-8.160587290170497],[110.821841614999585,-8.160678314152051],[110.822143538994169,-8.160819995145857],[110.822738650069709,-8.161003082725301],[110.823089595209694,-8.16126630439561],[110.823516848724637,-8.162535640806368],[110.823646525567767,-8.163310021839209],[110.823715196899855,-8.16424082015692],[110.823966980093132,-8.165366142732523],[110.824279793079029,-8.165916425301987],[110.824607838781787,-8.166723229592549],[110.825111760400489,-8.167592313733508],[110.82814679513956,-8.16779428167996],[110.83001027675391,-8.167959164283218],[110.831381476674835,-8.16888746158628],[110.83196979067435,-8.170061065165214],[110.832642049192259,-8.171653759112871],[110.832703487277172,-8.173260039118702],[110.833183295373829,-8.173638312857065],[110.833571140596689,-8.174007211163087],[110.833683975835868,-8.174054995740676],[110.836257170033434,-8.176181047016883],[110.837350548689926,-8.176516734259053],[110.838107193293411,-8.177522771657777],[110.838657999268321,-8.177995438238099],[110.838689722853474,-8.17898000072563],[110.838632624896775,-8.1794209886869],[110.838575891165476,-8.179859161770082],[110.838292395178939,-8.182048653921413],[110.836590120638618,-8.184813740960578],[110.83513194188663,-8.186142498276865],[110.834331972443636,-8.187483944127905],[110.834470951873982,-8.187816660010071],[110.834686762185356,-8.188726193857974],[110.834733633051769,-8.189226528081008],[110.834758508299558,-8.189492070901565],[110.834686199209784,-8.190090361080479],[110.834709374738907,-8.191667934726581],[110.834112074713516,-8.194062331110899],[110.83326640712005,-8.195468619880103],[110.833275325696775,-8.196649363176789],[110.833072058229959,-8.198596030281749],[110.833737481000981,-8.200601319694329],[110.83482499877573,-8.20290555724489],[110.834663943687076,-8.203153810599076],[110.834480151039202,-8.203408358308309],[110.834384052183282,-8.203538384987667],[110.833113627592866,-8.204211899858478],[110.832158606935195,-8.204211504156774],[110.830627764760607,-8.203961408091686],[110.829895283141866,-8.203280575437418],[110.829727098228034,-8.203358284956096],[110.829546933445272,-8.203370173993505],[110.82936674528014,-8.203429931245523],[110.829282576830508,-8.203645289197937],[110.829114300185836,-8.203944377630137],[110.828909997599339,-8.204219517116201],[110.828645719225619,-8.204315135734134],[110.828465557140817,-8.20431505929173],[110.828249408684314,-8.204207270148572],[110.827985274202092,-8.203967829251098],[110.827817209797445,-8.203764329759224],[110.827721164900879,-8.203668558256538],[110.82757761421658,-8.203724567134259],[110.827378793897253,-8.203817992305687],[110.827252744919292,-8.203668357707727],[110.827219852215478,-8.203563331281885],[110.827192773628667,-8.203476868661767],[110.827111020758025,-8.203389527403942],[110.827001648808107,-8.203265956058203],[110.826892659969303,-8.203117749583669],[110.826652490620972,-8.203009949648674],[110.82638826530723,-8.20298590267646],[110.826208083437336,-8.203033690851328],[110.826039894926282,-8.203117382660253],[110.825799659028064,-8.203165143855529],[110.825619496943261,-8.203165067413124],[110.825487432400109,-8.203045346065039],[110.825307332368538,-8.202901671274333],[110.825163271768645,-8.202746046292191],[110.825019194980939,-8.202626320447507],[110.824851061328445,-8.202590347565661],[110.824670848881624,-8.202559042165262],[110.824574834561986,-8.20254236243926],[110.824322617895575,-8.202518319963701],[110.824094410429723,-8.202530187417437],[110.823734091656036,-8.202518061858257],[110.823529887994994,-8.202565839241288],[110.823281733566205,-8.202679025216014],[110.823109394683854,-8.20282891432214],[110.823013220284963,-8.203032301398764],[110.82284503716977,-8.203104024130596],[110.822628816767519,-8.203163761597523],[110.822436639740204,-8.203175643440375],[110.82228987577821,-8.203164746355185],[110.822070666029447,-8.203147394835582],[110.82187215507696,-8.203127528811592],[110.821667945120623,-8.203187270775118],[110.821319595424029,-8.20327088074572],[110.821175465576346,-8.203270816893905],[110.820947213144393,-8.20337841268281],[110.82074303736232,-8.203366356371419],[110.820610983611061,-8.203220301974568],[110.820611046563613,-8.203079103916707],[110.820695180838982,-8.202947512416983],[110.820935453609366,-8.202815989265673],[110.82122377805598,-8.202672521319016],[110.821229019304837,-8.202505061258762],[110.82118788431444,-8.202361379273441],[110.821055812576731,-8.20225362340517],[110.82088768971613,-8.202193716865736],[110.820635481143597,-8.202157706212347],[110.820467321410774,-8.202181564326906],[110.820287132346323,-8.202241315283686],[110.820118933043375,-8.2023489362536],[110.820010729312742,-8.202588215273124],[110.819917291550837,-8.20277418967629],[110.819818442568135,-8.20283942290024],[110.819722375188519,-8.202803482394017],[110.819662375119549,-8.20268379072354],[110.819606891445915,-8.20244693537694],[110.819506391307982,-8.202336697379849],[110.819362321714834,-8.202205001558752],[110.819242283805409,-8.202049384670545],[110.819038178170445,-8.201881766329677],[110.818918178931881,-8.2016423838881],[110.818834238910028,-8.201343185738608],[110.818846374361726,-8.201067966212861],[110.818844485785462,-8.200756298963199],[110.818814543757242,-8.200543358388472],[110.818714572420618,-8.200373857766522],[110.81857054689425,-8.200146431811561],[110.818366388199308,-8.200098473664809],[110.818162248390081,-8.200002651800162],[110.818006133277493,-8.19995471613646],[110.817681844042909,-8.199954570446266],[110.817285482240266,-8.199978322440813],[110.816985177025344,-8.200061950397867],[110.81667290363265,-8.200049842825194],[110.816348654867568,-8.199965930682367],[110.816084442144358,-8.199917943757271],[110.815916269821059,-8.199965733730835],[110.815748083108588,-8.200049421043161],[110.815459844097575,-8.200013390604681],[110.815267705741064,-8.199941503296941],[110.814991499659016,-8.199857612737844],[110.814739302777639,-8.199797664829589],[110.81454722737368,-8.199594150049165],[110.814403127203605,-8.199534250704289],[110.814246966225539,-8.199582045174452],[110.814078739942943,-8.199749495342132],[110.813910490277976,-8.199964812825044],[110.813562174755589,-8.199976618225548],[110.813458571956573,-8.199976570561489],[110.813165823744839,-8.199976433864549],[110.812721429151679,-8.199976228819082],[110.812349115220513,-8.199940156112518],[110.812072933420211,-8.19980839733887],[110.811868727960473,-8.199856168426606],[110.811580450278598,-8.199903899044898],[110.811292205871666,-8.19987983228765],[110.811112068068553,-8.199831881335456],[110.811106871785739,-8.199727354033371],[110.81108578268379,-8.199554864964227],[110.811004203382311,-8.199341210327816],[110.810715988652987,-8.199257309876145],[110.810487802770922,-8.199221304618732],[110.810295671609026,-8.199137450032481],[110.810103553936926,-8.199029661788643],[110.809827296593483,-8.199053464145265],[110.809623082140604,-8.199125166192687],[110.809514911684857,-8.199280677860202],[110.809322703181238,-8.199364349884036],[110.80913050996611,-8.199412126367747],[110.808902296205076,-8.199435951207363],[110.808746118139879,-8.199519642116968],[110.808577973695549,-8.199507594798831],[110.808301683976595,-8.199603193631674],[110.808157500169557,-8.199722789074656],[110.807953224562709,-8.199914154014209],[110.807796982645698,-8.20012947419508],[110.807724798561651,-8.200380733083534],[110.807603401776646,-8.200523573303485],[110.807424434890777,-8.200584016738162],[110.807349474599619,-8.200532619583896],[110.807246029181954,-8.200461689154849],[110.807088250323545,-8.200344529975268],[110.806920137355519,-8.200272650761406],[110.80682410235147,-8.200164906584348],[110.806656016363092,-8.200033197273456],[110.806427825984429,-8.20000915569716],[110.806103539447861,-8.200009000114449],[110.805798611717591,-8.199977403333719],[110.805707249590967,-8.199877180186888],[110.80571935266704,-8.199685722617176],[110.805767512261923,-8.199446420215338],[110.80585167441626,-8.199266964098285],[110.805911802188973,-8.19911143084704],[110.805911918201502,-8.198872103264137],[110.805879345656308,-8.198633249623981],[110.805816048672739,-8.198429302269687],[110.805647951892524,-8.198321523918366],[110.805467798800919,-8.198309470304991],[110.805263624817485,-8.19829740589978],[110.805071514339943,-8.198177648578792],[110.804915381240903,-8.19816560755595],[110.804711194666936,-8.198177475009686],[110.804543062813138,-8.198141494933225],[110.804374986717335,-8.197997815645863],[110.804230921620785,-8.197866117126807],[110.804038706821927,-8.197961754630455],[110.803822509802046,-8.197973614889634],[110.80364235760976,-8.197961562175578],[110.80348629465783,-8.197805922804264],[110.803354266986901,-8.197626364164591],[110.803172047253213,-8.197499969846945],[110.80286200417919,-8.197279099050377],[110.802657795122173,-8.197338831121328],[110.802537594435478,-8.197530233832424],[110.802453397207557,-8.19778148642564],[110.802357257882193,-8.197889135274579],[110.802225136681784,-8.197901037801842],[110.801936884180918,-8.197900895708983],[110.801720733026457,-8.197817024934977],[110.801516595015869,-8.19773315955689],[110.801276437358752,-8.197625345232666],[110.800988229823986,-8.197529472106623],[110.800724033288532,-8.197457545228701],[110.800519847613941,-8.197469409085159],[110.800255561146287,-8.197576975196455],[110.800039317361666,-8.197684565589441],[110.799835076828401,-8.197804127757479],[110.799642860230847,-8.197899762563168],[110.799494874090215,-8.197853736160198],[110.799433982793119,-8.197693056988214],[110.799366825919321,-8.197480802596147],[110.799318902846153,-8.197241451630873],[110.799293798271208,-8.197043784242453],[110.799210959019604,-8.196942239991586],[110.799042810977994,-8.196942156354623],[110.798850616863547,-8.196989925643777],[110.798646389820078,-8.197085555053548],[110.798506189110412,-8.197149940216775],[110.79832210418283,-8.197085393175541],[110.798268301342091,-8.196793212435978],[110.798178254923585,-8.196534868688445],[110.798148274224502,-8.196397132121149],[110.798118341189536,-8.196259612290476],[110.798056166559888,-8.1961459119035],[110.797902243095109,-8.196080008684646],[110.797722133170964,-8.195984188618581],[110.797530025391382,-8.195864427700371],[110.797397964445565,-8.195754408238543],[110.797398018404863,-8.195648967225281],[110.797422098651964,-8.195529316024306],[110.797443137391951,-8.195372721573051],[110.797504630335482,-8.195291687260749],[110.797576132733411,-8.195220519410611],[110.797686543400289,-8.195110626753205],[110.79782239588792,-8.194850649836837],[110.797910935042694,-8.194743760015683],[110.798019617212617,-8.194635585962715],[110.798107193193459,-8.194548419173429],[110.798251428261835,-8.194333097193862],[110.798222095074664,-8.194166999606523],[110.79810746388938,-8.194009933011216],[110.79792736205917,-8.193902144767378],[110.797807287277521,-8.19384225261706],[110.797663216785054,-8.193734484158313],[110.797652933936774,-8.193610784209511],[110.79768739415897,-8.193423370891026],[110.797783592839608,-8.193196059150011],[110.797879832889009,-8.192884981855627],[110.797988017733871,-8.192705541027067],[110.798060153254539,-8.19256198224889],[110.798312467947085,-8.192370645188305],[110.798422758104834,-8.192194694628654],[110.798510194690778,-8.192135112744438],[110.798684953648717,-8.192047740010366],[110.799033369895142,-8.191820552375816],[110.799165592718964,-8.191605224101011],[110.799333863967718,-8.191354013775936],[110.799382061334086,-8.191042913099182],[110.799310244173455,-8.190552257379977],[110.79918458460196,-8.190404144434922],[110.799052341093727,-8.190302475178271],[110.798842057116303,-8.190121234806327],[110.798685782823668,-8.190034631891933],[110.798484447999897,-8.189912467985209],[110.798361779573497,-8.189845768866348],[110.798157604690743,-8.189845667242935],[110.797941381590533,-8.189917356699823],[110.79776113137217,-8.190108727934671],[110.797544853413285,-8.190288114803877],[110.797340618275939,-8.190407676072596],[110.797292448788539,-8.190658945752944],[110.797253561203945,-8.190826455275896],[110.797220228731646,-8.190970034738484],[110.797196069344182,-8.191245247968993],[110.797111892800672,-8.191448634146354],[110.796979705949695,-8.191592165045563],[110.796748796920497,-8.191670201018155],[110.796544230832637,-8.191794614129321],[110.796291988985161,-8.191842351942171],[110.796111862873204,-8.191782429214925],[110.795871723202538,-8.191650676736515],[110.795739558834612,-8.191746342119188],[110.79564340871741,-8.191877922827075],[110.795643274718373,-8.192141183168246],[110.795535107859962,-8.192284723960029],[110.795330888011108,-8.192368384292706],[110.795114608253641,-8.192547771161912],[110.794946891886582,-8.192720304297779],[110.794922201899169,-8.193014361023131],[110.794802078554142,-8.193050198107358],[110.794441816437711,-8.192954283612494],[110.794081429315554,-8.193097695801214],[110.793889193832285,-8.193229227945722],[110.793636888132937,-8.193396628650703],[110.793348637430711,-8.193396481161869],[110.793108372754261,-8.193504056266363],[110.792772073973083,-8.193515849076391],[110.792303653991496,-8.193539539917026],[110.791787229098418,-8.193491408201112],[110.791318872069326,-8.193395436149672],[110.791054703412897,-8.19327563566128],[110.790898668339935,-8.193084092655965],[110.79080183473792,-8.192945651919501],[110.790782123397321,-8.192782913299993],[110.790703927345419,-8.192562619868227],[110.790608524564789,-8.192712460410917],[110.790562507155016,-8.192832626024085],[110.790557109424128,-8.19294960084261],[110.790550359112842,-8.193095880070018],[110.790442208442187,-8.193203520825023],[110.790274037018264,-8.193251298208054],[110.790045801673443,-8.193322977772425],[110.789841598911721,-8.193370737169005],[110.789745395734485,-8.193598048010699],[110.789541041886594,-8.193932998708135],[110.789478188268845,-8.194001243761591],[110.789366633664258,-8.194074028592752],[110.789204679253601,-8.194064452611599],[110.788964527891721,-8.193956630193497],[110.788724324369127,-8.193944537909317],[110.788592254430057,-8.193860704007477],[110.788472307352151,-8.193561483374936],[110.788304198880724,-8.193489596067195],[110.788088061216115,-8.193393752618761],[110.787751825387488,-8.193285878040058],[110.787391587552747,-8.193142092632684],[110.78729560740743,-8.192950581103617],[110.787211717747596,-8.192603512041671],[110.787163732621195,-8.192495791246984],[110.787007553656736,-8.192579472264015],[110.786851366598341,-8.192675118760917],[110.786623117763725,-8.192770730184236],[110.786478961835655,-8.192830485637614],[110.786430830119741,-8.192997988865272],[110.786466707673469,-8.193285200850539],[110.786460875570015,-8.193497299659839],[110.786298409445067,-8.193572304017835],[110.78608332488659,-8.193613002837026],[110.785865434443281,-8.193627768805698],[110.785769917448761,-8.193631855325066],[110.78560438283705,-8.193658153300305],[110.785445155170805,-8.193679548171815],[110.785157357726916,-8.193679395287063],[110.785061255273774,-8.193715243163126],[110.784917040889752,-8.193882695129446],[110.78471279136329,-8.194014214683477],[110.784580655773709,-8.194050043673769],[110.784376382864821,-8.194229429643656],[110.784280221056406,-8.194372974932037],[110.784244113276259,-8.194516550797402],[110.784220007848148,-8.19467210023646],[110.784111849982935,-8.194791705571959],[110.78395568810555,-8.194839488350908],[110.783835588142949,-8.194827458119903],[110.783739524360612,-8.194791506821787],[110.78372757686725,-8.194671836735097],[110.783655574446243,-8.194564101551236],[110.783451402261448,-8.194552026354131],[110.783307238239502,-8.194623746388004],[110.783247087983796,-8.194803209699558],[110.783114843576243,-8.195042465336712],[110.782910547284985,-8.195257748645361],[110.7826942693261,-8.195425161940875],[110.782381878122237,-8.195640387692947],[110.782225675775351,-8.195759966048797],[110.781817168628493,-8.1960349724352],[110.78146874608683,-8.196250176603542],[110.781240460379991,-8.196405615425988],[110.781132424822601,-8.196297861356413],[110.781012398604332,-8.196154198256863],[110.78071233890438,-8.195783077726048],[110.780556206704603,-8.195771027709952],[110.780438162592191,-8.195761916678293],[110.780243947701081,-8.195746925879121],[110.779979697206329,-8.195782680225705],[110.779655414266983,-8.195782503059263],[110.779247003347564,-8.195878011060586],[110.778742600591613,-8.19580593669383],[110.778634467008089,-8.195877675613417],[110.778454184414102,-8.196104936992469],[110.778310030284729,-8.196152721570058],[110.777985779721007,-8.196092713407211],[110.777697547005232,-8.196056655089762],[110.777493335250256,-8.196116374570238],[110.777229070366332,-8.19617605987645],[110.777024971925982,-8.19603235091148],[110.776796884969315,-8.195828796560932],[110.776520723853366,-8.195685048025723],[110.776112419953279,-8.195589092162095],[110.775788063269545,-8.195720539770264],[110.775583802951189,-8.19586402300547],[110.775367519596387,-8.196031430905009],[110.775175197778196,-8.196306549706719],[110.775079067446029,-8.196390260401415],[110.774730680877269,-8.196533662697561],[110.77456248607092,-8.196617332922756],[110.774466308074693,-8.196784808271502],[110.774286155882407,-8.196772740268955],[110.774094028317791,-8.196700834974763],[110.773877817808113,-8.196736612703717],[110.773673612348375,-8.196784364006362],[110.773457504361375,-8.196640646048195],[110.773253386135934,-8.196532836220626],[110.773181404399338,-8.196389198302029],[110.773157524701048,-8.196137891749515],[110.773121656140574,-8.195850678864929],[110.773133869833259,-8.195491697383147],[110.772965802730653,-8.195348006404572],[110.772785673920737,-8.195300040163943],[110.772533405992931,-8.195383660926382],[110.77236523906555,-8.195419464735721],[110.772245148096147,-8.195395465427566],[110.772125063421981,-8.195359498841015],[110.772076973074888,-8.19544323471672],[110.771944803311044,-8.195538892005459],[110.771740590656805,-8.195598606989336],[110.771548416327391,-8.195610464550498],[110.771392251752047,-8.195658242832849],[110.771187977943896,-8.195825654329667],[110.771007725027516,-8.195993081114977],[110.770851581136583,-8.196004959360607],[110.770599305114899,-8.196100547401556],[110.770443182807696,-8.196076524711032],[110.770359197819744,-8.195920915017439],[110.770335266860116,-8.195765337699356],[110.770227163853576,-8.195777242924635],[110.770155052614655,-8.195860967109127],[110.770058908792635,-8.195968609662827],[110.769866726369401,-8.195992431804484],[110.769641849992411,-8.196070704298734],[110.768665405684999,-8.196458430811106],[110.768401146196993,-8.196506145241585],[110.768221015588438,-8.196458177202317],[110.768040970415484,-8.196266610814632],[110.7678369088473,-8.196063066356601],[110.76760879940764,-8.195907373925365],[110.76730855714527,-8.195871301218745],[110.76691219714121,-8.195895004649969],[110.766816048822648,-8.196002646304294],[110.766767882932527,-8.196218012350585],[110.766815735858586,-8.196541129768548],[110.766779600199413,-8.196720604771315],[110.766647462811193,-8.196756428365688],[110.766491375577573,-8.196672572880118],[110.7662032282974,-8.196492910818392],[110.765866968187083,-8.196432883769774],[110.765494698322698,-8.196336937798662],[110.765074568337695,-8.195929838090763],[110.764894440427156,-8.195881868252798],[110.76457020515187,-8.195797914741149],[110.764246005849543,-8.195654130233095],[110.764065939992179,-8.195498461184229],[110.763765826332872,-8.195246992753709],[110.763657781782229,-8.195163166046484],[110.763429582410367,-8.195163032047503],[110.76316525996981,-8.195318437595006],[110.762756825668021,-8.195449829445295],[110.762504599109036,-8.195461645637636],[110.762132393995842,-8.195257999556247],[110.76186812101804,-8.195329641349076],[110.76103924016985,-8.195592409761105],[110.760534727696552,-8.19571177497761],[110.759862084268832,-8.195807104913172],[110.759357629352166,-8.19583073819723],[110.759129297779907,-8.19604599632487],[110.758840859119402,-8.196356945915511],[110.758708707342009,-8.19641669957025],[110.758108174253891,-8.196428306220525],[110.757615744172313,-8.196428010343595],[110.757521373813404,-8.196401086440176],[110.757391717654684,-8.196364092827821],[110.757217735710981,-8.19628330403043],[110.757099416405993,-8.196224273430687],[110.756830100030129,-8.196127491989387],[110.756522977054772,-8.196116227980724],[110.756210616427836,-8.196259634773526],[110.755694003576423,-8.196522582150635],[110.755461754557359,-8.196666011426487],[110.755345566645644,-8.196737763835927],[110.75524935897181,-8.196941132926156],[110.755155512917611,-8.197267630895624],[110.755032875967515,-8.197419654092982],[110.754852762446092,-8.197347747000094],[110.754672794614805,-8.197036513223679],[110.754709003119046,-8.19674934440593],[110.754877377789796,-8.196378490074437],[110.754853656372177,-8.19588785683834],[110.754685598262824,-8.195744158665207],[110.754421550115467,-8.19544484000653],[110.75390520975867,-8.195265029556651],[110.753653011977974,-8.195228978433818],[110.753292660828663,-8.195288589995641],[110.752812204320833,-8.1953481269137],[110.752511914394404,-8.195395808069293],[110.752391735291383,-8.19551539721698],[110.752271496833146,-8.195730717397907],[110.752151362696281,-8.195778509170054],[110.751983245231656,-8.195730540231466],[110.751887212925567,-8.195646717121519],[110.751731106806176,-8.195598756276752],[110.751574983599653,-8.195574727291046],[110.751286733796746,-8.195574550124604],[110.750950425123051,-8.195598275139503],[110.750590058685304,-8.195681815862315],[110.75030177830547,-8.195729503313146],[110.749941432552134,-8.19577714579782],[110.749509003438789,-8.195860640655212],[110.749195030327428,-8.196087266213567],[110.749026688931622,-8.196398285951318],[110.748786230900862,-8.19679302357838],[110.748738106379562,-8.196924623172038],[110.74870196892175,-8.197092129097655],[110.748521758273569,-8.197175780437135],[110.748269537110502,-8.197175623055784],[110.748101473605175,-8.197043888563826],[110.747993499201698,-8.196852360846947],[110.747861503906336,-8.196660817841689],[110.747657506190023,-8.19637349793777],[110.747309330062592,-8.196169852755702],[110.746997169984468,-8.195990162814951],[110.746672887944499,-8.195989958668861],[110.746240494804056,-8.196013620731208],[110.745748042239427,-8.196049208703243],[110.745519833874255,-8.196061031190823],[110.745303699806925,-8.195977130739209],[110.745051555985583,-8.19585730866703],[110.744859532742282,-8.195629826954132],[110.744703479682869,-8.195498098757469],[110.744391299819654,-8.19535430615548],[110.744261681432477,-8.195348073853722],[110.744139087649842,-8.195342178797716],[110.743778841721223,-8.195234252957619],[110.743502731866613,-8.19503065184233],[110.743274741137441,-8.194707416613198],[110.743046718032645,-8.194432046001339],[110.742878633842906,-8.194336208848142],[110.742723803861509,-8.194266672368258],[110.742398353602198,-8.194120508254059],[110.742229224400205,-8.194042603582488],[110.742086176436942,-8.193976712954111],[110.741629888309717,-8.193808894064432],[110.741377793051754,-8.193617271019434],[110.740993506446216,-8.193545226330343],[110.740633186773209,-8.193556961583681],[110.740537048347164,-8.1936406641845],[110.74032079197201,-8.193748221302542],[110.740147589740502,-8.193776867407678],[110.739984498586807,-8.193748004565975],[110.739816438678758,-8.193616265577418],[110.739624312013461,-8.193556311373868],[110.739444186800824,-8.193508329844747],[110.739252082618577,-8.193412475604475],[110.738771852739887,-8.193124973138197],[110.737883327054931,-8.192753440717922],[110.737535042109528,-8.192729283129097],[110.737475036644696,-8.192657446183375],[110.737342946920535,-8.192621461610372],[110.73724683187686,-8.192669264174413],[110.737066652704925,-8.192705044601325],[110.736826444685732,-8.192704888119295],[110.736502212108462,-8.192632880302369],[110.736382107649206,-8.192632801162063],[110.736009722671611,-8.192728289378238],[110.735697359346716,-8.192871679983227],[110.735397044239221,-8.192955245887106],[110.734820379158236,-8.193206159435931],[110.734387877199822,-8.193397337316469],[110.734039513114112,-8.193492837223857],[110.733835375103524,-8.193432871329151],[110.73363127036788,-8.193325039917852],[110.73339116577074,-8.193169318708271],[110.733007008667585,-8.192905806556951],[110.732898914654243,-8.192905736409784],[110.732538619262925,-8.192881564431843],[110.73222634856819,-8.192881355789154],[110.731830006550581,-8.192881094086431],[110.731493716762657,-8.19288087015525],[110.731204287049252,-8.192973140597132],[110.730879909681107,-8.193116521309605],[110.730663667695183,-8.193200140273461],[110.730603519238059,-8.193343696353679],[110.730508360173758,-8.193522489670386],[110.730387057817495,-8.193750405755793],[110.730266735722296,-8.194073415255104],[110.730074437286476,-8.194079672737928],[110.729906415149969,-8.194085140615925],[110.729389967773841,-8.194084795276297],[110.729101733259427,-8.194060669163775],[110.729017434408092,-8.194395668424534],[110.728861300409733,-8.194395563203898],[110.728729160323553,-8.194431374207738],[110.72860825816565,-8.194597484385611],[110.728476706236052,-8.194778225633797],[110.728248297322125,-8.195089195908849],[110.728104048763896,-8.195268592670629],[110.72786355476029,-8.195687249566106],[110.727707282266294,-8.195890572790915],[110.727599000294674,-8.196165723968193],[110.7274908891942,-8.196189584780711],[110.727310724411439,-8.196201428852078],[110.727238596085385,-8.196297110422506],[110.727172344828887,-8.196408109246022],[110.727010135910064,-8.196679877173779],[110.726961987107074,-8.196835405928425],[110.72697383477572,-8.197074739806567],[110.726877628900525,-8.197254168943914],[110.726685354746394,-8.197409600571802],[110.726529102936809,-8.197577022860514],[110.726264749020004,-8.197756336884652],[110.726000404096396,-8.197923688126878],[110.725892242633961,-8.198019342717714],[110.725904098396484,-8.198246711116042],[110.72590397429002,-8.19842620500458],[110.725663624177969,-8.19862946887406],[110.725451757393728,-8.198787558897948],[110.725327157223546,-8.198880530811039],[110.725146882723493,-8.199047936911938],[110.725088764036286,-8.199244313773249],[110.725026497675799,-8.199454708367284],[110.725014323553239,-8.199694026057671],[110.724906227741258,-8.199693952313226],[110.724822178901491,-8.199657995619191],[110.724750164789327,-8.199586148780952],[110.724678199240543,-8.199442504567116],[110.724678338635442,-8.199239077920311],[110.724636491382,-8.198987843313489],[110.724546619431976,-8.198664606285774],[110.724385246882662,-8.198523731084492],[110.724186532683404,-8.198329303953415],[110.724030421168038,-8.198293298696001],[110.723838227952911,-8.198329064733741],[110.723633974829113,-8.19843662185184],[110.723537823812592,-8.198532286335137],[110.723357665325068,-8.198532162228673],[110.723213697355277,-8.198304704797465],[110.722985728209835,-8.197969490598723],[110.722781747580655,-8.197682161701607],[110.722661725858984,-8.197562416071833],[110.722481651008422,-8.197442629073294],[110.722481824577585,-8.197191336909839],[110.722373788120876,-8.197107497612137],[110.722181611992823,-8.197119332690249],[110.722049431437142,-8.197214971992537],[110.721977217675487,-8.197430315555835],[110.721796918893745,-8.197633618096177],[110.721844836570995,-8.197813145259659],[110.721880750996888,-8.197980697950072],[110.72188060980335,-8.198184123697558],[110.721784475873903,-8.198255856321907],[110.721676306317534,-8.198363478191141],[110.721668773596093,-8.198547888673318],[110.721664087228874,-8.198662626877933],[110.721663955028532,-8.198854087145605],[110.72148374617899,-8.198925760414681],[110.721207570673869,-8.19882983872526],[110.720955450234896,-8.198686068606378],[110.720847537884595,-8.198422737218721],[110.720727440619953,-8.198410686303305],[110.720559292578344,-8.198410571190095],[110.720631240140676,-8.198578148162198],[110.720631148409836,-8.198709777433464],[110.720631005417602,-8.198913204979647],[110.720606842432858,-8.199116613640001],[110.720510640154941,-8.199284077297534],[110.72036641407982,-8.199427572223897],[110.720282156597307,-8.199690769612516],[110.720209985103793,-8.199846283078671],[110.720077866601287,-8.199846191347831],[110.720017939377442,-8.199666656090528],[110.71998213466884,-8.199343541370524],[110.719958314325766,-8.199056332982593],[110.719778249367778,-8.198924578705544],[110.71968212173357,-8.198984344051439],[110.719452823390156,-8.199110331875488],[110.719273611888752,-8.199199451992286],[110.719105372116303,-8.199330964351702],[110.718913043103498,-8.199558189757852],[110.718660753591962,-8.199653743624538],[110.718444563766639,-8.199653594337121],[110.718228305592902,-8.199749173384816],[110.717975982806422,-8.199892590969512],[110.717867861813431,-8.199928414563885],[110.717771904151107,-8.199748853226197],[110.717808079380404,-8.1995454517604],[110.717856316317011,-8.199270261012941],[110.718036668158732,-8.198995161996322],[110.718301026572192,-8.19881585426748],[110.718409331926182,-8.198516771231198],[110.718325342441631,-8.19839704988317],[110.718133275131606,-8.198253321133052],[110.718001125152853,-8.198301094019484],[110.717820891122301,-8.19840866282874],[110.717640691265956,-8.198468368819363],[110.717484613025533,-8.198384496246717],[110.71743670614012,-8.198193001804782],[110.71736479455069,-8.197977559316087],[110.71736486289916,-8.197881828282959],[110.717244781822274,-8.197845843709899],[110.717136569997763,-8.198013296575596],[110.717088351047607,-8.19826455636337],[110.717028145033908,-8.198479906221905],[110.716835968006592,-8.198491737702739],[110.716667864031763,-8.198431787995844],[110.716331645290268,-8.198323854961131],[110.716199537579655,-8.198311795951838],[110.716055342980724,-8.198407425361609],[110.715983168789251,-8.198562935230484],[110.715863090410323,-8.198526951556744],[110.715719081971088,-8.198359323323302],[110.71552718643153,-8.197976266990338],[110.715371135170813,-8.197856492582275],[110.715119066892498,-8.197640923289157],[110.714914888412409,-8.19764077759902],[110.71456663494331,-8.197568733809192],[110.714542486347739,-8.197748212409294],[110.714458292717097,-8.197915679664106],[110.714289973804284,-8.198154884939186],[110.714289871281608,-8.198298480589585],[110.714289641055132,-8.19862157012858],[110.714313544135791,-8.198789115624379],[110.714049192017626,-8.198956455175448],[110.713820973759994,-8.198980226955086],[110.713712886941209,-8.198968184133605],[110.713544764979986,-8.198932165386339],[110.713496810430513,-8.198812468319943],[110.713504204656374,-8.198624387704513],[110.713509042109649,-8.198501355052713],[110.713522395243388,-8.198362726357914],[110.713533242865935,-8.19825007907707],[110.713497340131198,-8.198070560007523],[110.713353332591282,-8.197902929076122],[110.713113174934108,-8.197830959930059],[110.712872965116276,-8.197830789958175],[110.71256067373713,-8.197854500583958],[110.712404162922837,-8.198057591783652],[110.71228417537543,-8.198213291409445],[110.71200776874457,-8.198440452963723],[110.711695246239685,-8.198787252229124],[110.711466888587097,-8.199002481578475],[110.71152686527364,-8.199110221258877],[110.711706944620857,-8.199218046374938],[110.711790916118957,-8.19936170138061],[110.711754825425885,-8.199445439054955],[110.711646686446443,-8.199505192709694],[110.711538546567738,-8.199564947263696],[110.711508361722565,-8.199786302794848],[110.711370150313257,-8.199911849051773],[110.711237947274469,-8.200031416615786],[110.711033696848688,-8.200127001059457],[110.710853565340813,-8.200090973318936],[110.710697523073293,-8.199959233431059],[110.710565425255197,-8.199935204445353],[110.710493222285436,-8.20012661255231],[110.710493074796602,-8.200330040098493],[110.710264796284378,-8.200437572035526],[110.710120590893609,-8.200545165126471],[110.709922324556658,-8.200670668215935],[110.709796043553638,-8.200903919979112],[110.709663866595236,-8.200987588405667],[110.70950461734526,-8.200994685855278],[110.709399625993001,-8.200999364128563],[110.709207456160243,-8.200999225632927],[110.709015312407814,-8.200963188899266],[110.708811167202668,-8.20091517589384],[110.708582983119243,-8.200891077660287],[110.708426923764591,-8.200783269631359],[110.708306895747683,-8.200675485884176],[110.708114769981705,-8.200615514593494],[110.707970686898705,-8.200555581074411],[110.707694487111951,-8.200495547730554],[110.707514415858668,-8.20037575443672],[110.707394458888189,-8.200172240555673],[110.707166284697337,-8.200136176842307],[110.706890075917329,-8.200088111676223],[110.706637906015601,-8.200016129939627],[110.706457731340265,-8.20003993139693],[110.706289504158349,-8.200147505602104],[110.706121374103191,-8.200123449636692],[110.705977334187651,-8.200003683322507],[110.705893375280084,-8.199848060139061],[110.705905596167383,-8.199560878730779],[110.705905772434505,-8.199321552946515],[110.705977949323938,-8.199166044876279],[110.706110154161308,-8.199046478211585],[110.706290443050534,-8.198867115624068],[110.70639866027102,-8.198699666355708],[110.706458949921625,-8.19837662088355],[110.706459100108418,-8.198173196035384],[110.706411206712858,-8.197969734314995],[110.70636330522342,-8.1977782371751],[110.706279258182292,-8.197742277783107],[110.706111075966419,-8.197790020991874],[110.705924877632071,-8.197837749811526],[110.705858951930111,-8.197658208258929],[110.705799039994758,-8.1974667030251],[110.705763157944432,-8.197263251197285],[110.705799320583253,-8.197083783389076],[110.705823481769301,-8.196892340208535],[110.705871814933346,-8.196497489266903],[110.705896283687593,-8.19588722731288],[110.705944386625163,-8.195803498631733],[110.706136624806447,-8.195707907892825],[110.706220786061465,-8.195588306154605],[110.706196871289649,-8.195444694316393],[110.706184948077919,-8.195325022431064],[110.706281127872785,-8.195193463306907],[110.706425270311001,-8.195169634869956],[110.706533259103651,-8.195313309660719],[110.706653214275491,-8.195516822642446],[110.706677331394758,-8.195385212256951],[110.706683802016869,-8.195278557158872],[110.706750007407948,-8.194547625971381],[110.70696629166207,-8.194416154081466],[110.706990451948855,-8.194224710900869],[110.706978590790357,-8.194021276160186],[110.70711073986979,-8.193973506871032],[110.707362958334897,-8.193973689433392],[110.707699340753038,-8.193848287067965],[110.707507178114838,-8.193842166282138],[110.707339042663762,-8.19383007759518],[110.707170932393637,-8.193782089770821],[110.707122968850967,-8.193674358184296],[110.707171114956054,-8.193530799406062],[110.707411305888115,-8.193554904834173],[110.707543445974295,-8.193519102823529],[110.707447448741789,-8.193399369784288],[110.707315422869499,-8.193279610664717],[110.707387563786085,-8.193171967211697],[110.707495771113997,-8.19301648432247],[110.707687997604069,-8.192932859063376],[110.707844072247156,-8.193016737031996],[110.707988134645746,-8.193100605108043],[110.708132312157545,-8.193028911154499],[110.708252493059149,-8.192921301875799],[110.708600820272693,-8.192885653649171],[110.708912975854219,-8.193041441408582],[110.70916509809183,-8.193173252342945],[110.70944127629491,-8.193257213948471],[110.709717610080702,-8.193125784326696],[110.70990998405955,-8.192838733320059],[110.71009041684033,-8.192455942287097],[110.710174765154363,-8.192073081107026],[110.710138830044002,-8.191941425755374],[110.710102920114707,-8.191773872165641],[110.710030970753735,-8.191618259774089],[110.710043077427144,-8.19148664039534],[110.71010327624623,-8.191283256016675],[110.71019960083197,-8.190948268447016],[110.710296010853256,-8.190493619783922],[110.710292956755609,-8.190022232039553],[110.710260602745677,-8.189632020700401],[110.710248494273628,-8.18949824294873],[110.71022485829161,-8.189237108604857],[110.710215696897933,-8.188914189037803],[110.710201433650298,-8.188411417651992],[110.710033448385957,-8.188195905915507],[110.709985527111428,-8.188028343332576],[110.710057743571042,-8.187813001567974],[110.71010590676326,-8.187645508232833],[110.710046073068838,-8.187346308284702],[110.70995041398146,-8.186759892754026],[110.709890600072185,-8.186588153719526],[110.70985453276154,-8.186484597685251],[110.709734517335164,-8.186364849357517],[110.709590456735214,-8.18628098218079],[110.709590569150521,-8.1861254201512],[110.709674743895334,-8.185981885654712],[110.709614788792521,-8.185850213215986],[110.709530742650713,-8.185814252924615],[110.709374638329962,-8.185778244069922],[110.709230541757165,-8.185742240611091],[110.70918257101988,-8.18564647720234],[110.709230715326271,-8.185502914826827],[110.709278850639521,-8.185371320629145],[110.70921885416783,-8.185299479186824],[110.70893087865818,-8.184928317287188],[110.708678796890013,-8.184748641735609],[110.708342740026467,-8.184437274859533],[110.708042766661379,-8.184054139386205],[110.707706613570394,-8.183874400882075],[110.70740649271653,-8.183694689357651],[110.707166379126136,-8.183574851997037],[110.706818165227219,-8.183466902774512],[110.706553987577536,-8.183406880222549],[110.706205749396872,-8.183334829238163],[110.70607347980831,-8.183550126036664],[110.706037353142392,-8.183681729227601],[110.705869080094999,-8.183861100808372],[110.705760926726441,-8.183944786322002],[110.705568530264486,-8.184267734667401],[110.705472325288611,-8.184435192929016],[110.705352057152766,-8.184662465099905],[110.705207715964377,-8.184961516659882],[110.705051453362955,-8.185140896334474],[110.704967310993652,-8.185236565314426],[110.704811171599317,-8.185248415681031],[110.704703027223957,-8.185320134815584],[110.704594899935728,-8.185367922091132],[110.70451074137867,-8.185487522930032],[110.704558632076271,-8.185690984650421],[110.704618595273018,-8.185810689810694],[110.704522441558481,-8.185906350696712],[110.704342229111603,-8.185989983150421],[110.704114045927497,-8.185977848598043],[110.703969977233726,-8.18590594690113],[110.703825942714104,-8.185786178788305],[110.703742059349622,-8.185534826370315],[110.703766422883177,-8.185068158268109],[110.70368246667357,-8.184912535084607],[110.703502369339901,-8.184840606408045],[110.703214187885521,-8.184756630413347],[110.703022070213422,-8.184696656424762],[110.702709797720047,-8.184708395275436],[110.702493821034068,-8.184433011173724],[110.702349673199933,-8.18446880329185],[110.70215747638747,-8.184516525816207],[110.702073369991069,-8.184564330178887],[110.702049224992777,-8.18473183970184],[110.701917068718785,-8.184791573571488],[110.701797012822908,-8.184731654441521],[110.701725013999237,-8.184647835828173],[110.7015809201244,-8.184611832369342],[110.701400750845039,-8.184635630229366],[110.701352593948116,-8.184791156286053],[110.701316449295746,-8.184946691335938],[110.701244333560169,-8.1850184356515],[110.7010401892544,-8.184982386327249],[110.700908077946508,-8.184982288301171],[110.700847894415858,-8.185161737223609],[110.700739703275758,-8.185293285555872],[110.700619495394449,-8.185436792173391],[110.700631398821031,-8.185580396817045],[110.700775475608737,-8.185640334832783],[110.700955609814571,-8.185664400690712],[110.70099150535475,-8.185843921558956],[110.700907380971898,-8.185915656881264],[110.700763206158058,-8.185987348136791],[110.700631040890869,-8.186059046586934],[110.700522797590111,-8.186262394093433],[110.700366504411704,-8.186477670207523],[110.700546405693103,-8.186812860124576],[110.700582303031922,-8.186992380093443],[110.700510189094985,-8.187064124409005],[110.700342056341867,-8.187052033024088],[110.700197834763287,-8.187183555276079],[110.699849503952464,-8.187231160888587],[110.699633267362458,-8.18730279818476],[110.699465141803898,-8.187278741320029],[110.699489305687962,-8.187087298139488],[110.699597558881294,-8.186871986052495],[110.699850211718967,-8.186285826828623],[110.69983837124488,-8.186058459329615],[110.699682337970557,-8.18592671404582],[110.699478264711217,-8.185794932789122],[110.699226078621678,-8.185758845693385],[110.699009878903837,-8.185782618372343],[110.698901751615608,-8.185830402949932],[110.698733528030914,-8.185937972658508],[110.698505209049188,-8.186105330196028],[110.698288991344896,-8.186153033834614],[110.698024713870495,-8.186224634258679],[110.697796520793872,-8.186224463387475],[110.697592339615824,-8.186236276881857],[110.697568192818892,-8.186403788203449],[110.69749605909692,-8.18649946437796],[110.697339819877811,-8.186642941317871],[110.697147549321016,-8.186786392177453],[110.697075369733568,-8.186941900247689],[110.696991218371068,-8.187049532009496],[110.696702900219691,-8.187145047205377],[110.696462696697154,-8.187144867340976],[110.69628262724251,-8.187037034131038],[110.696198672831542,-8.186881410048215],[110.696066598395873,-8.186833445606226],[110.695934467302891,-8.186857277640456],[110.69598236429573,-8.187048773881031],[110.695982289651965,-8.187144504914158],[110.695790073054468,-8.187216158398201],[110.695513848086648,-8.187203983376321],[110.695237668984305,-8.187131977358092],[110.694853426445547,-8.187023990364082],[110.694481174567613,-8.186939945121594],[110.694373201063399,-8.186784302153001],[110.694313270242276,-8.186628695157367],[110.694193258413179,-8.186508942333035],[110.693977159419433,-8.186401081244128],[110.693784995881913,-8.186400935553934],[110.693640937979978,-8.186317062981288],[110.693496925943407,-8.18617335941218],[110.693304764204527,-8.186173211923403],[110.692980482164558,-8.186184930988986],[110.692644168994264,-8.186220574718959],[110.692415912065712,-8.18630416490447],[110.692187574198215,-8.18649545160298],[110.69182706566761,-8.186758434952992],[110.691634757339216,-8.186949747731887],[110.691370422308182,-8.187093141034836],[110.691142193258656,-8.187140832082946],[110.690926008829308,-8.187140665708341],[110.690830020589999,-8.187020929971141],[110.690830177072087,-8.186817505122974],[110.690746151614633,-8.186757607576737],[110.690590103051875,-8.18664979325257],[110.690446037056006,-8.186577885260419],[110.690362068255865,-8.186446192137282],[110.690326120555085,-8.186338466845939],[110.690146051100442,-8.186230632736681],[110.689929953005958,-8.186122770748455],[110.689713871998663,-8.185990975102641],[110.689557805449397,-8.185907091738102],[110.689377635270716,-8.18593088600079],[110.689197492071628,-8.18591878112602],[110.689017339879399,-8.18591864263044],[110.688861263437616,-8.185846723846453],[110.688837336974586,-8.185727043867189],[110.688945603657714,-8.185499768099021],[110.689125820601191,-8.185416142839927],[110.689354115301228,-8.185284689835783],[110.689342235257016,-8.185117152433861],[110.689258303329098,-8.184937594693452],[110.6891742778717,-8.184877698046535],[110.688958069160606,-8.184913430809388],[110.688573746582165,-8.184913134932401],[110.688249426770653,-8.184972715917297],[110.687853083853781,-8.184984374728288],[110.687660867256284,-8.185056024615051],[110.68757663675342,-8.185259387409985],[110.687276328840539,-8.185330951861147],[110.68691595071158,-8.185426402305836],[110.686639643905494,-8.185521918401037],[110.686399432289022,-8.185533697721155],[110.686291378745182,-8.185485748567658],[110.686291510046203,-8.185318221957573],[110.686351626127703,-8.185234504068319],[110.686363729203777,-8.185114851068704],[110.686351822179915,-8.184983212804241],[110.686243854071677,-8.184827568037008],[110.686063775623779,-8.184731697608981],[110.685799610564629,-8.184659695187975],[110.685535388848166,-8.184659489243245],[110.685235185256658,-8.184599425322403],[110.685127177578238,-8.18449164427318],[110.684947073050012,-8.184431672982498],[110.684730892217942,-8.184431503010671],[110.684418631415781,-8.184431259294399],[110.68408231914475,-8.184466895829758],[110.683890119634384,-8.184514610260237],[110.683830165430834,-8.184394900603365],[110.683830305725053,-8.184215406714827],[110.68401052176921,-8.184131784153692],[110.683974626229087,-8.183964227865999],[110.683842618343192,-8.183832496971377],[110.683710668013987,-8.183628966902518],[110.683566698245556,-8.183437394219538],[110.683574361368755,-8.183293189728147],[110.683734943413981,-8.183305897148614],[110.683927074575877,-8.183341945573545],[110.683999210995864,-8.183246272096994],[110.684023362289395,-8.183078764372681],[110.683999541047001,-8.182827453323512],[110.683975728797918,-8.182564177693848],[110.683843750589688,-8.182396545863071],[110.683543623440528,-8.182240750909102],[110.683327564916226,-8.182085019807005],[110.682727226081681,-8.181881122814787],[110.682487016263849,-8.181892899436946],[110.68235214763456,-8.181969546856294],[110.682306658126834,-8.182156016785939],[110.682306506141401,-8.182347476154291],[110.681886022722836,-8.182514671813863],[110.681537733280834,-8.182514396621286],[110.68134618667824,-8.182559897820227]]],[[[110.719542038835073,-8.201153659013357],[110.71960179788573,-8.201572519155604],[110.719631667968144,-8.20179690810005],[110.719481555830157,-8.201766888730106],[110.719271515569062,-8.201557333203539],[110.718836404677404,-8.201168124608444],[110.718611308865832,-8.201018389286446],[110.718491330311679,-8.200838810861626],[110.718311307621775,-8.200644234443075],[110.718296537156505,-8.200300191599752],[110.718386785023142,-8.200060929667359],[110.718552066925383,-8.199866593367801],[110.718792362178817,-8.199747097749537],[110.719032572895969,-8.199747265922781],[110.719062496038418,-8.199896863648519],[110.719227492855566,-8.200106390396797],[110.719227116039633,-8.200644872062412],[110.719317027559839,-8.200884259899851],[110.719542038835073,-8.201153659013357]]],[[[110.578420367606952,-8.139707378591822],[110.578228180687063,-8.139755045358243],[110.578060098295964,-8.139718971752359],[110.577783886817997,-8.13973065124776],[110.577639746178363,-8.139766400198425],[110.57753178166746,-8.139658591270177],[110.577508001793888,-8.139431210281316],[110.577448111442209,-8.139287554376324],[110.577400252220912,-8.13911997920286],[110.577436440040742,-8.138964455844132],[110.577532496628464,-8.13897652204804],[110.577784663832233,-8.138988751029217],[110.578108894610864,-8.138989088275025],[110.578349018093775,-8.139037201105168],[110.578468641415725,-8.139480074045366],[110.578420367606952,-8.139707378591822]]],[[[110.679029998037038,-8.183703579156031],[110.678885818726599,-8.183775263217001],[110.678729699117355,-8.183763171832084],[110.678633724367955,-8.18363146701779],[110.678489767190058,-8.183427925257718],[110.678447899252205,-8.183218483045778],[110.678417965317919,-8.183104779960843],[110.678466187865297,-8.182877460125894],[110.678610316813717,-8.18286560796065],[110.678754435869564,-8.18286572307386],[110.67894658771587,-8.182877842337746],[110.679090603349721,-8.183009584923582],[110.679150471218293,-8.183236991093452],[110.679162308994421,-8.183452393112645],[110.679138155002875,-8.183619900836959],[110.679029998037038,-8.183703579156031]]],[[[110.678632822347936,-8.184756293167595],[110.678368590738899,-8.184768049105401],[110.678188515888337,-8.184672175080038],[110.67799648005456,-8.184516461964336],[110.677924539686785,-8.184366824668416],[110.678080819375339,-8.184181475294054],[110.678249046557312,-8.184073911880716],[110.678357214315042,-8.183978267182454],[110.678465294838531,-8.183990319896566],[110.678537249595422,-8.184122006724408],[110.678537115596441,-8.184289533334493],[110.678536989691395,-8.184445095364083],[110.678644975786028,-8.184576809171631],[110.678716961119903,-8.184672595962752],[110.678632822347936,-8.184756293167595]]],[[[110.60495177900242,-8.147524039402072],[110.605143920956209,-8.147524225561767],[110.605155835174685,-8.147619968286108],[110.604807155426954,-8.148050409897678],[110.604614860588413,-8.148205783069614],[110.604494689579326,-8.148289429013118],[110.604398641984801,-8.148265402725372],[110.604320695944409,-8.148151648379041],[110.604326905763116,-8.147942246636546],[110.604387080300569,-8.147810676720553],[110.604627491566532,-8.147571588357323],[110.604735572090021,-8.147571693578016],[110.60495177900242,-8.147524039402072]]],[[[110.819838629650064,-8.203761372788335],[110.819702521755005,-8.203829101630959],[110.819521093424783,-8.203806424326217],[110.819385043086299,-8.203738574974466],[110.819385115032105,-8.203580403112312],[110.81945322608658,-8.203422260927823],[110.819566665670152,-8.203331927625584],[110.819680106153044,-8.203241594323288],[110.819884255854788,-8.203173896956969],[110.81990678207336,-8.203512847838851],[110.819838629650064,-8.203761372788335]]],[[[110.662677295222068,-8.177778936348034],[110.662581194567508,-8.177802789066675],[110.662389068801531,-8.177766728950587],[110.662281028747543,-8.177706808021981],[110.662209133345868,-8.177515289298356],[110.662239293010032,-8.177353769260264],[110.662329483320036,-8.177216233241779],[110.662449589577932,-8.177204367586683],[110.662545608394169,-8.177276245001906],[110.662725676050172,-8.177372125322506],[110.6626894954249,-8.177551587734797],[110.662785463879118,-8.177683297045746],[110.662677295222068,-8.177778936348034]]],[[[110.712546769318976,-8.199877314185926],[110.71242664237667,-8.199907143798839],[110.712231630686233,-8.199682637942601],[110.712021478909151,-8.199637614283688],[110.711991559364037,-8.199488013859934],[110.712081746976082,-8.199338499771159],[110.712186882219896,-8.199278743418461],[110.712276941228879,-8.199308723218223],[110.712426985917716,-8.19942849402895],[110.712621996708833,-8.199652999885245],[110.712546866445791,-8.199742694668828],[110.712546769318976,-8.199877314185926]]],[[[110.671922821382168,-8.180311421833835],[110.671862663032528,-8.180443001642402],[110.671730583200883,-8.180406997284308],[110.671646573031978,-8.180335130660922],[110.671586640412158,-8.180191487346463],[110.67158674833081,-8.180059858974516],[110.671610875342651,-8.179928250387661],[110.671695024007192,-8.179832587702947],[110.671803112624616,-8.179832675836508],[110.671923163124518,-8.179892604859049],[110.671971114976031,-8.180000340042852],[110.6719349766189,-8.18013193963651],[110.671922821382168,-8.180311421833835]]],[[[110.681264675725231,-8.182688215787721],[110.68134618667824,-8.182559897820227],[110.681697111133815,-8.182592828295583],[110.68190123475523,-8.182652820270619],[110.682009275708538,-8.182712736702626],[110.681985153193295,-8.182844346188801],[110.681840994567267,-8.182892098390823],[110.681672872606043,-8.182868033432214],[110.681492750990685,-8.182831992201898],[110.681276589943707,-8.18280788857237],[110.681264675725231,-8.182688215787721]]],[[[110.5554656634107,-8.134513541965589],[110.555501514884043,-8.134669139968025],[110.555441327756114,-8.134800700890821],[110.555273250760933,-8.134764619191003],[110.555093256849375,-8.134644761146035],[110.555057402678017,-8.134489162244222],[110.555117603295798,-8.134345634942292],[110.555237699661177,-8.1343338007635],[110.555333714880078,-8.134381770601408],[110.5554656634107,-8.134513541965589]]],[[[110.585691370161669,-8.145757770004252],[110.58563125318085,-8.145829506225937],[110.585475138967524,-8.145829346146627],[110.585355110950672,-8.145769392842396],[110.585391260998961,-8.145649766822487],[110.585439407103991,-8.145542120671507],[110.585559519657181,-8.145518312919023],[110.585703563169943,-8.145578291404206],[110.585691370161669,-8.145757770004252]]],[[[110.676746583389161,-8.185568493390463],[110.676638444409718,-8.185628238051947],[110.676602511098054,-8.185508546381527],[110.676602684667216,-8.18529315425485],[110.676758824960871,-8.1852813128815],[110.676866857820301,-8.185353195692642],[110.676842750593494,-8.185460873319869],[110.676746583389161,-8.185568493390463]]],[[[110.553809017773006,-8.134045047340237],[110.553724853819972,-8.134140683944622],[110.553628892560369,-8.134044848590065],[110.553568982423656,-8.133925122745438],[110.553617122233447,-8.133829446570871],[110.553725157790836,-8.133865464418818],[110.553809137382814,-8.133937352625935],[110.553809017773006,-8.134045047340237]]]]}},
{"type":"Feature","properties":{"No":233.0,"Provinsi":"DAERAH ISTIMEWA YOGYAKARTA","Kode_Kab":"3404","Kab_Kota":"SLEMAN","Kode_Prov":34.0,"Kabupaten":"SLEMAN","Jumlah_Pengabdian":45},"geometry":{"type":"MultiPolygon","coordinates":[[[[110.459881437379465,-7.584516661014277],[110.460028352427571,-7.585634958985338],[110.460090367877228,-7.586107014925972],[110.460344620608794,-7.588083383040896],[110.460422936270561,-7.588692138630506],[110.460499234752945,-7.589316029810107],[110.460579260025895,-7.589970392718669],[110.460599056802096,-7.590132276982217],[110.460708614911709,-7.590242356698582],[110.460744868381994,-7.590357862924236],[110.460769644704385,-7.590662455207337],[110.460823058138658,-7.590922338594225],[110.460914613619593,-7.591386529064266],[110.460968015362653,-7.591596590009829],[110.461104366074665,-7.591659681048611],[110.461147226864057,-7.591792710564334],[110.461016428566381,-7.591958958338466],[110.461036685795477,-7.592218371379943],[110.461166386020921,-7.592872602088107],[110.461204540658059,-7.593163942860883],[110.461212157915782,-7.593362289237461],[110.461227414914333,-7.593527292349847],[110.461235055554425,-7.593631700042124],[110.461318958704055,-7.59374950313628],[110.461364732397556,-7.593867257667],[110.461395247293865,-7.594227294053553],[110.461418144932509,-7.594334579576355],[110.461486816264596,-7.594619247379569],[110.46150971300392,-7.594729893668841],[110.461570742796596,-7.595155699275324],[110.461654659436022,-7.595657331220082],[110.461723317278313,-7.596126513826732],[110.461795808031184,-7.596522058145638],[110.461822501708127,-7.596658684949546],[110.4618759151424,-7.597008201966162],[110.461906430038766,-7.597236603685531],[110.461982742011003,-7.597512689258394],[110.462039937993779,-7.597733471921401],[110.46205731919099,-7.597943445632723],[110.462112417055437,-7.598336176872238],[110.462150571692575,-7.598544098330649],[110.462188728128353,-7.598718119844534],[110.46221924302472,-7.598857370870178],[110.462268176036559,-7.599215625699742],[110.462385732716427,-7.599694670272015],[110.462447449591195,-7.599794593045203],[110.462479778420061,-7.600056157265044],[110.462491535257186,-7.600351517108038],[110.462529739357024,-7.600626305858498],[110.462562068185946,-7.600767374413977],[110.462704605334295,-7.601503571132071],[110.462758974747942,-7.601945878398737],[110.462847141583381,-7.60238083730502],[110.462914737326287,-7.602633582772796],[110.462955882209258,-7.602995069765825],[110.462961761077452,-7.603150833243546],[110.462974639369179,-7.60329856577539],[110.463020316835184,-7.603424990669964],[110.463058472371642,-7.603695827799413],[110.463157656801457,-7.604233705120578],[110.46325684302991,-7.604748226148899],[110.463310231283174,-7.604877441639815],[110.463371261075906,-7.604982358348366],[110.463462830046637,-7.60520026497943],[110.463584913014358,-7.605467281788833],[110.463768014083655,-7.605946765230215],[110.463920575974839,-7.6062554916968],[110.464050298683389,-7.606567337911486],[110.464233413242482,-7.606946450717317],[110.464569076202963,-7.607638329744304],[110.464744570806317,-7.608013140193464],[110.464843757034828,-7.608247731047129],[110.464904786827503,-7.608437977230039],[110.465026869795224,-7.608696918127464],[110.465065001049993,-7.608796102557278],[110.465209959173308,-7.609128911968924],[110.465332042141085,-7.609388796255132],[110.465370174295174,-7.609472264132876],[110.465515130619849,-7.609756448100768],[110.46568298728107,-7.610185590192032],[110.465774555352482,-7.610374892986101],[110.465965261088968,-7.610753498574297],[110.466077702425082,-7.611038508119861],[110.466239917639143,-7.611449680857277],[110.466491700832364,-7.611999503873221],[110.466712944847586,-7.612522099914202],[110.466766358281859,-7.612658956944529],[110.466835027815307,-7.612807250653304],[110.466970606009681,-7.613095096660572],[110.467086786726895,-7.613320803111776],[110.467399600612111,-7.614128575972188],[110.467437730967561,-7.614227276566737],[110.467498785941245,-7.614381760309186],[110.467521660197519,-7.614470937083297],[110.467559815733978,-7.614567267964219],[110.467712390215695,-7.615015488273343],[110.467742904212685,-7.615105604839016],[110.467788701288555,-7.61526294302962],[110.467872604438185,-7.615518543844928],[110.46806335783873,-7.616052605342645],[110.468238829959091,-7.616633374929506],[110.468261729396318,-7.616741652404528],[110.468299884033456,-7.616868935252342],[110.468444816975762,-7.617352456649769],[110.468466157887917,-7.61748597090002],[110.46849785719138,-7.617576175599197],[110.468497302309686,-7.617680817115229],[110.468513488307906,-7.617782079878282],[110.468505871050183,-7.61846015341257],[110.468521103766989,-7.618664230269189],[110.468536385946493,-7.618917439787197],[110.468544003204215,-7.619044746017437],[110.468551642944988,-7.619171591794725],[110.468551642944988,-7.619718054943462],[110.468559260202767,-7.619996530914364],[110.468559260202767,-7.620224447899147],[110.468551642944988,-7.62087437714996],[110.468551642944988,-7.620976898963931],[110.468544003204215,-7.621510472129785],[110.468532565626447,-7.621632072161617],[110.468528745306401,-7.621776085996771],[110.468528745306401,-7.622274380557428],[110.468526486209441,-7.623128251766616],[110.468542897038105,-7.623786961997894],[110.468539664874697,-7.626793990949125],[110.468505871050183,-7.627222014283745],[110.468478141354183,-7.627573222025774],[110.468444445555747,-7.627999998000689],[110.468464198265167,-7.628390602343643],[110.468535942580729,-7.629809478923505],[110.468581466262719,-7.631795932935177],[110.468531598855236,-7.633327552124001],[110.468482069592881,-7.634585625425473],[110.468499475071781,-7.636864506590882],[110.468543781970993,-7.637200950162935],[110.468574519899221,-7.637420060086924],[110.468837113842767,-7.63844948075814],[110.469017877574061,-7.639338760974226],[110.469075545700946,-7.639622465603509],[110.469337995752937,-7.640771547368217],[110.469487580888199,-7.64180379640726],[110.469504494437899,-7.641920511321757],[110.469719353266612,-7.642758412370029],[110.470077671048728,-7.643979408422183],[110.4702399519133,-7.645169859000987],[110.470577972896194,-7.646780123003452],[110.470720307697093,-7.647446804825393],[110.470744504856043,-7.647905155098044],[110.470864490604811,-7.648293583980887],[110.470898341985958,-7.648403170868846],[110.471055117200933,-7.648910699668249],[110.471270012901812,-7.649724667058933],[110.471511646346471,-7.65081442684351],[110.471938217275977,-7.652549519443937],[110.472027474989034,-7.653327337685653],[110.472063383119689,-7.653685627588857],[110.47212983132772,-7.654010280149521],[110.472221374218066,-7.654579613957196],[110.472351074443566,-7.655039778162404],[110.472412104236241,-7.655269606206559],[110.472442424879034,-7.655379830713798],[110.472677631768363,-7.655996700886249],[110.473130864898565,-7.658079380558149],[110.473727388808982,-7.660688750884333],[110.474323625835723,-7.663537445196141],[110.474536457592478,-7.664498459835272],[110.47460991421724,-7.664830146892939],[110.474790216596261,-7.665662479339119],[110.474811318288744,-7.665991366807305],[110.474998486092318,-7.666845790200227],[110.475112905037577,-7.667362678244217],[110.475152296242527,-7.667554320174929],[110.475313271291498,-7.668419548022939],[110.475468639966834,-7.668827919372177],[110.475755079434407,-7.670000959076219],[110.476017266884412,-7.671389361229217],[110.476103748390301,-7.671613045105119],[110.476304236952046,-7.672131617579282],[110.476518770226107,-7.673256705431811],[110.476805801447654,-7.673951097164604],[110.477111112289037,-7.675611112561967],[110.477195421932208,-7.67590963082398],[110.477210851600546,-7.676225174151682],[110.477377728900137,-7.677086946804366],[110.477498276725157,-7.677654624060835],[110.47768781783958,-7.678547204788856],[110.477927301904515,-7.679508303064949],[110.478117879037939,-7.680400824437697],[110.478427485940756,-7.681850784285473],[110.479141735603662,-7.685075634432167],[110.479620449225422,-7.687237038058072],[110.479645516028768,-7.687344225554739],[110.480073912582043,-7.689176116683655],[110.480813669716156,-7.692431829764303],[110.481154119767837,-7.694111548408443],[110.481676598896968,-7.696331817158807],[110.482054521899727,-7.697937798589749],[110.482698426592151,-7.701121593785729],[110.482729407337331,-7.701207488034356],[110.482913247649321,-7.702031286813622],[110.483151276611181,-7.703587184999776],[110.483205727863094,-7.704414283391657],[110.483345468119921,-7.705097204271738],[110.483677064346068,-7.705263092317068],[110.48377239338231,-7.705789720018743],[110.483857728252588,-7.706261139239359],[110.48396305055536,-7.706842978120164],[110.484206602253948,-7.707801605958537],[110.484607761040365,-7.709380596036851],[110.484968869418822,-7.711042958664791],[110.485362810246556,-7.712856473046998],[110.485418977404947,-7.713115037128432],[110.485526732373842,-7.713585719804314],[110.485663761174692,-7.714184277081927],[110.486158835263097,-7.716346809356935],[110.486325798897553,-7.717160713795124],[110.487055552872505,-7.720500002672168],[110.487104704419608,-7.720737058567579],[110.487502179582975,-7.722637052657035],[110.487638377410235,-7.722977877726066],[110.488853715827361,-7.728253638993465],[110.489165944253955,-7.729608998255856],[110.48966680907705,-7.732098574388885],[110.490621574327236,-7.736240028853445],[110.490812316036624,-7.737245419639578],[110.491149998874391,-7.738698822092147],[110.49139499758212,-7.73975399934676],[110.491759984736575,-7.741351364373145],[110.491910316309088,-7.742009288596989],[110.491957127820228,-7.742990574854332],[110.4919074492704,-7.744402530251762],[110.491905613754113,-7.745934206097957],[110.491903607366623,-7.747609473997215],[110.491733925081633,-7.749045219160735],[110.491724009156769,-7.74962465235501],[110.491729735140211,-7.750000446662455],[110.491722493799102,-7.750903882207581],[110.492490198265102,-7.750895104824451],[110.492438891043037,-7.753089555837505],[110.491705134185622,-7.753069670927744],[110.491699220243845,-7.753807517901805],[110.491699220243845,-7.754865624248339],[110.491699220243845,-7.754981009964808],[110.491699220243845,-7.755100636884094],[110.491706815018517,-7.755287721950026],[110.491699220243845,-7.756444205135153],[110.49168396324535,-7.756929741013948],[110.491697438686913,-7.757154878194285],[110.491706860883994,-7.757306540763466],[110.491721966796376,-7.757763147250614],[110.49172967218766,-7.759784708097015],[110.49168396324535,-7.760182549284423],[110.491676754279808,-7.760439889388579],[110.491681366003263,-7.760677504662283],[110.491677416180835,-7.761819021329984],[110.49168396324535,-7.762570368027241],[110.491691577805113,-7.763277020217515],[110.491706860883994,-7.763660042376273],[110.491706860883994,-7.763790710272247],[110.491699554791694,-7.764463094695259],[110.491780946134782,-7.765081980248397],[110.491840210558337,-7.765704275131384],[110.49182751213101,-7.766047173137736],[110.491744992138706,-7.766129613090357],[110.491744992138706,-7.766224463687252],[110.491793927848562,-7.76647455705438],[110.491835671679951,-7.766725356389259],[110.491855203156149,-7.766872295719054],[110.492974420234361,-7.766803877096436],[110.493296202159058,-7.766876750960478],[110.493991720742372,-7.767164767838949],[110.49475922465956,-7.767452871052342],[110.495743225970159,-7.767718954365421],[110.496318215614224,-7.767574600586556],[110.498120923742704,-7.76826594631558],[110.498228750657347,-7.768298347989571],[110.498496335838297,-7.768378758172332],[110.499254642388905,-7.768547202090872],[110.49994770582299,-7.768627086170284],[110.500154605651574,-7.768609970273133],[110.500664089577128,-7.768556130560171],[110.500816239578853,-7.768566426898303],[110.500912988644529,-7.768572973962762],[110.501512734825894,-7.768613558568063],[110.501743795840525,-7.768629195979827],[110.502153782372204,-7.768638194596178],[110.502895544994431,-7.768654476821837],[110.503408598329202,-7.768723315427849],[110.503975167620922,-7.768799334221114],[110.504085027003441,-7.76880859274155],[110.505126654172784,-7.768896390854934],[110.505698992615464,-7.76891860680746],[110.506398532966955,-7.768945750145463],[110.506561714052907,-7.768955803666586],[110.507156855705375,-7.768992471724403],[110.507957871059943,-7.769258680942585],[110.508137656328813,-7.769388846117522],[110.508319377838063,-7.769520413335613],[110.508484344078283,-7.769639849598548],[110.508653154020863,-7.769762066565306],[110.50877848623918,-7.769840395716869],[110.509420452892641,-7.770241603066722],[110.509982012061243,-7.770667514793161],[110.510095827561429,-7.770753839817075],[110.511505064308324,-7.771506010293308],[110.51176208425386,-7.771648691333212],[110.511885356125333,-7.771751386716346],[110.512016567211845,-7.772106983149968],[110.512082179949687,-7.77229007702465],[110.512071853933946,-7.772414571974139],[110.5120343863789,-7.772643479112446],[110.511916716384405,-7.772823413668789],[110.511667337079018,-7.773204747800094],[110.51156009472362,-7.77336873377925],[110.511047800416691,-7.773953317390863],[110.510945376628854,-7.774528294444451],[110.510902936722175,-7.774766552733411],[110.510851329126581,-7.775069069381232],[110.510818876191252,-7.775292083262229],[110.510826122028959,-7.775627580747425],[110.510887150922315,-7.775910847406863],[110.510955822254459,-7.776477789017918],[110.511039726303352,-7.776916940563524],[110.511174811669264,-7.777346680703943],[110.51127403656858,-7.777520330797813],[110.51136779718712,-7.777653672378278],[110.511639269237946,-7.778017511098426],[110.511719307101373,-7.77811752919979],[110.511803900930317,-7.778240804668599],[110.512443526648497,-7.779113739706531],[110.512985225189027,-7.779496650349358],[110.513381736279143,-7.77986533012006],[110.513640399286032,-7.780015007885481],[110.514831538745568,-7.780703047706709],[110.515458607229959,-7.780963843905454],[110.515598935643425,-7.781018317640417],[110.515830008349269,-7.781177147806318],[110.516296394963717,-7.781445002783869],[110.517234808740454,-7.782111612660003],[110.517830456711238,-7.782363082889162],[110.518882754336687,-7.782807336288727],[110.519531252766171,-7.782949900416781],[110.520332326576636,-7.782993278316326],[110.520562320096019,-7.782985975821305],[110.520767199147997,-7.782979471924307],[110.521270766433759,-7.782909375166753],[110.521568297240151,-7.782937979003748],[110.521707923283088,-7.782963515253243],[110.522091494927622,-7.782951598336808],[110.522349755937512,-7.783137171642352],[110.522842978321819,-7.783491575574942],[110.52312839795826,-7.78364597028451],[110.523661873997355,-7.784508064894453],[110.523854560040945,-7.784747486906213],[110.524015716752956,-7.785069849792933],[110.524006433950831,-7.785442954228131],[110.523908702825395,-7.785782654245281],[110.523872068042579,-7.785929613360167],[110.523871850406636,-7.786122686112265],[110.523879818399962,-7.786248938337053],[110.523936606090558,-7.786350407944155],[110.52398778830684,-7.786433568253756],[110.524126472759576,-7.786552577338796],[110.524340102214978,-7.786581181175791],[110.524489253876993,-7.786689413684712],[110.524637717557653,-7.786766940640973],[110.524779733099251,-7.786937293820245],[110.524869984563168,-7.787063430931767],[110.524920998606262,-7.787198093616325],[110.524958877151505,-7.787305508641509],[110.525008698693512,-7.787446802926809],[110.525024598707319,-7.787550654838071],[110.525045283114366,-7.7876857500965],[110.525070170952688,-7.787787372588355],[110.5251782433823,-7.788017083720661],[110.525253878165017,-7.788164302739574],[110.525439855266143,-7.788141328658583],[110.525621023692338,-7.788132498215418],[110.525932607305037,-7.788119962565418],[110.526283870805059,-7.788175680062807],[110.526378771763973,-7.788190657372127],[110.526516134213296,-7.788209079084936],[110.526620784722468,-7.788223113904792],[110.526742934240076,-7.788249562966143],[110.526812538169168,-7.788353943678771],[110.526919551197352,-7.788519854207095],[110.526990958267163,-7.788711799209352],[110.527116194257985,-7.788862021963951],[110.527253929026642,-7.789049779722745],[110.527491931908173,-7.789287678282903],[110.527541897341735,-7.789462832043284],[110.527842602754959,-7.789700798951912],[110.527976984851023,-7.789970384225057],[110.528594257919735,-7.790072269318955],[110.528693490013609,-7.790179447822482],[110.528892952448871,-7.790299108016598],[110.529001545585913,-7.790347387221345],[110.529141406351869,-7.790409567246911],[110.529337611442656,-7.790523397136269],[110.529439317571473,-7.790770431009776],[110.529621649720411,-7.791155429878359],[110.529755444559157,-7.791544558433827],[110.529946751042758,-7.792143083335816],[110.530005022614773,-7.792435343215686],[110.530047944558021,-7.792617501795462],[110.530065062253868,-7.792736479404198],[110.530117783210187,-7.792841844874431],[110.530166044428427,-7.792980371046497],[110.530230014104916,-7.793163363297765],[110.530253754408307,-7.79325632172106],[110.53033113657375,-7.793566311735106],[110.530361494988028,-7.793699940199303],[110.530400770180449,-7.793866729365277],[110.530376374271327,-7.794225691061968],[110.530180901228675,-7.794384832393291],[110.530087870859575,-7.794475251131132],[110.529871823127166,-7.794775579728423],[110.529847614277003,-7.794967013016446],[110.530015272188109,-7.795254388678302],[110.530159119648715,-7.795374210750424],[110.530614822317261,-7.795590109195359],[110.531046475315634,-7.795853845277918],[110.531118119806422,-7.796165047578086],[110.530973737249212,-7.796523875275795],[110.530829328611674,-7.79690663483251],[110.530660869404642,-7.797337233825488],[110.530660256066994,-7.797887681870236],[110.530944130668161,-7.7981311562271],[110.531427790561111,-7.798223587647669],[110.531691814426722,-7.798176015310048],[110.532124027702764,-7.797937167065811],[110.532268276260993,-7.797698001360857],[110.532700754837037,-7.797219828231675],[110.533359647630675,-7.797103234725682],[110.533882454113041,-7.797099821798554],[110.534284721763527,-7.797077978165362],[110.53452154293592,-7.797016642603182],[110.534836812869685,-7.796934989557315],[110.535052919057989,-7.796815564086216],[110.535125465568854,-7.796313059799047],[110.53519803726067,-7.79578662455225],[110.535102576923407,-7.795307868662405],[110.535007145364489,-7.794805180014237],[110.535071853384352,-7.79468360516347],[110.535222524001313,-7.794400521965713],[110.535334155048247,-7.794250589692183],[110.535703795294978,-7.794135832601796],[110.535928063730182,-7.794097186934835],[110.536255828844446,-7.794040707711702],[110.536378937938707,-7.794076964779322],[110.536663645312046,-7.794160815768237],[110.536981687855643,-7.794278070275936],[110.53711940283921,-7.794328842401342],[110.537404094024794,-7.794696155202587],[110.537296418196206,-7.794995800315121],[110.537046255581288,-7.79538179473326],[110.536637885131313,-7.795764268305561],[110.536527622852532,-7.795915122384201],[110.536579493050226,-7.796147050345269],[110.536604314338661,-7.79656900955132],[110.536343691709078,-7.796953737724039],[110.536087028794384,-7.79741333265838],[110.536216729019884,-7.797710866162731],[110.536415099678152,-7.797937355923409],[110.536740004948342,-7.798018132130267],[110.537203591973253,-7.797826429045642],[110.537667629558484,-7.797703930591126],[110.53830501056882,-7.797591136720769],[110.538617671569341,-7.797596857308292],[110.538737008906878,-7.797601946571774],[110.538915584587585,-7.797609562030857],[110.539419393791036,-7.797729772610126],[110.53979620613103,-7.797855494234852],[110.539868670803571,-7.797772268274741],[110.539980436748806,-7.797590380390943],[110.540077124660627,-7.797462617305143],[110.540170493174742,-7.797359392221381],[110.540283623391531,-7.797291738921786],[110.540429226328797,-7.797200930777535],[110.540509689571536,-7.797099222850022],[110.540534340888144,-7.797010443576312],[110.540164167343505,-7.796940808170973],[110.53969854335412,-7.796811007221379],[110.539539973092303,-7.796613419872642],[110.539472076076493,-7.79649044118014],[110.539514807363503,-7.79624964320567],[110.539541159298096,-7.79610249163585],[110.539605886203731,-7.79598980928148],[110.539829671703046,-7.795600221172492],[110.540214068925195,-7.795193785164258],[110.540270430337159,-7.795124504991122],[110.540622565280216,-7.794691644203226],[110.54094410798524,-7.794419666733404],[110.541102948043658,-7.794285310717726],[110.54129399911983,-7.794274311109746],[110.541445713849669,-7.794235250855365],[110.541971104084212,-7.794311790356062],[110.542360202962016,-7.794439580421511],[110.543006170699243,-7.794298698025671],[110.543262830016658,-7.794144048807993],[110.543479268954172,-7.793713495680493],[110.543599928295123,-7.79350772000447],[110.543815848323788,-7.793139479102877],[110.543926898408699,-7.793098082409756],[110.544199953266286,-7.792996297140576],[110.5448480757791,-7.792805532048874],[110.545520169721101,-7.792638725795769],[110.545736477357593,-7.792327833761703],[110.545816089841708,-7.792224841602376],[110.545976780704905,-7.792016967808024],[110.546172010031285,-7.791581811950266],[110.546250063990328,-7.791407833603841],[110.546316541875967,-7.791259656806915],[110.546393700110229,-7.791130267746837],[110.546560131346041,-7.790851176639705],[110.546972222291288,-7.790333330817759],[110.547647754341426,-7.790543047322956],[110.548359506587019,-7.79077684407531],[110.548509288673756,-7.790889129828656],[110.548942593726792,-7.791213961354401],[110.54944562861391,-7.791432360813985],[110.549861111801931,-7.791722224000637],[110.549741287931113,-7.791830527555987],[110.549583331006943,-7.791973297628772],[110.549379252351684,-7.792157754875689],[110.549180215295735,-7.79244604514804],[110.548879475708304,-7.792881641673603],[110.548777405354031,-7.793322686292129],[110.548632910381571,-7.793801184076585],[110.548488234645333,-7.794447211169029],[110.548439728811502,-7.79492580877826],[110.548358245737518,-7.795855065657975],[110.548381498608308,-7.796549136332771],[110.548620521321027,-7.797434895703077],[110.548859570114132,-7.798296725013017],[110.548859237364979,-7.798607848172878],[110.548595164935932,-7.798703296818871],[110.5482590747975,-7.798822601780842],[110.548114962936211,-7.798942110888902],[110.547914832304741,-7.799085491601375],[110.547770437156998,-7.799468259251967],[110.547794022776998,-7.79985120586764],[110.547889548764715,-7.800282094442309],[110.547769203287146,-7.800617022656638],[110.547361249223343,-7.800616587384809],[110.546977291769622,-7.800616174595973],[110.546617177142082,-7.800759385336562],[110.546256831388689,-7.801117988203771],[110.545848409677433,-7.801548337185181],[110.54548788136168,-7.802074464863836],[110.545175320185933,-7.802624579260112],[110.544862837251173,-7.803102893582889],[110.544790350994958,-7.803557535051425],[110.544781907260244,-7.803649074344492],[110.544717504110565,-7.804347232438033],[110.544669119685182,-7.804706168054395],[110.544860765213173,-7.805017498058305],[110.54474046560108,-7.805304558957403],[110.544548225621156,-7.805543677897617],[110.544715950981413,-7.805783182646962],[110.544859573611461,-7.806118394147745],[110.544739223637293,-7.806453320563492],[110.544690787051252,-7.806860121696445],[110.544522492420128,-7.807147132233581],[110.544498106403523,-7.807506093930272],[110.544761745359324,-7.807817501275849],[110.544977516999836,-7.808009193568637],[110.545049085048277,-7.808178402810256],[110.545240819609205,-7.808631724074019],[110.54550422564057,-7.809158522646896],[110.545767813334976,-7.809517794609746],[110.545976722248952,-7.809676883780355],[110.546271356339048,-7.809901255637612],[110.54581513656035,-7.810140092190693],[110.545478882745272,-7.810402990105104],[110.545262592195911,-7.810689946682885],[110.545192592565115,-7.810956363644436],[110.54511800908989,-7.811240240943562],[110.545069416921081,-7.811790637726972],[110.545261116408426,-7.812054103113553],[110.545380665086668,-7.812461084110964],[110.545356306049712,-7.812796113948707],[110.545115988313285,-7.813106978103747],[110.545067577807515,-7.813489847377753],[110.545138975884072,-7.814040372764168],[110.545306677861959,-7.814303812070477],[110.545522194994362,-7.814734829248152],[110.545473033554686,-7.815811742217306],[110.545208482686348,-7.816337974217333],[110.544799995324581,-7.816816184218737],[110.544151444734439,-7.817365932590917],[110.543503101887666,-7.817724221594744],[110.542902727080218,-7.818106492819595],[110.542445900259111,-7.818895772920769],[110.542133320197593,-7.819445882820446],[110.542036909276987,-7.819828698135098],[110.542132381305407,-7.820307452226359],[110.542107809129106,-7.820833942331774],[110.54241926683676,-7.821312930246734],[110.542641794184476,-7.821702262948293],[110.542706701853831,-7.821815825738952],[110.542418172361806,-7.822318096202366],[110.542465593613315,-7.822844661850866],[110.542561092621384,-7.823299484982442],[110.542481901019983,-7.823522473682431],[110.542416658802836,-7.823706180894703],[110.541936764371201,-7.823633862811732],[110.541504763335183,-7.823657327023227],[110.541432557667463,-7.823848709049855],[110.541216333667933,-7.824063867352777],[110.540808200638992,-7.824207016939454],[110.540477190770787,-7.82420312107638],[110.540184340036319,-7.824110608716808],[110.539920156091398,-7.823978520791286],[110.53970462996574,-7.823870760426473],[110.539392726194421,-7.823798622207846],[110.538864781885195,-7.823774112984097],[110.538649083989071,-7.823510619718547],[110.538457095819354,-7.823510410176482],[110.538456859297639,-7.823725802303102],[110.53814479814497,-7.823797258835612],[110.537696906088399,-7.824109187787997],[110.537416539742537,-7.823827684699097],[110.537335324666572,-7.823728061400118],[110.537137198623839,-7.823485032207657],[110.536729275136963,-7.823436718828702],[110.536045015166337,-7.823434851836112],[110.53579335607958,-7.823411759044632],[110.535388316718468,-7.823289622117557],[110.535074113380688,-7.822764787664028],[110.534977025270564,-7.822700085939402],[110.534710518376755,-7.822532488282889],[110.53459674964131,-7.822598215234621],[110.534330158211276,-7.82276396928097],[110.534050308975623,-7.82284950110278],[110.533954712840796,-7.822878718277423],[110.533705983745222,-7.822954739768647],[110.533225879771578,-7.823073871161398],[110.533018249693498,-7.823239141372483],[110.532878485155038,-7.823435686406981],[110.532841156095515,-7.823743556718966],[110.532888913693455,-7.823959001905621],[110.53288854137412,-7.824294056924373],[110.532796639654237,-7.824424673559008],[110.532720285413916,-7.824533195649678],[110.532528108386543,-7.824700510019738],[110.532390189256887,-7.824577980088918],[110.532312334048015,-7.824508809633073],[110.532288651301258,-7.824226060083788],[110.532289029016511,-7.823886539931095],[110.532361276952429,-7.82350375968997],[110.532265563006376,-7.823407864980197],[110.5320495773272,-7.823407623961884],[110.531449451631943,-7.823550553214659],[110.530873191245803,-7.823813169641255],[110.530320956248204,-7.824051882087872],[110.530081291419492,-7.823764423688374],[110.529889383289458,-7.823692413173546],[110.529673260913285,-7.823811835047366],[110.5296548670795,-7.824049101384105],[110.529744721043073,-7.824290564856881],[110.530183117158174,-7.824722234942385],[110.530607814799851,-7.825057366403541],[110.530740790356219,-7.825201346064489],[110.53089545126511,-7.825368807923326],[110.531063200907056,-7.825584387108961],[110.531062906828708,-7.825847643852853],[110.530918914577285,-7.825847482874224],[110.530726977668905,-7.825799406016984],[110.530487098801643,-7.825703408784477],[110.530325692977385,-7.8256300277028],[110.530223245807179,-7.825583452713374],[110.530125086604528,-7.825507143439097],[110.530007446287641,-7.825415685084977],[110.529647196761744,-7.825654608872298],[110.529310999603979,-7.825845694122677],[110.529022935061448,-7.825917170440277],[110.52851907010006,-7.825820877330841],[110.528254815108653,-7.826059907238118],[110.528236387100605,-7.826169409589795],[110.528209059401604,-7.826331810064175],[110.528278194783923,-7.826610379564556],[110.528373813401799,-7.826945540703321],[110.528253684660854,-7.827065069596472],[110.528013697874883,-7.82706480159851],[110.527893972929576,-7.826825342714585],[110.527664087328787,-7.826720826204337],[110.527366133841042,-7.826705088967856],[110.527225900755752,-7.826824686209477],[110.527088123718954,-7.827075279599683],[110.527053287580202,-7.827470576605037],[110.526980965899895,-7.827757686966891],[110.526751907675418,-7.827757429760766],[110.526572987554403,-7.827757229211954],[110.526309189418612,-7.8275894049263],[110.526021420753011,-7.827397621801992],[110.525661466204724,-7.827373285248086],[110.525142343345522,-7.827642640294812],[110.524941121836378,-7.827707529078396],[110.524645450827961,-7.827515736061571],[110.524365368667873,-7.827515422198189],[110.524113039586155,-7.827560876632333],[110.523711834934261,-7.828046146311806],[110.523572646861226,-7.828184634712329],[110.5233086607671,-7.828184337036703],[110.522876871971107,-7.828016322094811],[110.522612776159747,-7.828111753653729],[110.522456195198288,-7.828314271085958],[110.522389817137423,-7.828400121267805],[110.521700467003996,-7.8286142201693],[110.521579927272853,-7.828900354766745],[110.521363527006201,-7.82925909523027],[110.520930836190189,-7.829880847822039],[110.520570496732091,-7.830191560891024],[110.520138078410639,-7.830573988597905],[110.519513695301839,-7.83093226411188],[110.519362852015036,-7.830940524384914],[110.519019411717522,-7.830959325611559],[110.518561055149632,-7.830864554155028],[110.518386950898105,-7.830777494385075],[110.518129322111577,-7.830648669199945],[110.517976710757637,-7.830584384760755],[110.517673560987078,-7.830456688224785],[110.517385630443528,-7.83040849355632],[110.516569748396194,-7.830335762684513],[110.515993746115555,-7.830359034441074],[110.515393801184018,-7.830334412802131],[110.514960075248325,-7.830159917345497],[110.514890295052112,-7.829926982143718],[110.514962846059518,-7.829448416010791],[110.514843265905029,-7.829089292436095],[110.514771794983403,-7.828634492686888],[110.514724294591588,-7.828203656272933],[110.514412423195836,-7.828107567309587],[110.513956168343555,-7.828346365191805],[110.513283784819862,-7.828704576853909],[110.512791796305407,-7.828954666623758],[110.512299359928591,-7.829110290706524],[110.511675391407209,-7.829109568550962],[110.511243690744777,-7.82886974364294],[110.511076283744558,-7.82836696955917],[110.511100897289623,-7.827840484849673],[110.511033335720924,-7.827715012337137],[110.510933268156862,-7.827529168335673],[110.511029626017489,-7.827218159389759],[110.5110301008595,-7.826811308794049],[110.51091063671754,-7.826356453286905],[110.510718759164433,-7.826260501919819],[110.510490602960033,-7.826455468644156],[110.510089892935241,-7.826497062288809],[110.50999888334286,-7.82618786907409],[110.510119351128196,-7.825781156974017],[110.51038350359687,-7.825637868891704],[110.510503749249665,-7.825422617059303],[110.510575966608599,-7.825231241327913],[110.510457119401565,-7.824249873232247],[110.510290049647097,-7.823459909646317],[110.510242360397683,-7.823196597144431],[110.509906912375129,-7.82274149342436],[110.509691372759676,-7.822358322877506],[110.509307705787023,-7.822094620969153],[110.508228170394773,-7.821758309597499],[110.507388422139002,-7.821589805424367],[110.506932480250782,-7.821565339368135],[110.506836260885791,-7.821756686321237],[110.50678778742747,-7.822163482058272],[110.506907470104693,-7.822426877297744],[110.507171285327615,-7.822570778717647],[110.507291023762775,-7.822786312037863],[110.507098669569018,-7.823097207669207],[110.506594646326903,-7.823144485029161],[110.505874495312753,-7.823311168974442],[110.505250223719884,-7.823573693670198],[110.504746340772044,-7.823501305440118],[110.50462631994975,-7.823525097904167],[110.504218487294395,-7.823404956572688],[110.502731317996961,-7.822780964668993],[110.501771748568387,-7.82246871196071],[110.501459882568554,-7.822372614004109],[110.501243897788697,-7.822372357697361],[110.500883750785533,-7.822515527968449],[110.500451523120319,-7.822730409280155],[110.49994738566437,-7.82287340508276],[110.499275429318629,-7.822872608283433],[110.498555533711965,-7.822823891108897],[110.497835581447987,-7.822823034054977],[110.49730750224046,-7.822918134663382],[110.496731565610332,-7.822893514823022],[110.496121396286469,-7.82294977371231],[110.495185728139916,-7.822948656754306],[110.493938203886046,-7.822921243619703],[110.49343688310671,-7.822909772766991],[110.492742661345801,-7.822893888940996],[110.492326810335101,-7.822893388917976],[110.491131706663964,-7.822503162290332],[110.490274234569313,-7.822320691645814],[110.48803992110652,-7.821592251580341],[110.486974716411055,-7.821254010263544],[110.486480832125721,-7.821305247338501],[110.485389545292321,-7.821044727231595],[110.485103202052187,-7.821407245746968],[110.484505609747146,-7.821251001131998],[110.484323835177918,-7.821121183994649],[110.484584473095993,-7.820525359756743],[110.485053509113186,-7.819541004113262],[110.485262069090254,-7.819022875004862],[110.485392626369674,-7.818530569029747],[110.484743118001518,-7.818322425438794],[110.482690449605627,-7.817853369636509],[110.481417306364619,-7.817540778783098],[110.480973613242725,-7.819043545022794],[110.480372752801372,-7.821531044621224],[110.479798486212189,-7.823526114138076],[110.479432881223545,-7.824925297363791],[110.477458418772073,-7.824248958621752],[110.477146658892252,-7.824144896269161],[110.476859178009704,-7.825414578019547],[110.475637966120303,-7.82512795059364],[110.475873533637696,-7.823806368068631],[110.474860349326718,-7.823442240666054],[110.474002754024923,-7.823363415988069],[110.473249220176399,-7.823206960931714],[110.47306650401697,-7.823828791764527],[110.472676772915804,-7.823724628687842],[110.472286815185441,-7.823801898438035],[110.4714806458162,-7.824163757750398],[110.471064500727152,-7.824396508591178],[110.470881814245388,-7.824992419164005],[110.470855399358243,-7.82532933398079],[110.470153057618575,-7.82579499664098],[110.470014499070942,-7.825877666820077],[110.46976290113804,-7.826027778958007],[110.46939860376358,-7.826364270194119],[110.468852106440579,-7.8269078833913],[110.468592066571659,-7.827011232581526],[110.468384008416308,-7.827114648321583],[110.468383809666136,-7.827270160888418],[110.468799600422244,-7.827322523015198],[110.469215454130961,-7.827323046420645],[110.469631472415585,-7.827193973921965],[110.469822921891364,-7.827130602294631],[110.469943493998073,-7.827090691281569],[110.469894369430676,-7.827430556773948],[110.469786173793921,-7.828179094888526],[110.469785583838643,-7.828645638884325],[110.469600336087694,-7.828592604963944],[110.469490767186187,-7.828561238409634],[110.469239968750628,-7.828489438336078],[110.468330579693543,-7.828255020152255],[110.467715958725535,-7.828129358782064],[110.466927431356908,-7.827968139117502],[110.46607676443216,-7.827733782986911],[110.46612246977719,-7.827370982084346],[110.466332144913622,-7.825997535656938],[110.466489440836085,-7.824935051410705],[110.466077702425082,-7.824831846111977],[110.465761930669601,-7.824752696778717],[110.465554170189876,-7.824622839171866],[110.465503409755627,-7.82366376706841],[110.465322960787034,-7.822497179100708],[110.465063616094028,-7.822056226213078],[110.464647899082308,-7.821952022666892],[110.463972244724346,-7.821873406631596],[110.463348837380011,-7.821587505857906],[110.462673314323069,-7.821405213279149],[110.462049773879016,-7.821222986350961],[110.461945447125743,-7.821507961722261],[110.461893100287398,-7.821793005442032],[110.461996197667418,-7.822467032926397],[110.461995866716904,-7.822726223835332],[110.461528003415651,-7.82275154604622],[110.461242206064014,-7.822673423738706],[110.460698102736274,-7.821350857355355],[110.460179757790627,-7.820209754375867],[110.460024348645845,-7.819794850351286],[110.458802298588239,-7.820182073243302],[110.457892199066805,-7.820517852216312],[110.45755422305001,-7.820595175925803],[110.457190255726744,-7.820672466360406],[110.45661796314954,-7.821060514830094],[110.456123640894361,-7.821448664923139],[110.454694701800122,-7.821032116038509],[110.45372654204732,-7.820598677885869],[110.45336932413602,-7.820926727185906],[110.453160995284748,-7.821237484321614],[110.452952498260231,-7.821677838260825],[110.452847556370671,-7.822429354929966],[110.452742513757073,-7.8232586287819],[110.452610701024071,-7.824684004762219],[110.452482501767065,-7.824670299993556],[110.451059824652248,-7.824518210246424],[110.450401799704366,-7.824447862577983],[110.450090082092686,-7.824317861079635],[110.447751264710121,-7.824055616972316],[110.445957980577361,-7.824001428322447],[110.443878837039733,-7.823920937200683],[110.44356423530229,-7.825968125128043],[110.443459343774748,-7.826667797679931],[110.444316832956531,-7.826824443392525],[110.444263613775775,-7.827757456740414],[110.442470456447438,-7.827599576258649],[110.440989167816895,-7.827455060601778],[110.440936392901278,-7.828051130354595],[110.440208649810415,-7.828050163583384],[110.440130296377106,-7.82833516863235],[110.43968859075693,-7.828230905730891],[110.439584905220272,-7.828023416846406],[110.439273014039429,-7.828023002258931],[110.43916804606954,-7.828774512632833],[110.438934198055847,-7.828722362746021],[110.438440579070516,-7.828566192774758],[110.43825826221007,-7.828851058428825],[110.438101933958137,-7.82913596005568],[110.437737922568147,-7.829239150065916],[110.437139993916617,-7.829342028910673],[110.436438134213574,-7.829418848100545],[110.436229022952091,-7.830299814084356],[110.436306021107043,-7.831025647914544],[110.436383610116536,-7.831310859807502],[110.436357131377576,-7.831673691286994],[110.436174567203579,-7.832139987969242],[110.435810342674245,-7.832398688747674],[110.435160253344065,-7.83263108885285],[110.434718264437379,-7.832734172743073],[110.434405985648766,-7.833018863029281],[110.434431803386076,-7.833148492208352],[110.434561443356984,-7.833381936426406],[110.434769231715734,-7.833485890860345],[110.43482103986014,-7.833615556012319],[110.43430044660937,-7.83418507418105],[110.434195992152354,-7.83454780043985],[110.434065477141075,-7.834962327648498],[110.434064708220774,-7.835532543691158],[110.434791868550917,-7.835974142292002],[110.435259466552168,-7.836156201047061],[110.435415099628187,-7.836389680338698],[110.435388830431236,-7.83659699565402],[110.43515970385829,-7.836601352869309],[110.434115218643456,-7.836621208101462],[110.433584818285794,-7.836620494939098],[110.433049574179563,-7.836619774582118],[110.4323998967389,-7.83654114325833],[110.432217430590981,-7.836929681858521],[110.432477204260636,-7.837033707338946],[110.432424484203636,-7.837577933873717],[110.431281110435918,-7.83739496140754],[110.430813441388239,-7.837264733279994],[110.429851655130847,-7.837341190043105],[110.429853488848494,-7.835993409367518],[110.42986267722182,-7.835757609825009],[110.429934283041803,-7.833920001705906],[110.429937033168585,-7.83189832934363],[110.430560676135315,-7.832002847652518],[110.43110641622917,-7.832055422918643],[110.431263418073343,-7.831278066029142],[110.431394287417504,-7.830604349710143],[110.431472611173092,-7.83034526582054],[110.43087474907145,-7.830396296950767],[110.430354930136957,-7.830395594580239],[110.429549317448107,-7.830316750117106],[110.428484324992667,-7.829848768105364],[110.427601767208841,-7.829018164156139],[110.427420291214503,-7.828680972348195],[110.427446920140312,-7.828214467023258],[110.426434306898784,-7.827461443090328],[110.426097028755919,-7.82702036070026],[110.426149720933893,-7.826502055324795],[110.426176525227504,-7.825905954995051],[110.42610859403743,-7.825660152293381],[110.426463379282552,-7.825206535152688],[110.42672377977965,-7.824844023831815],[110.426880360741109,-7.82437769567332],[110.426959607201184,-7.823444721895612],[110.428154461760073,-7.823964720694505],[110.428339608786985,-7.821606347554109],[110.428235682232014,-7.821580288798486],[110.427350701674584,-7.822538090159924],[110.427012827281203,-7.822537630606348],[110.426830185765482,-7.823055762412707],[110.426232652815713,-7.82287351839733],[110.42633703892426,-7.82256263265856],[110.426493406746374,-7.822251817966219],[110.426415576718512,-7.822148036202123],[110.426180990361445,-7.822640177601329],[110.425661253265275,-7.822587632912132],[110.425167541649785,-7.822509203935795],[110.424751766182112,-7.822456798641554],[110.424439774277232,-7.822534130444978],[110.424288683676878,-7.82245669611882],[110.423374915820773,-7.821988381357926],[110.422856564579831,-7.821758773647673],[110.422668249241383,-7.821791650163732],[110.42243947520268,-7.821831588156442],[110.421867688044415,-7.821830805746288],[110.421712173678941,-7.821519565674635],[110.421400468657737,-7.821389544391138],[110.421375049320091,-7.820974805841786],[110.421531420739541,-7.820663993847461],[110.421973540947192,-7.820457246903629],[110.422311805646359,-7.820172603382161],[110.422779773268985,-7.820069568055317],[110.422883948036826,-7.819914195782701],[110.422572564073619,-7.819550904749633],[110.422209200195482,-7.819187542670136],[110.422131586004923,-7.818928248339205],[110.422261751179917,-7.818772912039435],[110.422521759572589,-7.818695510988221],[110.422833604888012,-7.818721856627576],[110.423015714904352,-7.818592509835639],[110.423016000888765,-7.818385159446734],[110.422886583949719,-7.81799619906451],[110.422497408629567,-7.817503206906679],[110.421640128090473,-7.817216926619039],[110.421120613126845,-7.817008863967089],[110.42099112694001,-7.816671741406935],[110.421017688416612,-7.816257073904012],[110.421381939925652,-7.815972463657488],[110.421616243895585,-7.815687677143785],[110.421409214564619,-7.815039422430573],[110.421280087207322,-7.814443108961484],[110.421358662773116,-7.81400259494302],[110.421619203564433,-7.813536411575342],[110.421853647828641,-7.813147947618859],[110.421880315425256,-7.812655523832575],[110.421777353842856,-7.811929654029484],[110.421720823358385,-7.811812150409594],[110.421440449817965,-7.811229381629857],[110.421129252014396,-7.810736497390621],[110.421000374668608,-7.809958751994031],[110.421104868695807,-7.809570110871107],[110.421183444261601,-7.809129596852586],[110.421210182904645,-7.808585336143551],[110.421132997690734,-7.808015013980878],[110.42100380018627,-7.807470540132499],[110.421030716895132,-7.806796685317977],[110.421187153065716,-7.806434032803566],[110.421447439348867,-7.806149281363446],[110.421603696554371,-7.805916224753162],[110.421812145914828,-7.805527725723152],[110.421939244401642,-7.805131238015406],[110.421994854879699,-7.804957758792739],[110.422099702340461,-7.804309928559576],[110.422178168188964,-7.803947170824472],[110.422281082107304,-7.803135119889077],[110.422492492935248,-7.802159193591081],[110.422623932449596,-7.801070778292967],[110.422781110560834,-7.800163829096618],[110.422703961319826,-7.799567586673959],[110.422470875931253,-7.798971132910651],[110.422356067579528,-7.79863675777932],[110.422277332833687,-7.798474773691055],[110.422349847868247,-7.798091958376347],[110.422542346852879,-7.79770930763766],[110.422662757081639,-7.797398353550363],[110.42278346138869,-7.796872011833102],[110.42285620575035,-7.796321672606325],[110.422616632652534,-7.796034159348153],[110.422329265084556,-7.795602989285726],[110.422017769605418,-7.7952675151829],[110.421706010624916,-7.795123495951771],[110.421490337909802,-7.794907813344082],[110.421514958649482,-7.794453136802019],[110.421491323566784,-7.794189851279782],[110.420964355022022,-7.793495098918868],[110.420820804337723,-7.793183785102769],[110.420821232414994,-7.79287266823826],[110.420917578584408,-7.792609546392669],[110.420845917905808,-7.792370127078925],[110.420438473757599,-7.792010588017433],[110.420342883018691,-7.791723271710794],[110.420271288889921,-7.791435987779835],[110.420511713645737,-7.791101267308818],[110.420823829657081,-7.790982033393334],[110.421208001149353,-7.790815032886655],[110.421400135009264,-7.790695636193846],[110.421448455582834,-7.790456379657371],[110.42111257408709,-7.790408057285219],[110.420752794007285,-7.790287904262584],[110.420633207557557,-7.790000554681058],[110.42065746676974,-7.789809133084248],[110.420921754136714,-7.789570172424703],[110.42113808335688,-7.789307214255757],[110.421114348449464,-7.789115723411101],[110.420994728724793,-7.788852305688579],[110.4208991074089,-7.788588923039583],[110.420971357143458,-7.788397564395268],[110.421187880617254,-7.787991014173144],[110.421188373445716,-7.787632031792043],[110.421045317388518,-7.786961739192122],[110.420806079737815,-7.786434902847702],[110.419699919916411,-7.786550060136335],[110.418310128310793,-7.786694740369171],[110.416419399936387,-7.78684212396405],[110.416198244054783,-7.786859363068345],[110.413702355580313,-7.787071308093573],[110.411878422552206,-7.78723630581004],[110.410500177342385,-7.78733256564459],[110.410198533036919,-7.787353634062185],[110.409358637292314,-7.787376396802472],[110.409240130928367,-7.786323219640053],[110.408568109831435,-7.786418010881675],[110.408447526033569,-7.78684861976717],[110.408422725429489,-7.787422953805446],[110.406838750409065,-7.787588268083312],[110.406598789703423,-7.78758793083756],[110.406431457346912,-7.787132987196799],[110.406624200047816,-7.786582819740545],[110.406865068169395,-7.785936991398216],[110.406673202307502,-7.785864925125395],[110.40667350358035,-7.785649536596054],[110.406313735191759,-7.785529373680845],[110.405711711027664,-7.787036250721599],[110.405543705978289,-7.787059947857529],[110.403936210089057,-7.786890165747764],[110.403718756716273,-7.787942870766074],[110.40165496010934,-7.788035690693789],[110.400191031092277,-7.78815328334656],[110.399039084087519,-7.788247379412212],[110.398439113974973,-7.788294393270803],[110.39843950068348,-7.788023964433592],[110.398464100738693,-7.78760039993773],[110.398512468077001,-7.787337215139587],[110.39865685423149,-7.787050236078755],[110.398849094211357,-7.786859052802242],[110.399065739992977,-7.786380718694431],[110.399162269624071,-7.785997942949905],[110.399042732637042,-7.785686657012832],[110.398802978775507,-7.785542725015944],[110.398563019868504,-7.785542384172913],[110.398418668787599,-7.78580543227406],[110.398226393734149,-7.786020548308841],[110.398130000799938,-7.786307594818823],[110.397793988902492,-7.786354981896068],[110.397074076208696,-7.786377891225868],[110.39724109110449,-7.78704822609393],[110.397144047061147,-7.787789980622279],[110.397188690306848,-7.788059496647634],[110.397239209722784,-7.788364483733119],[110.397111147162775,-7.788373424792894],[110.396025045820238,-7.788449243037348],[110.39589529343408,-7.788458299210333],[110.395367963361878,-7.788050703976012],[110.395176580435873,-7.787643585382341],[110.39476950500972,-7.78704470524815],[110.394434076772257,-7.786685245327021],[110.393402940194562,-7.786205130561541],[110.392443725098872,-7.78577298113737],[110.392084234600816,-7.785461349860611],[110.391342262436524,-7.784144024726174],[110.390193231033834,-7.782227814061571],[110.38940327913906,-7.780910416981328],[110.388780502219447,-7.780143696373671],[110.38843387202661,-7.779875978093116],[110.387509606384299,-7.779543565282495],[110.385566459225743,-7.779205707076926],[110.383935220335218,-7.778892225894708],[110.380912214927832,-7.778600644103619],[110.380762190024086,-7.778581717871191],[110.380644422003513,-7.778566861970319],[110.38033643028308,-7.778528007660611],[110.379928999624667,-7.778192366283861],[110.37937847783553,-7.777258214394294],[110.378947335652072,-7.776731080374248],[110.378563692961109,-7.776539061627602],[110.377916031800453,-7.776394521689042],[110.37686013328954,-7.776464770432028],[110.375636268400115,-7.776534767364808],[110.375060701391305,-7.776318534372081],[110.37407714344647,-7.776149560752799],[110.373261765918812,-7.775837242394005],[110.3728062107391,-7.775597250212115],[110.372782038761102,-7.775716875332705],[110.372614108355435,-7.775692694361567],[110.371918707583347,-7.775380551370517],[110.371390920655529,-7.775307974282782],[110.370935119061528,-7.775235504214322],[110.370206278797752,-7.775178315426103],[110.370047439638654,-7.775138460170979],[110.369855907425233,-7.774850991878964],[110.369280594924589,-7.774467226880233],[110.369329514446576,-7.773845069593506],[110.369299106569542,-7.773757311949566],[110.369255134218122,-7.773445097912145],[110.369235089229051,-7.773337306970348],[110.369227665325525,-7.773246821682676],[110.369187955760594,-7.772762871308657],[110.369212595385989,-7.772332132021461],[110.369093511657297,-7.771733658380811],[110.369093942432528,-7.771446474274569],[110.369131773313711,-7.771074731412909],[110.369142646117268,-7.770967908141643],[110.369119330293927,-7.770513165949069],[110.36911986539053,-7.770154188963829],[110.369051194957706,-7.769959209649016],[110.368976503563829,-7.769747134222087],[110.3688569216107,-7.769483704808351],[110.368065377915912,-7.769291071824682],[110.36787227368751,-7.770056607125923],[110.367726301128926,-7.771396578988117],[110.367629854235417,-7.771707550162489],[110.366910076439922,-7.771658612654051],[110.366550260387271,-7.771586281081227],[110.366574721946904,-7.771275202887523],[110.366526982335415,-7.771107607928968],[110.366575798435406,-7.770557247118461],[110.366600222223497,-7.770270099884385],[110.366024524813042,-7.77014958173703],[110.365952001684605,-7.770508451702881],[110.365735939563024,-7.770579925322465],[110.365328062840888,-7.770555384622526],[110.365112182382347,-7.770507198047937],[110.365029167762941,-7.770449055978361],[110.364872484278749,-7.77033931620565],[110.36477966525041,-7.770153471304866],[110.364728946184982,-7.770051918960064],[110.364801327220505,-7.769788777329381],[110.365281690198913,-7.769478379023155],[110.365569950793656,-7.769263422168422],[110.365642294957013,-7.769024209698728],[110.365522643756037,-7.768808644902208],[110.365187148968801,-7.768520960772889],[110.364467376569223,-7.768472022365131],[110.363879017603608,-7.768451579875716],[110.363747570894702,-7.768447013118362],[110.363387288993238,-7.768685792114809],[110.363099242437158,-7.768757156017159],[110.362811304698994,-7.768756724342552],[110.362619671761479,-7.768541049828798],[110.361803777123669,-7.768587689569415],[110.361304182143328,-7.768611524301605],[110.360603967300278,-7.768633749247329],[110.360651125050424,-7.769184253949334],[110.359691368562835,-7.769158877779205],[110.358995737564271,-7.769014236217231],[110.357220634126008,-7.768676509312627],[110.356405249403792,-7.768388093135172],[110.356021552753475,-7.768243920120028],[110.355684824096386,-7.768769911101685],[110.354486438799142,-7.7678826129914],[110.353695530025732,-7.767283115022963],[110.352520853555575,-7.766587302361302],[110.35215921817445,-7.766478273053053],[110.352184922597132,-7.766591101097617],[110.352184782302913,-7.766682518082916],[110.352616026109786,-7.767113948948804],[110.352759432003211,-7.767305262626962],[110.352759152314093,-7.767664601139643],[110.35261448557111,-7.768119084327452],[110.352626797289929,-7.768372375683782],[110.352637749233793,-7.76859775837903],[110.353066869741269,-7.770417231669114],[110.353259432577772,-7.770893060265735],[110.353427148944832,-7.771321472107445],[110.353468628375538,-7.771762995165318],[110.353304072226194,-7.772212481719862],[110.352800104742073,-7.772259578316095],[110.352466214345384,-7.772200697003768],[110.352128723962494,-7.771947441620341],[110.351937278083938,-7.771612104214455],[110.351856134054401,-7.771138374635484],[110.351818368823729,-7.770917897741981],[110.351651248707185,-7.770367211376879],[110.351412254772811,-7.769744617019683],[110.351148385590591,-7.769696352204107],[110.351139602811486,-7.769602855986193],[110.351049561788898,-7.768670491948853],[110.350911011335143,-7.768020758750197],[110.350310590662275,-7.768378819326244],[110.350118266146126,-7.768617843837603],[110.34978112559952,-7.769407078972733],[110.349108535231778,-7.769884686428327],[110.34896441977321,-7.769980192630953],[110.34894644772146,-7.7702019231794],[110.348968628600403,-7.770329177248925],[110.348987641167753,-7.770482796742897],[110.349121194988186,-7.770839672911791],[110.349104740092741,-7.772349659808128],[110.348670949405857,-7.773569518217869],[110.348406412926636,-7.773952020568515],[110.347925183001848,-7.774812829147947],[110.34761239789492,-7.775362780766898],[110.347538601326448,-7.776535326743158],[110.347537383644408,-7.777322577074472],[110.347537195686073,-7.777444733786638],[110.347655875619239,-7.777665370759451],[110.347704680927336,-7.777756105159312],[110.347732496058882,-7.777905329666453],[110.347778449616783,-7.778165613251645],[110.347799663724572,-7.778402410142292],[110.347673049972343,-7.778725649868022],[110.347631031847698,-7.778832923699667],[110.347647063162469,-7.778946090788679],[110.34770224016728,-7.779335601555943],[110.347712921415223,-7.779682426002353],[110.347716534891219,-7.779799738066629],[110.347725090141864,-7.780077523358216],[110.347700354288975,-7.780556121866709],[110.347505948741571,-7.782135324185049],[110.346330390935861,-7.783604545712421],[110.346100985573059,-7.783579281957486],[110.346308837783681,-7.783639636359339],[110.346279586434832,-7.783808663038542],[110.346278584590038,-7.784454819633424],[110.346349125612676,-7.78538826915252],[110.34594514835095,-7.78558149209141],[110.345700760282909,-7.785698382373653],[110.345388443722754,-7.785937218926733],[110.345171927443516,-7.786295862263444],[110.345098775688996,-7.786656863622568],[110.344976161221894,-7.787089094885005],[110.34488223063147,-7.787420209074583],[110.344761508337967,-7.78789865829566],[110.344711991666145,-7.788879785373013],[110.344735690600714,-7.789071277116932],[110.344543387668239,-7.789286366172064],[110.344350008247318,-7.790195474640655],[110.343843971423212,-7.791558803695011],[110.343627409278554,-7.791941377991407],[110.342883683436298,-7.791844496725332],[110.342547775860226,-7.791820045058216],[110.342235380159707,-7.792106740832594],[110.341035504685863,-7.792152739356652],[110.340195570270396,-7.792199296359627],[110.339763454121169,-7.79231828206224],[110.339714336748273,-7.793036158690938],[110.339599190251477,-7.793515155599152],[110.339798218314172,-7.794176937914528],[110.339205804305493,-7.795978974249465],[110.338988974162874,-7.796529065263371],[110.338723699340278,-7.797366263041795],[110.338564179394382,-7.797980971244044],[110.338195104821295,-7.797796210026263],[110.337739325710345,-7.797699769427993],[110.337187296657476,-7.797770700756416],[110.336395532628785,-7.797697665014425],[110.336275777106493,-7.797553886801609],[110.336083920237797,-7.797481791750499],[110.335987143293096,-7.797984206105411],[110.335075319771249,-7.797958843425079],[110.334954846589937,-7.798269766935391],[110.33421103711072,-7.798220734098777],[110.333752229982451,-7.800038824231535],[110.333128283944177,-7.800061773131517],[110.333128739001154,-7.799774594421194],[110.332960763629387,-7.799774329121192],[110.332960348142592,-7.800037577771207],[110.332792371871506,-7.800037313370524],[110.332719587040344,-7.800539764597659],[110.332383711839896,-7.800491372078341],[110.332023881398072,-7.800419008129893],[110.33183168098833,-7.800562296212206],[110.331807455950354,-7.800705847795825],[110.331734517335178,-7.801304025559546],[110.331613698814181,-7.8018303331026],[110.331414240875574,-7.802191547601012],[110.331511680620622,-7.802301782000825],[110.332022026996015,-7.802840975030165],[110.33221167512977,-7.803051794104192],[110.332259212393808,-7.803339050156239],[110.332234874041262,-7.803554398216079],[110.332090628180993,-7.803721691901728],[110.331658726969692,-7.803697079255983],[110.331298740045838,-7.803720440944801],[110.330938486023342,-7.803911324747048],[110.330554006962871,-7.804245761032234],[110.330217291795634,-7.804723863114987],[110.330024899830335,-7.804986806894817],[110.330024557188608,-7.80520219092756],[110.33019615143229,-7.80550277223432],[110.330527384332356,-7.805897007140345],[110.330717517200696,-7.80602385381701],[110.330838807865746,-7.80623254419578],[110.330766476292865,-7.806447814913895],[110.330429910413102,-7.806830189560799],[110.330261399045355,-7.807164966689072],[110.33021198129893,-7.807608131908978],[110.330139156897644,-7.80769508196164],[110.329804240374415,-7.807930056825853],[110.329516582325482,-7.807738147796499],[110.3291569740162,-7.80752219269425],[110.328758427760306,-7.807428003099062],[110.328788133266755,-7.807265082816514],[110.328894114772652,-7.806827755995357],[110.328928054287303,-7.806272911165138],[110.32870313384359,-7.806205228187935],[110.328199356116443,-7.806108702154063],[110.328176161701549,-7.805606098941496],[110.327888239251877,-7.805581710226932],[110.327793171019096,-7.805007198122894],[110.327649189559509,-7.805006968795794],[110.327599438164611,-7.806107747973385],[110.327071584686905,-7.806059045187965],[110.326735708587137,-7.806010648172048],[110.326687217142421,-7.806321682298972],[110.325895209397459,-7.806392217026371],[110.325727231327733,-7.80639194812909],[110.325175883061604,-7.806032093405577],[110.324768169116737,-7.805887852041906],[110.324312231725173,-7.805887125389745],[110.323616557559149,-7.805742421774539],[110.323520647560883,-7.805694406071154],[110.323255915029506,-7.806172616072558],[110.323063516768912,-7.80643555625511],[110.322631191077676,-7.806674180568166],[110.322319156005278,-7.806721546061681],[110.322054999040006,-7.806840779977222],[110.321287219030978,-7.806767753228428],[110.320063771426931,-7.806526472318012],[110.318696383732174,-7.806261023026991],[110.31845622427636,-7.806380294714018],[110.318240177443272,-7.806427810394325],[110.317424405113229,-7.806354699109249],[110.316702015686531,-7.807885158172724],[110.316485268281554,-7.808363441019196],[110.316507980659821,-7.809153221143447],[110.316218852219322,-7.809870702969761],[110.316073546058362,-7.810684143357719],[110.31599956782685,-7.811904537763382],[110.315878572139411,-7.812526564648408],[110.315636963875818,-7.813531301627449],[110.315636691381258,-7.813698822841616],[110.315803931107553,-7.814153794361289],[110.315826836840074,-7.814823917888702],[110.315826290951634,-7.815158959417658],[110.315609655062588,-7.815565446687231],[110.315417481632494,-7.815684793917285],[110.31532118042918,-7.815876091407688],[110.315344087061021,-7.816546213136405],[110.315223436713268,-7.816952855089369],[110.315054597093024,-7.817479077196879],[110.315462356903311,-7.817599395694742],[110.315341588744388,-7.818077833224606],[110.315189870417214,-7.819087798862029],[110.3151475051543,-7.819369826255695],[110.315698741904441,-7.819801489146585],[110.316226570201081,-7.819874139079445],[110.316850854384484,-7.819659764985374],[110.317306844836082,-7.81963657236912],[110.317618578635518,-7.819780665344638],[110.317858086982199,-7.820068231662731],[110.317808964213384,-7.820762170137243],[110.317879750750933,-7.821504163885265],[110.318070994281982,-7.82195917497512],[110.317998067357962,-7.822533416383237],[110.317949217083765,-7.823059833643583],[110.317564437649708,-7.823561775854444],[110.317012062357833,-7.823824128779734],[110.316876421210907,-7.823803322064862],[110.315908441322563,-7.82365482061266],[110.314876736373321,-7.823533488578846],[110.313053227825264,-7.823339072239605],[110.312285420836531,-7.82326602840368],[110.311517574277673,-7.82321691193016],[110.310917712983098,-7.82316806974984],[110.310150220757123,-7.822903569243522],[110.309286582910545,-7.822734635194479],[110.308302958415823,-7.822565504193847],[110.30758330562611,-7.822396802169862],[110.307271733704567,-7.822156973664619],[110.30707935792708,-7.822395973894288],[110.30683851318787,-7.822922074593237],[110.306693618017107,-7.823472263633278],[110.306836773899022,-7.823975061998681],[110.306763318173637,-7.824860410378847],[110.306618104642837,-7.825602048894609],[110.306377140293819,-7.826199943371876],[110.306328670432833,-7.826487042042572],[110.306400149448393,-7.826798268624373],[110.306567499791356,-7.82718145086244],[110.306566867567938,-7.827564356109349],[110.307118738340137,-7.82761312634392],[110.307189824351951,-7.828163667018828],[110.307237225818369,-7.828522718647719],[110.30687713996906,-7.82859392067212],[110.306660921365449,-7.828737155694398],[110.306660361087836,-7.829075831383705],[110.306239596181456,-7.828902988881055],[110.306084812065478,-7.828831935244807],[110.305492643571711,-7.828580945253634],[110.304933743698371,-7.828327475831543],[110.304853988222021,-7.828223728241653],[110.304694281217166,-7.828015972258527],[110.30458249908412,-7.827990052897803],[110.304070575297885,-7.827871354078923],[110.303086981380147,-7.827678277729547],[110.301599393897959,-7.82750829686961],[110.301403696924126,-7.827517979870095],[110.300663400196811,-7.827554609256993],[110.299655410369951,-7.827600800235928],[110.298671700439684,-7.827479508671559],[110.298071913788817,-7.827382783887572],[110.297927247045834,-7.827789379975115],[110.297662949786343,-7.827980392380425],[110.297254826649976,-7.828075438130156],[110.297038083741597,-7.828529775627828],[110.296700749840795,-7.829342885964593],[110.296315618771814,-7.830036256966878],[110.295764107728417,-7.829772090109088],[110.29550009105742,-7.829795581300232],[110.29528346596021,-7.830178123221003],[110.295162912739272,-7.830512963301828],[110.294537838951157,-7.831182000448166],[110.294321453972941,-7.831420952114456],[110.294224857792017,-7.831779762725091],[110.293767484183093,-7.832616599875394],[110.293214399326132,-7.8332857548329],[110.292829298834135,-7.833955191278278],[110.292013320559363,-7.833977754369073],[110.290957200815228,-7.834095634804896],[110.289493475044878,-7.833997445025261],[110.28872569773381,-7.833900424364288],[110.288540754852988,-7.833647150095089],[110.288270789166631,-7.833277437003289],[110.288055620071873,-7.83279844639037],[110.287840816101834,-7.83210406994607],[110.287625769314843,-7.831553281957611],[110.28753054909663,-7.831098421953811],[110.287603234103017,-7.830691710753058],[110.287195351085643,-7.83064315905375],[110.286500347813842,-7.830091558977472],[110.285924682778955,-7.829923064696857],[110.285205115424787,-7.829706462982074],[110.285080720300073,-7.829700972620969],[110.285177854275616,-7.829031056836982],[110.285346492447729,-7.828648440272502],[110.285419464337849,-7.828074207857583],[110.285732128036329,-7.827667901351788],[110.286116823833424,-7.827237786194075],[110.286405243608158,-7.826975028573884],[110.286741497423236,-7.826808076630641],[110.287149986583643,-7.826497657640004],[110.2871507600006,-7.826042961312794],[110.287127777825731,-7.825444635160977],[110.287152509182022,-7.825013910262953],[110.287369136077814,-7.824631371939461],[110.287489896142858,-7.824176878859078],[110.287562823066878,-7.823626578303163],[110.28763373730817,-7.823183338439492],[110.287612321752306,-7.82274119574879],[110.28761317520889,-7.822238636603004],[110.287517631234721,-7.821975227873679],[110.287419421669995,-7.821734661924324],[110.287302547575564,-7.821448372643488],[110.2870392269798,-7.821065024930135],[110.286967843292359,-7.820705931932423],[110.286608493987842,-7.82034635240143],[110.286462073566895,-7.820246081590597],[110.28615307280711,-7.8200344729118],[110.28591285579472,-7.819912460990452],[110.285841839930015,-7.819603181440868],[110.285818291182238,-7.819339894119992],[110.285962843711332,-7.819005097206684],[110.285864768145586,-7.818915879963072],[110.285679880123439,-7.818726477344228],[110.285430054754272,-7.818254445685341],[110.285121556715524,-7.817927587087695],[110.285052904269151,-7.817854847222634],[110.284045184238892,-7.817757414672144],[110.283085747010659,-7.817492540947228],[110.282791398904976,-7.817387141302731],[110.282527037793614,-7.817292477764852],[110.282414235829378,-7.817252084715108],[110.282042484873841,-7.817131795894852],[110.282175081815637,-7.816773050934728],[110.282415666650763,-7.816414487637701],[110.282608010952003,-7.816199430058873],[110.282752360234269,-7.815984292440362],[110.282896914562002,-7.815649497325637],[110.283065915160876,-7.815051496728415],[110.283210754573702,-7.81454918309754],[110.283379469188219,-7.814118701915731],[110.283523900308808,-7.813855699680005],[110.283692408079219,-7.813544876893729],[110.283644985029071,-7.813209756224467],[110.2833816302591,-7.81285033587352],[110.283094158369749,-7.812562673327932],[110.283166596961905,-7.812299548784324],[110.283167578122288,-7.811725194960957],[110.28316867889248,-7.811079047359328],[110.283145498866702,-7.810600377804406],[110.283050285843046,-7.810145518699926],[110.282954993679084,-7.809738522414079],[110.283051837173616,-7.809236125146242],[110.282980582089237,-7.808805236571629],[110.282735667018471,-7.808582798256737],[110.282645200616571,-7.808469626671126],[110.282693764007035,-7.808134669678452],[110.282718373954822,-7.807775740357329],[110.282685500136779,-7.807560300566593],[110.282406784946204,-7.807559828422541],[110.282022839183753,-7.807559176414031],[110.281806911061153,-7.807534876732348],[110.281748905688517,-7.807460239297825],[110.281639301713426,-7.807319211211848],[110.281520840315579,-7.807166777923669],[110.281473953261354,-7.807089071102951],[110.281520218884054,-7.806792515161646],[110.281928651387204,-7.806506031627237],[110.282193019693125,-7.806267165396548],[110.282505260710252,-7.806100174782443],[110.282745430058583,-7.805980922880508],[110.283033796773339,-7.805742098018584],[110.283298123710495,-7.80552716274758],[110.283682597374991,-7.805216705086082],[110.284104076343112,-7.805170722749835],[110.284426569631535,-7.805170101318311],[110.284565726228323,-7.805232835326308],[110.284906133112599,-7.805386295640233],[110.285050477898267,-7.805171157122402],[110.285267219008006,-7.804716824121329],[110.285411562894353,-7.804501682905538],[110.285795667836851,-7.804406606578823],[110.286246967424631,-7.804297117716999],[110.286227866723721,-7.80414335343221],[110.286132714853977,-7.803761026449422],[110.286373002912796,-7.803569978970529],[110.286493512066954,-7.803259073446668],[110.286278073175595,-7.80294759955126],[110.286062592016037,-7.802660058414176],[110.285861955066196,-7.802372394969268],[110.285943544260192,-7.802109433202986],[110.286087928616041,-7.801870361926831],[110.286280102046135,-7.801751029085892],[110.286424444133843,-7.801535887870102],[110.286472965256166,-7.801224860038474],[110.286473654136898,-7.800818025630576],[110.286497975402312,-7.800626614825603],[110.286714265052353,-7.800435527776585],[110.286858729447829,-7.800148592782534],[110.28707485721992,-7.800053232270045],[110.287482953376639,-7.799958191916232],[110.287747640042596,-7.799527869914471],[110.288036484297379,-7.799001862744944],[110.288324803348019,-7.798786963446787],[110.288709063873227,-7.798596156986264],[110.289093486276442,-7.798309624888475],[110.289453831130459,-7.798070915139817],[110.289454315865044,-7.797783737328814],[110.289350448665346,-7.797679799982006],[110.289178921870814,-7.797517932805533],[110.288951126294478,-7.797352124799943],[110.288951691968066,-7.797017084170307],[110.288977785797215,-7.796871047759851],[110.289024366182616,-7.796610372070234],[110.289192944100137,-7.796251681069407],[110.289433709698983,-7.795773453980928],[110.289530421892493,-7.795342848692712],[110.289489106138376,-7.794946762981908],[110.289651571363947,-7.794649037921943],[110.289988157928178,-7.794266699247942],[110.290162317038323,-7.793999254361268],[110.290225237205959,-7.793836483366192],[110.289725655715472,-7.793404722449168],[110.28871924689679,-7.792565431049013],[110.287813970439458,-7.791792071646],[110.287736835587566,-7.791726177420344],[110.287161908896053,-7.791150854127807],[110.286730879127788,-7.790623635571535],[110.286323884640638,-7.79007252472644],[110.286373091046357,-7.789354663386177],[110.286494810687998,-7.788325811985828],[110.286495013035449,-7.788206153590295],[110.286207512367866,-7.787942424702351],[110.287119988797485,-7.787561056396839],[110.28817631358703,-7.787251721089262],[110.288416511713706,-7.787108533731043],[110.288441595604183,-7.786462425699597],[110.288659089446469,-7.785553391874714],[110.288227495803312,-7.785361215746718],[110.287076041627074,-7.785167829131183],[110.286596379220555,-7.785023433983497],[110.286596783016194,-7.78478411899107],[110.286166288344589,-7.784697496291642],[110.285997104283979,-7.784663451556241],[110.285828609104101,-7.784974277939796],[110.285660075253304,-7.785309036182298],[110.285611192603483,-7.785835447147349],[110.285107169361424,-7.785906391965625],[110.284795309656886,-7.785858002144266],[110.284219096035486,-7.786048483050251],[110.283954578442092,-7.786383077616108],[110.283642231304952,-7.78662186470649],[110.283089930656843,-7.786860246202593],[110.2816744867892,-7.786690330093847],[110.28057752163636,-7.786509069037493],[110.280211175606325,-7.786448533871919],[110.279769621072205,-7.786321516324108],[110.279419860339317,-7.786136079715504],[110.278868091190475,-7.786063347944321],[110.278555741355433,-7.786302131437424],[110.277810081970756,-7.787353847201473],[110.277281158299843,-7.787951231763145],[110.277088661113851,-7.788262013180542],[110.277087881401656,-7.788716710407073],[110.276847147279057,-7.78917099664335],[110.276726757734707,-7.789410106590367],[110.276461286859956,-7.790295117724725],[110.275811228106761,-7.791562374902867],[110.27569079809291,-7.791825414910193],[110.274395774346544,-7.791392432713792],[110.27350500665176,-7.793090039772721],[110.273264059389874,-7.793663980807253],[110.271810626360377,-7.793475332719652],[110.27168096120846,-7.793302290567453],[110.271493982262541,-7.793156736193623],[110.271297359886319,-7.793110180089911],[110.271009164042709,-7.793253272120012],[110.270852626248768,-7.793297586213839],[110.270454973918959,-7.793230707230578],[110.270289043605544,-7.793395622209403],[110.270216683254375,-7.793610879437722],[110.270168317714763,-7.793826178934182],[110.269976103815168,-7.793969437338831],[110.269719697207279,-7.793946218642247],[110.269208116062771,-7.794039907315039],[110.268896046816167,-7.794111162399417],[110.268703789749168,-7.794278350864374],[110.268607307782077,-7.79456536140151],[110.268414926608614,-7.794804342745408],[110.268438630939102,-7.79497190263038],[110.268414137003845,-7.795259039072619],[110.268317696405632,-7.79552211775075],[110.268005419415601,-7.795713029431965],[110.267752720712565,-7.795781291572553],[110.267285792706218,-7.795568196314377],[110.266686396361138,-7.79527998338375],[110.265271895882336,-7.794559586854632],[110.264528697042806,-7.794175395577213],[110.264378959022793,-7.794187203675733],[110.264168887285393,-7.794102976770148],[110.263956299244853,-7.794060189725144],[110.263616859131787,-7.794173811871133],[110.263496378755917,-7.794460779240751],[110.263279748262846,-7.794843304973767],[110.263302991241119,-7.795274110810738],[110.26320654704557,-7.795537187690229],[110.2628461482322,-7.795799806814841],[110.262365477685705,-7.796229734014219],[110.261837107997167,-7.796492059060483],[110.261332816757147,-7.796706561757617],[110.260972754290208,-7.796777727809115],[110.260708504694776,-7.79694478497305],[110.260588020721627,-7.797231752342668],[110.260491492889116,-7.797542692040793],[110.259891593823056,-7.797541643431316],[110.259581429340528,-7.797618513882526],[110.259434999926327,-7.797923748281562],[110.259193945645109,-7.798545541342833],[110.259025300278438,-7.798928148014795],[110.258665023772892,-7.799118967965171],[110.258136606420294,-7.799405217675826],[110.257584191558237,-7.799691426917036],[110.257175964100497,-7.799858228673486],[110.256911290025073,-7.800264598131889],[110.256796174105204,-7.80022418889439],[110.256431666289416,-7.800096236051672],[110.256143797799098,-7.800047867814044],[110.255793124254353,-7.800102454863577],[110.255687746193587,-7.800118860296379],[110.254991438005504,-7.800356948613455],[110.254750883747306,-7.800691564763099],[110.254438386423431,-7.801002121349995],[110.254030028563989,-7.801240715086124],[110.253745061286622,-7.801350658105605],[110.253597801798151,-7.80140747187653],[110.253189316235023,-7.801717857592223],[110.252924297719233,-7.802315674727822],[110.252467776667629,-7.802649906866918],[110.251867234586257,-7.803007816356853],[110.251458830861395,-7.80327033835465],[110.251314513954696,-7.80346153332232],[110.249612704363869,-7.803637493774488],[110.248100773133217,-7.803730534935426],[110.24697290997284,-7.80375246040694],[110.246242141562618,-7.803929841787976],[110.245700556336658,-7.804061301087359],[110.244764145350075,-7.804370737119029],[110.243779483937089,-7.804823671674285],[110.242698533911266,-7.805443951176585],[110.241569027689536,-7.806375246819357],[110.240729561820842,-7.806134444348345],[110.240561441658258,-7.806229850726254],[110.240225321842161,-7.806324973817709],[110.24000900880975,-7.806516034786398],[110.23988855181625,-7.806779063102454],[110.239624289630285,-7.806946105877273],[110.239503918971707,-7.807161269576113],[110.239527395773734,-7.807448487856618],[110.239238746671845,-7.80783086879876],[110.238926275428298,-7.808117480936176],[110.238637754929471,-7.808428068999376],[110.238397660224905,-7.80849943020371],[110.238133700211165,-7.808498955361699],[110.237917733417703,-7.808498565055913],[110.237773320283566,-7.808737618345617],[110.237509057198281,-7.80890466022106],[110.237317434153283,-7.808998064708135],[110.237124940564627,-7.808999691581676],[110.236932621444396,-7.809190794818505],[110.236788208310202,-7.80942984630957],[110.236763646925795,-7.809740908315462],[110.236594933210654,-7.810147433356576],[110.236282283002026,-7.810529769332561],[110.235945593015742,-7.810935991302131],[110.23587321198022,-7.811151242235212],[110.2355608657424,-7.811366057896464],[110.235248476337176,-7.811604805416607],[110.235079889426402,-7.811939536679461],[110.234935473594305,-7.812178589069845],[110.234767150184894,-7.812369732776119],[110.23450283763691,-7.812560703812608],[110.234358464972217,-7.812775825243364],[110.234262087326499,-7.812991030310968],[110.23409341318154,-7.813373622593815],[110.234092367269966,-7.813947971920584],[110.233995769290345,-7.814282831786443],[110.233473573447725,-7.814730936982357],[110.233210102665169,-7.814916379886199],[110.233067325397769,-7.814650789401583],[110.232636521359439,-7.814027795745346],[110.23254136409372,-7.813572930345629],[110.232543265260517,-7.81253192640645],[110.232569446323907,-7.811335412598396],[110.232426821941317,-7.810593285750713],[110.232283935856003,-7.809994747358871],[110.231924820375184,-7.809539400821905],[110.231446027613117,-7.808916319032107],[110.230679631660735,-7.808101266159724],[110.230319949607008,-7.807957022997414],[110.22964835928542,-7.807788281403248],[110.229168915414164,-7.807524164907477],[110.228761550406261,-7.807212316894095],[110.228474602821734,-7.806661376020884],[110.228307287552298,-7.806302103158714],[110.228284632730663,-7.805584904618854],[110.228525535925769,-7.80505807996559],[110.228814674258842,-7.804412463863287],[110.229247699622704,-7.803814973181659],[110.229872823772837,-7.803146036759358],[110.23037735423253,-7.802811918834209],[110.231289945775416,-7.802406746373435],[110.232226184092156,-7.802193065656638],[110.232778440673542,-7.802002618025597],[110.233258927758357,-7.801692383395959],[110.233854748398983,-7.801298594553714],[110.235056198585767,-7.800391381856002],[110.23568152598267,-7.79960278164225],[110.23601885808489,-7.798837589882055],[110.235995903788989,-7.798263199186465],[110.235757032162326,-7.797664486326198],[110.23530206783721,-7.797137177837669],[110.234990950073325,-7.796681923031542],[110.234536465986139,-7.795891371288974],[110.234130192755231,-7.794981249284433],[110.233412807156355,-7.793615869775749],[110.233246275196507,-7.792825837841349],[110.233128082695885,-7.791844444564674],[110.232961422132973,-7.791126204609839],[110.232722076563618,-7.790790735003611],[110.23250681663734,-7.790407444846892],[110.232075642078257,-7.789999833424758],[110.231620080603307,-7.789807558371308],[110.230852448982375,-7.789686509623891],[110.229964884672711,-7.789541311381583],[110.22938969897649,-7.789157365619133],[110.229006432202141,-7.788797699753218],[110.228790954639919,-7.788534064394753],[110.228695630999596,-7.788174922833605],[110.228745459736217,-7.787169902568166],[110.228602452242399,-7.786643156155947],[110.228435646888613,-7.786008674559866],[110.228029308007194,-7.785146412675999],[110.227263219622955,-7.784187767750495],[110.226136862826991,-7.783419915795662],[110.225202159653008,-7.78281993039468],[110.224848156818041,-7.782209037116559],[110.224010671256508,-7.780939153018664],[110.223293425951908,-7.779525899899568],[110.222933946245689,-7.779285930200729],[110.222526434648273,-7.779069803327957],[110.221999081193701,-7.778781663242341],[110.221471861738053,-7.778421727579882],[110.220873013080109,-7.77787021114051],[110.220489939660013,-7.777414816040107],[110.220154943996533,-7.776911645355369],[110.219963872235951,-7.776432670930205],[110.219868955089225,-7.775858148034274],[110.219846286777738,-7.775140170681539],[110.220014844010905,-7.774817410294418],[110.220351560077461,-7.774387267257794],[110.220688188010513,-7.774004986140369],[110.221360780176894,-7.77359938919966],[110.221769388047846,-7.773217239383314],[110.221818169973631,-7.772786566645948],[110.22181909627534,-7.772284013795399],[110.221748348408596,-7.771613810228359],[110.221678215678139,-7.770608571427601],[110.221823325786886,-7.769986626380899],[110.222112841835212,-7.76912563433973],[110.222378273139839,-7.768312458352455],[110.222427230433368,-7.767786061776519],[110.22240429142596,-7.767211670181609],[110.222238050846443,-7.766278049791367],[110.222095891413289,-7.765296609749953],[110.221930027649705,-7.765028279031071],[110.221777356940493,-7.764799368295428],[110.221543486443807,-7.764745983639443],[110.221181405898221,-7.764839087752875],[110.220992925084488,-7.764887760860688],[110.220513091806765,-7.764862948565394],[110.220153582422938,-7.76464690982624],[110.219674766278501,-7.764071682761141],[110.21945988136946,-7.763496940430628],[110.219532701274204,-7.763042380800414],[110.219700967126983,-7.762875169852407],[110.220301339236471,-7.762589098207513],[110.220925878827302,-7.762207343193552],[110.221358381685036,-7.761873099363243],[110.221767022830875,-7.761467014989933],[110.221912128443023,-7.76084506994323],[110.222024192963204,-7.759923923149756],[110.221640912699002,-7.759588184646191],[110.221041646755623,-7.759275982299926],[110.220562173206758,-7.759059724126189],[110.219675074745965,-7.758699131059245],[110.219051158385298,-7.758745847242267],[110.218691521297728,-7.758601598684038],[110.21852440477852,-7.758146600184659],[110.218621351695049,-7.757620292641604],[110.218923856651713,-7.757086203264862],[110.219054645056872,-7.756855288839688],[110.219464208007821,-7.755946655213165],[110.220161910145066,-7.754918891992475],[110.220234373918288,-7.75465578093872],[110.219995058925861,-7.754320305936574],[110.219510401684715,-7.753835122592022],[110.219324483938806,-7.753649004297301],[110.218917173789578,-7.753337151787321],[110.21850990770713,-7.753001365619696],[110.218006715438605,-7.752641474923337],[110.217815433236694,-7.752282156195747],[110.217696529372404,-7.751707588333716],[110.217817332604852,-7.751253116837063],[110.218442651907878,-7.750440605448773],[110.219112680107173,-7.750010668356879],[110.219329983293164,-7.749269198014247],[110.219476187876808,-7.748048976278426],[110.219333773935546,-7.747211121994894],[110.219118676786536,-7.746756035361955],[110.218568782724162,-7.745702053306331],[110.218042309705879,-7.744959221390161],[110.217419340331332,-7.744503383823314],[110.217131543786763,-7.744228361249043],[110.216892432041163,-7.743999862402916],[110.216174907946709,-7.74277805156504],[110.215912892267227,-7.74174852837109],[110.216034578633924,-7.740815435882837],[110.216229082207406,-7.739427782865107],[110.216471037609324,-7.738327393093925],[110.217456929294883,-7.737132641957032],[110.218849623012716,-7.736512982087675],[110.219714397602388,-7.735940215567666],[110.220388702077969,-7.735469809883],[110.220843480243445,-7.735152547950918],[110.221517673203095,-7.733837560154484],[110.22180816501583,-7.732426147048216],[110.222244840727853,-7.729794506810265],[110.223185815773832,-7.726900537928657],[110.223450641834688,-7.726398461718816],[110.224100864264528,-7.725059494399318],[110.224558537347662,-7.724055211577934],[110.224919412801682,-7.723505447017942],[110.225399809954297,-7.723195212388362],[110.226119817076949,-7.723052927949482],[110.226863463778898,-7.723102137053161],[110.227654879769943,-7.723271086390696],[110.229309816695718,-7.723537318091928],[110.230677811432884,-7.723276538080938],[110.231350221936225,-7.722918778777796],[110.23178267533126,-7.722584516961092],[110.231975299321675,-7.722201963349107],[110.231928223409852,-7.721699322365055],[110.231881407402057,-7.721053091126464],[110.231596146945662,-7.719592770189365],[110.231477789869132,-7.718707098952677],[110.231503854919993,-7.717558441667961],[110.231649530702327,-7.716601452394286],[110.231916239943587,-7.715046395074296],[110.232133454096697,-7.714328845798775],[110.232494269296126,-7.713803004104534],[110.23296097876721,-7.713500579187553],[110.233046709339192,-7.713445025366809],[110.233454771321703,-7.713326099918788],[110.233886650949216,-7.713302940577421],[110.234246386962241,-7.713375379169634],[110.235253578191134,-7.713616493705388],[110.236045237898452,-7.713641840197965],[110.237341139383147,-7.713428770120856],[110.238709653928424,-7.71285685256089],[110.24029468205498,-7.711950279281155],[110.241591428003062,-7.711258569326731],[110.243848571655292,-7.710137787428152],[110.244448555257691,-7.710019190232629],[110.245384409563883,-7.709901182992382],[110.246271902827118,-7.709998471651318],[110.247231324766858,-7.710119817175041],[110.247759505597742,-7.709905363041287],[110.248239829005968,-7.70961902879435],[110.248600112706072,-7.7093803487233],[110.24893666239808,-7.708998035230366],[110.249393035061587,-7.708687727755603],[110.249599397994871,-7.708664158323415],[110.249760385634318,-7.708594673104869],[110.250151607811517,-7.708425811001575],[110.250823350118537,-7.708426987314795],[110.251614710351646,-7.708619821746595],[110.252982312984386,-7.708550416567675],[110.253827458971102,-7.708168987108252],[110.254548189148636,-7.707595887839148],[110.255462430947489,-7.706113728664832],[110.256231677750748,-7.705229600664723],[110.257089830632196,-7.704637336842836],[110.258368553267189,-7.704252115841655],[110.259376199553003,-7.704229926868834],[110.259732581994115,-7.704344367397823],[110.260575066886872,-7.704614902355047],[110.26347131734849,-7.705672877400559],[110.264957709631631,-7.706273717157501],[110.267283251222125,-7.707187099204475],[110.26776096839501,-7.707290068880752],[110.267954747114914,-7.707331836993887],[110.268770764060548,-7.707141778769255],[110.2691312024441,-7.706807352376586],[110.26951571028286,-7.706425102735523],[110.270020295601228,-7.705971265260871],[110.270321240234068,-7.70574049922385],[110.270321072060881,-7.705838042390951],[110.270422711639867,-7.706053033419948],[110.270536212377351,-7.7062931092388],[110.27082398643887,-7.706604854729449],[110.271231166186396,-7.706748990872427],[110.271902582039559,-7.706941585185177],[110.272349104428656,-7.706953406773493],[110.272742465193687,-7.70682335401375],[110.272887063588144,-7.706440695181129],[110.272791998952641,-7.70591403870111],[110.272765854761417,-7.705750584221278],[110.272673310925597,-7.705171960416862],[110.272733425208457,-7.704993080765234],[110.272769764114344,-7.704884946282448],[110.272828783922307,-7.704672117223652],[110.272881906875568,-7.704554495792536],[110.273106213082315,-7.704543075301899],[110.273392954722112,-7.704587578253324],[110.27357452334661,-7.704678353122688],[110.273773312189633,-7.704777735403354],[110.273993533675707,-7.704743431663246],[110.274115970076991,-7.704560906160111],[110.27413829394817,-7.70426504629404],[110.274042983797699,-7.703881980068502],[110.273804666153467,-7.70294824456505],[110.2737584580874,-7.702335406053351],[110.273591115838371,-7.701559854103152],[110.273855621740609,-7.701201330376307],[110.274384065173535,-7.70081931905554],[110.274672474156375,-7.700570001803328],[110.274936659899993,-7.700341624365649],[110.275513691904393,-7.699600719696662],[110.275840100841037,-7.699408137075068],[110.276282158096137,-7.699147319292535],[110.276330747566988,-7.698788427742954],[110.276403286883237,-7.698453509421142],[110.276755043211722,-7.698229260770972],[110.277171789947204,-7.697976172661413],[110.277253861177769,-7.697772495103777],[110.27736452275559,-7.69749786733189],[110.277560135193141,-7.696771051442056],[110.277654230359474,-7.696421432802083],[110.277918892743742,-7.695967178941373],[110.278159321096837,-7.695656473066947],[110.278227347615029,-7.695588839552499],[110.278543811848465,-7.695274216231269],[110.279240700099251,-7.69458137133239],[110.279746352013603,-7.693481368269715],[110.280097681164079,-7.692818423130916],[110.280419847998644,-7.692429506815472],[110.280708778588291,-7.691807770411458],[110.280901301854669,-7.69144911898087],[110.281117454807713,-7.691305892052469],[110.281621648021712,-7.691067419724845],[110.281958150948981,-7.690685076554246],[110.282126966287535,-7.690158865238629],[110.282176608864461,-7.690005679217904],[110.282343999676868,-7.689489142808895],[110.28256015173065,-7.689345914081855],[110.282992090713435,-7.689274840660573],[110.283352340239333,-7.689036127314637],[110.283616952261582,-7.68860579901758],[110.283693757961601,-7.688339317304838],[110.283761733218455,-7.688103478192147],[110.284088091793024,-7.68780753558849],[110.284506379966501,-7.687530360037272],[110.284749728418262,-7.68725995458243],[110.28515626604991,-7.686239135027279],[110.28544138171543,-7.685590879414747],[110.285567257124285,-7.684999320661291],[110.285634821390943,-7.684681798825125],[110.285732174801069,-7.684452216295938],[110.285827498441336,-7.684227419059312],[110.285780037619702,-7.683916227551038],[110.285756568911552,-7.683605079210224],[110.285973114868398,-7.683222531893534],[110.286112039440127,-7.683125050779665],[110.286381416969846,-7.682936031271993],[110.28643031400884,-7.682385683951338],[110.286502841633876,-7.682050762032247],[110.286599319104312,-7.681739810642966],[110.28658146306509,-7.68102441074717],[110.286721462326682,-7.680423773337679],[110.287015665641491,-7.680016010829434],[110.287324596254166,-7.679753713662137],[110.287492910670323,-7.679682081761882],[110.287826450331465,-7.679540136367393],[110.287994773740877,-7.679301096567542],[110.288283243877629,-7.678942600719665],[110.288499505648701,-7.678727572818445],[110.288503143406388,-7.678433493610044],[110.288620368236479,-7.678177346006919],[110.288837108446842,-7.677675140294696],[110.289152590620631,-7.677408055136823],[110.289341756717761,-7.677149477565536],[110.289366301914356,-7.676814475606761],[110.289655365603664,-7.676097003672965],[110.289845268245585,-7.675484908001295],[110.29004125659975,-7.674853195417825],[110.290258065158639,-7.674549779447943],[110.290333331219301,-7.674444446353334],[110.290866445730956,-7.673590263079348],[110.290878297896199,-7.673496223671009],[110.290893555794014,-7.6733431419716],[110.291160595985787,-7.673121922238124],[110.291217818048892,-7.673036555891542],[110.291175827803272,-7.672865834889592],[110.291267397673323,-7.672618838787571],[110.291297912569632,-7.67249914891579],[110.291313169568184,-7.672366113104829],[110.291381840900272,-7.6722698047069],[110.291534437865039,-7.672158215928107],[110.29162388803303,-7.672159646749492],[110.291862508748807,-7.672163462572939],[110.29196931133572,-7.672167765828931],[110.292636876291851,-7.671652049601619],[110.29281330169357,-7.671462935665147],[110.292861954116916,-7.671350469148024],[110.293212898357638,-7.670520258202544],[110.293319699145854,-7.670346235789339],[110.293430985752423,-7.670318455731319],[110.293563840799663,-7.670414423286218],[110.293678284925932,-7.670462590075658],[110.293937683578292,-7.67043897657669],[110.294088518771161,-7.670189616157074],[110.294143670594963,-7.670089230232975],[110.294441226582364,-7.669723016403282],[110.294517514272911,-7.669618571838839],[110.294572715559411,-7.669337798999436],[110.294677729394721,-7.669248550279576],[110.294845585156679,-7.669151758945702],[110.294929488306309,-7.669062583970288],[110.295089726810488,-7.668686856212616],[110.295257558290757,-7.668264824161497],[110.295484944675479,-7.66800027329316],[110.295555555845283,-7.667694448039526],[110.296203109986607,-7.667104126753259],[110.296514582083319,-7.666999210944027],[110.29666400713927,-7.66694887858705],[110.297267809263019,-7.666745493309065],[110.297395403276312,-7.666656699646182],[110.297877864372992,-7.666147883916892],[110.298188402973437,-7.665820382303991],[110.298501351757011,-7.665150804665075],[110.299125292399367,-7.665008230644503],[110.299399135063084,-7.664995016905721],[110.299605103193983,-7.664985081195709],[110.299845302219978,-7.664794015730422],[110.299893867409082,-7.664435119684242],[110.299870424781318,-7.664100038585104],[110.300038892082227,-7.663765266852806],[110.300375824885464,-7.663095726086112],[110.300450019853599,-7.662692354068099],[110.300472638702388,-7.662569386167434],[110.30040122084074,-7.662234225028669],[110.301197537237613,-7.66065019964617],[110.301661049618815,-7.66014397126645],[110.301938889769019,-7.659927221163514],[110.302103114967849,-7.659381390238138],[110.302199540277627,-7.659060902437886],[110.302543862810069,-7.657523148973326],[110.303049753944038,-7.656207719609768],[110.30348196722008,-7.655945168833682],[110.303947145145685,-7.655547725146619],[110.304256512828829,-7.655049400008977],[110.304899128792783,-7.65479873287444],[110.305815758291658,-7.654612685626148],[110.306243390421173,-7.654226535625298],[110.306555661115908,-7.653963788797],[110.306867274406216,-7.654107879973878],[110.307155013394208,-7.654180136902994],[110.307395433653369,-7.653845480283906],[110.307803695285372,-7.653558953582035],[110.307957163693175,-7.653482707260309],[110.308187811919026,-7.653368117443847],[110.308523759065281,-7.653296859661566],[110.309051650314473,-7.653201979387006],[110.309700095683922,-7.65272438092461],[110.309913831259337,-7.652467100175727],[110.310156753432466,-7.652174682015186],[110.31058918884105,-7.651768531991365],[110.310925328442181,-7.651577614914174],[110.311381480771786,-7.651339025674702],[110.311765326709519,-7.651315707153344],[110.312221137296717,-7.651292502845934],[110.312609925908419,-7.65126080444179],[110.312796922840789,-7.651245556436493],[110.313469005990896,-7.650983376181046],[110.314260875240223,-7.650817114017798],[110.314333220302899,-7.650577911440678],[110.314621608601385,-7.650243324069322],[110.31478994460133,-7.649980340719367],[110.315390366173517,-7.649526591378276],[110.316039563376194,-7.648570346743327],[110.316269075758271,-7.648288409281861],[110.316448155059334,-7.64806842611614],[110.317143991103364,-7.647949869390175],[110.317408159759793,-7.647758831803856],[110.317877840590938,-7.647431929139429],[110.318705975001819,-7.647200049741684],[110.319333335765862,-7.647027774711205],[110.319700156637964,-7.646719570750804],[110.319793704117217,-7.646582585117415],[110.319870874042635,-7.646494679984698],[110.319931019801743,-7.646426166033905],[110.320022587873154,-7.646324128055255],[110.320098875563701,-7.646218751793128],[110.320205678150558,-7.646120509852835],[110.320457462243155,-7.645923590700363],[110.320648188663995,-7.645820610232192],[110.320945747349413,-7.645821551822337],[110.32109832093181,-7.645759072322505],[110.321388259661489,-7.645784363956409],[110.321701046567114,-7.645722368291842],[110.322074890245062,-7.64549539199794],[110.322193152892737,-7.645436490001202],[110.322433476025139,-7.645311819683911],[110.322654719141042,-7.645204051225164],[110.322723391372449,-7.645121550118631],[110.322868347697124,-7.644809703903888],[110.322985843223137,-7.644725852914974],[110.32321929103847,-7.644694319086739],[110.323448176593104,-7.644583670998827],[110.323585518358016,-7.64446352337211],[110.323722834941918,-7.64436194404766],[110.323844917010376,-7.644228908236698],[110.323913589241783,-7.643980967846574],[110.324081418923413,-7.643556083145938],[110.324157729996273,-7.643219428233238],[110.324226377046728,-7.643005341022842],[110.324432389244407,-7.642568075355598],[110.324584961927485,-7.642359695242931],[110.324958803806794,-7.642026375915691],[110.325386060919016,-7.64181802098409],[110.325721748161186,-7.641684959992119],[110.325878271566012,-7.641672121270574],[110.32611084703899,-7.641653043052713],[110.326416019384851,-7.641523824863839],[110.326759347267114,-7.641527621801515],[110.326942459128247,-7.641527621801515],[110.327087417251562,-7.641478972975392],[110.327339177062413,-7.641172858140067],[110.327423102695093,-7.640915850785063],[110.32744597874995,-7.64061162092878],[110.327453616692083,-7.640493843015634],[110.327529905281949,-7.640370338219725],[110.327903748959898,-7.640037982965737],[110.328697204613377,-7.639564012368453],[110.329307573586675,-7.63928887108375],[110.32979583531062,-7.639004203280535],[110.330291761056969,-7.638944116876701],[110.330413819743058,-7.6389274326541],[110.330596933402774,-7.638823969249984],[110.330780021881537,-7.638610316412155],[110.330886846951444,-7.638462046085749],[110.330965843400008,-7.638378412732777],[110.331192268409495,-7.638064068201402],[110.331600348378402,-7.637873241955731],[110.331936469093819,-7.637682306892145],[110.332464261417556,-7.637635259758611],[110.332776505132642,-7.637372490447262],[110.332945011104414,-7.636989839708519],[110.333305224657465,-7.636727145040879],[110.333569862759987,-7.636224983395437],[110.334074593768548,-7.635579600217568],[110.334363440721233,-7.634933883391227],[110.334508102967618,-7.634455465646397],[110.334604310641453,-7.634288091921121],[110.334782373708606,-7.634093276282897],[110.334844588807755,-7.634025210194466],[110.33522901031165,-7.633618957647968],[110.33556508785955,-7.633451950846052],[110.335877472768175,-7.633093453199479],[110.336165391620568,-7.633046031048707],[110.336525491858993,-7.632855128360688],[110.336718162614147,-7.632352854299995],[110.336910463747927,-7.632089897030312],[110.337222774012844,-7.631779261303052],[110.337751222841689,-7.631301431714917],[110.337967989132437,-7.630727397150849],[110.338160069032995,-7.630608031035024],[110.339023779724698,-7.630489692844264],[110.339551968649459,-7.630179383570862],[110.339816889139172,-7.629485762557067],[110.339985090240759,-7.629294563092799],[110.340585090930233,-7.629080090073273],[110.34092105156634,-7.628984876150298],[110.341545404997476,-7.62853111781601],[110.34200192155248,-7.628029241255661],[110.342649821033433,-7.627862703899837],[110.342764023242125,-7.627634920014771],[110.343444443107614,-7.626277779195334],[110.345259828978953,-7.625349132055987],[110.346992147170909,-7.625053833366906],[110.348107375755831,-7.624560361870408],[110.348366597241693,-7.624460068576525],[110.349263288770828,-7.623865583429108],[110.351083334029681,-7.622999997650993],[110.35237075670608,-7.622499820809253],[110.353510812874788,-7.622594730761421],[110.353945570332826,-7.622609841170402],[110.354878152006165,-7.622524973947577],[110.355098050635547,-7.622517328810886],[110.355413362837453,-7.622287908159649],[110.355683562347565,-7.621702918953758],[110.355935633323838,-7.621138490947772],[110.356358947808246,-7.620680567853128],[110.356991967106637,-7.62051782923362],[110.357256137561762,-7.620302831909385],[110.357688464152318,-7.619920561583854],[110.358264779397075,-7.619490638881075],[110.358480798351195,-7.619395230704527],[110.359129604348823,-7.618606432639922],[110.359586126299746,-7.618080602636894],[110.360258240026781,-7.61774654676492],[110.360690455101462,-7.61743606931833],[110.360907402155931,-7.617194864850319],[110.361098894799227,-7.616981962047134],[110.361836507949533,-7.616960050964792],[110.362004030962282,-7.616934866350221],[110.362538281317654,-7.616840490595337],[110.363090458758734,-7.616506253060322],[110.363343577445164,-7.616306804114913],[110.363944446879771,-7.615833336238666],[110.364627553020227,-7.615168313665947],[110.364940184343084,-7.614618334167972],[110.365228933269691,-7.61399652312025],[110.365630528227371,-7.613409129127206],[110.366214226906095,-7.612729562718357],[110.36693267280566,-7.612330082966139],[110.367053533594742,-7.612234729648264],[110.367168804198002,-7.612143788404296],[110.367417056652869,-7.611947931351153],[110.367606783926988,-7.611798247290494],[110.368158883127023,-7.611511866278818],[110.368735070668038,-7.611153723864447],[110.369695207568839,-7.610676478835614],[110.370147932582086,-7.610271130107776],[110.370367967009145,-7.609887696059502],[110.370727998899099,-7.609720694653504],[110.371012635226009,-7.609576205077019],[110.371352085231592,-7.609410483406293],[110.371927955311946,-7.609267724125345],[110.372312321057791,-7.608861434706625],[110.372840250977845,-7.60869467341962],[110.373102440226489,-7.608512117339558],[110.373320455675525,-7.608360318073437],[110.37406460599783,-7.607954544865549],[110.374162899199462,-7.607879331864865],[110.374477668210886,-7.607638464642605],[110.374688929751358,-7.607476803410918],[110.374788586325224,-7.607435273618194],[110.375220714165664,-7.607255197868255],[110.375432937980747,-7.607166757638936],[110.375786855380113,-7.60694186687283],[110.376297220641277,-7.606617563249131],[110.376340753224213,-7.606495717702387],[110.376555868359674,-7.605893592814255],[110.376994534271375,-7.605421956857015],[110.3770687085551,-7.604991337179683],[110.377116084840509,-7.604297319564864],[110.377297405252079,-7.604033718380606],[110.377428551587457,-7.60384305940886],[110.378076507725723,-7.603604666221543],[110.378169484135412,-7.603539926725432],[110.378437375985186,-7.603353392044596],[110.37855670073219,-7.603270302781425],[110.378579961696914,-7.602819130897387],[110.378821884723266,-7.602337329003717],[110.379022404761201,-7.601994440889939],[110.379230429641666,-7.601787472712886],[110.379494579412381,-7.601572461898797],[110.379593788123884,-7.601271778069304],[110.379878621402327,-7.601381553814861],[110.380214246591265,-7.601501694246963],[110.38073532277798,-7.601386937156633],[110.380862059737296,-7.601359024898272],[110.381030197886389,-7.60119174020582],[110.380958688293902,-7.600880519919258],[110.381102976422255,-7.600617470918735],[110.381410950156294,-7.600523401832731],[110.38206263308507,-7.60045131397618],[110.382649919159462,-7.600462794721409],[110.382806420081295,-7.600284845868146],[110.382998613296422,-7.600069729833365],[110.383310421739623,-7.600070173199128],[110.38376305232407,-7.600133121245733],[110.383917661072246,-7.600137509038007],[110.384249973158774,-7.600146941127605],[110.384338631923356,-7.600050165082223],[110.384478001659488,-7.599898034865589],[110.384742447307133,-7.599609382166477],[110.384944447629209,-7.599388889984482],[110.385129227732705,-7.599083615115944],[110.385328995038151,-7.598754322053537],[110.385591383036967,-7.598422084610718],[110.385622256762758,-7.598254007615537],[110.385639727892169,-7.598158898913255],[110.385874502207571,-7.598221722853395],[110.385999372174354,-7.598255137164017],[110.38655093268045,-7.598327713352489],[110.386868567831186,-7.598215995970634],[110.387137615309769,-7.598067353324893],[110.387270966782751,-7.597993679064245],[110.387606966089663,-7.597850560054496],[110.387796712249497,-7.597792096926923],[110.388302844401778,-7.597636150886842],[110.388399258020399,-7.597301237061629],[110.388807287627287,-7.596943982278162],[110.389600009433934,-7.59624990800603],[110.390152141908857,-7.595915631800153],[110.390320408660955,-7.595652613376615],[110.390464524119523,-7.595509222771625],[110.390683914632007,-7.595451176929487],[110.390824434601029,-7.595413998056756],[110.390992736426711,-7.595127047774213],[110.391062281000529,-7.594782604732643],[110.390993578192138,-7.594528744105446],[110.390874090667808,-7.594217458168373],[110.390802507330875,-7.593954103398346],[110.390561446754418,-7.59390793760042],[110.390298954434229,-7.593857667296732],[110.390035523221854,-7.593570111770418],[110.389994282111502,-7.593300107413199],[110.390084335724566,-7.592971874651482],[110.390068606581963,-7.592632239385523],[110.390061061269989,-7.592469265143677],[110.390444920697576,-7.592398008260659],[110.391044378196568,-7.59251850842162],[110.391252805973238,-7.592331864922812],[110.392196767667713,-7.591730357868926],[110.392580597417691,-7.591683030146896],[110.392750810302687,-7.591621539002006],[110.393108535431622,-7.591492310021295],[110.393444693019205,-7.591229523622815],[110.393684944205859,-7.590942673165046],[110.393985919415684,-7.590576669776681],[110.39411741109069,-7.590416766719613],[110.394501537616918,-7.590154046870964],[110.394669766597474,-7.589914957608414],[110.394909683236335,-7.589867430236893],[110.395317525784208,-7.589796200333581],[110.395533792051936,-7.589509313003589],[110.39564253897305,-7.589401106574996],[110.395773974890062,-7.589270323565756],[110.396373562790757,-7.589295089096254],[110.396477938107409,-7.589184161319167],[110.396806952380018,-7.588576145871627],[110.39692661707079,-7.588290702852873],[110.397166796311637,-7.588051713415041],[110.397575237808041,-7.587549701956391],[110.398127453020606,-7.587143617583081],[110.398200039101596,-7.586689005792152],[110.398560076387469,-7.586498044648238],[110.398676505317496,-7.586292181737974],[110.398776471258202,-7.586115428983078],[110.398801154051057,-7.585612885125727],[110.3988977889029,-7.58511044109315],[110.399204203212435,-7.584967078367185],[110.399305794228042,-7.584919547398385],[110.400145189949626,-7.584968570342426],[110.400337529754268,-7.584633783321635],[110.400482034619245,-7.584203202315109],[110.400506483588401,-7.58386818326926],[110.400530866007728,-7.583581029739946],[110.400555413002962,-7.58317421511714],[110.400668261731937,-7.582946240575723],[110.400963778956282,-7.582720063779107],[110.401060147608746,-7.582409077316242],[110.40096463870816,-7.582097824654056],[110.40137857596153,-7.581781885624707],[110.401757052946664,-7.581428811789408],[110.40173333422706,-7.581237320944808],[110.401613773857605,-7.58097390142359],[110.401542151849867,-7.580734481210527],[110.401590749414595,-7.580279835245392],[110.401615193887153,-7.579944816199486],[110.401615591387497,-7.579657629395285],[110.401880046927658,-7.57920327930708],[110.402144105866853,-7.579036116023133],[110.402551906146584,-7.57898881078421],[110.402823916891293,-7.578884845558377],[110.40298438112535,-7.578438961687937],[110.403080581604627,-7.578247635419245],[110.403464528266397,-7.578104567670835],[110.403669635746155,-7.578033251432601],[110.403944444281706,-7.577937699364554],[110.404160466833105,-7.577818333248672],[110.404232846969364,-7.577507311712282],[110.404065352734904,-7.577219895580924],[110.404090226184053,-7.576573757871813],[110.404186391589747,-7.57640636256275],[110.404848545325137,-7.575969343309737],[110.405818596352162,-7.575475233294583],[110.406034682755433,-7.575308000762845],[110.406995782830165,-7.574040899167358],[110.40716752815996,-7.573826025050209],[110.407869245770144,-7.572948084385757],[110.408271404602715,-7.572441201299569],[110.408590004725966,-7.572039636019554],[110.409249464991888,-7.570918958442348],[110.409367731236841,-7.570683733566625],[110.409551710044411,-7.570317811117263],[110.410067687974447,-7.569704522045242],[110.410416526902225,-7.569289892313861],[110.411871295424987,-7.567367009579016],[110.412026329552532,-7.567162088258954],[110.413397675163651,-7.565383172594522],[110.413460872322446,-7.565301014129716],[110.413560769914625,-7.565171144831652],[110.413707835149523,-7.564979955259901],[110.413791154639114,-7.564871638214754],[110.414107537034226,-7.564460329679662],[110.414431594243752,-7.56403904586449],[110.414861374853615,-7.563480319560313],[110.415317673772677,-7.563026217684978],[110.416494310764904,-7.561950836261303],[110.417737747600029,-7.560843638622202],[110.419231686993783,-7.559513385733339],[110.419745206177367,-7.559095632656522],[110.421044121290208,-7.558038948138119],[110.421941665376607,-7.557308784971667],[110.422256864263943,-7.557052365773245],[110.423889464728063,-7.555738241325969],[110.425622517666113,-7.554559249908664],[110.4262419293226,-7.554137867168038],[110.427668243295841,-7.553255697891359],[110.427757278876356,-7.553141101779602],[110.427879324971912,-7.552978009726587],[110.427997587619643,-7.552819236217999],[110.428123480115573,-7.552683319878497],[110.428375239926424,-7.552459692659909],[110.42856980105654,-7.552309019344989],[110.428672795014506,-7.552177419751331],[110.428794852801275,-7.552082515195139],[110.428970324921579,-7.55198857830942],[110.429153462863042,-7.551903222754731],[110.429298396704667,-7.551829304777812],[110.429389953084922,-7.55177638686996],[110.429618826049023,-7.551720109994278],[110.429718011378156,-7.551700089286896],[110.429889688359481,-7.551646445626147],[110.430038465004202,-7.551506965273404],[110.430145266691738,-7.551382028756791],[110.430267325377827,-7.551274260298044],[110.430362702078071,-7.55120275969881],[110.430541981927945,-7.551064477243017],[110.430686964333006,-7.55092998902694],[110.430843359134769,-7.550852492647607],[110.431007394576625,-7.550762159345368],[110.431213379794713,-7.550667252091216],[110.43136595517575,-7.550574281077388],[110.431545259307313,-7.550454350187294],[110.431678792443336,-7.550343970097344],[110.431793211388651,-7.550285782162291],[110.438112204215884,-7.547691009631592],[110.440704355222863,-7.54643674585833],[110.443964358969026,-7.544353614726731],[110.444409210417746,-7.543994388629301],[110.445154339202418,-7.543392681026603],[110.445262151727945,-7.543225044699227],[110.445923302719279,-7.542197032366346],[110.446115228835765,-7.542005991182748],[110.446785183290615,-7.543370814910361],[110.447980668274283,-7.546244226189287],[110.448434884363451,-7.547393560663465],[110.448674257811774,-7.547752848814127],[110.449273040819207,-7.548375849664922],[110.450379363417937,-7.549392294917652],[110.450446839551034,-7.549454289682899],[110.451427546644993,-7.550184984348732],[110.451593107337089,-7.550310380418921],[110.451919920069315,-7.550587036161971],[110.452818769071996,-7.551347934558748],[110.45406444431967,-7.552498255589228],[110.454233170625344,-7.552699517567873],[110.454537056940694,-7.553061999211081],[110.454687073750506,-7.553240940915884],[110.454794709109592,-7.553434846440211],[110.454926365360507,-7.553672026442086],[110.455018429857716,-7.553846083928818],[110.455357042594471,-7.55448626902529],[110.4554929940075,-7.554853375881805],[110.455840957894964,-7.555792977662975],[110.455906799959905,-7.555970770933527],[110.456002224324266,-7.556377742038364],[110.456070812019391,-7.557000814834907],[110.456105577111714,-7.557316622563292],[110.456120792741444,-7.55745485285837],[110.456159469884653,-7.558165569984283],[110.456167681594252,-7.558316484317515],[110.456118845709227,-7.559010465959432],[110.456069921690585,-7.559776244976945],[110.456021566942809,-7.560416786204939],[110.456068424319369,-7.56097287030093],[110.456129990108025,-7.561282055421714],[110.456306761748692,-7.562169793300541],[110.456497373056379,-7.563175196677207],[110.456855751093087,-7.56427653883037],[110.456939677625087,-7.564539380087524],[110.457237996237609,-7.565473640795062],[110.457381388641238,-7.565880672154492],[110.45776429478741,-7.566551259732023],[110.458043194338984,-7.56689227096075],[110.458195347937988,-7.567078310115107],[110.458501966393669,-7.567455837416162],[110.458649994802443,-7.567916514234923],[110.458841062066426,-7.568562928935194],[110.459079947182886,-7.569329065882869],[110.459162568798547,-7.569869419936992],[110.459222689376645,-7.570262610730083],[110.459317135278638,-7.571459355663933],[110.459364117660925,-7.572249187049522],[110.459405479280463,-7.573037938349387],[110.459434400578175,-7.573589496157524],[110.459481146438804,-7.574570786911465],[110.459455760376102,-7.575695584282983],[110.459487708791755,-7.576394273875849],[110.459525804972941,-7.577227351860017],[110.459453137053686,-7.578426054617921],[110.459498357664131,-7.580003489768444],[110.459669421307808,-7.582391546831616],[110.459686952691754,-7.582636300024433],[110.45975792269104,-7.583426161087687],[110.459881437379465,-7.584516661014277]]]]}},
{"type":"Feature","properties":{"No":234.0,"Provinsi":"DAERAH ISTIMEWA YOGYAKARTA","Kode_Kab":"3471","Kab_Kota":"KOTA YOGYAKARTA","Kode_Prov":34.0,"Kabupaten":"KOTA YOGYAKARTA","Jumlah_Pengabdian":60},"geometry":{"type":"MultiPolygon","coordinates":[[[[110.354486438799142,-7.7678826129914],[110.355684824096386,-7.768769911101685],[110.356021552753475,-7.768243920120028],[110.356405249403792,-7.768388093135172],[110.357220634126008,-7.768676509312627],[110.358995737564271,-7.769014236217231],[110.359691368562835,-7.769158877779205],[110.360651125050424,-7.769184253949334],[110.360603967300278,-7.768633749247329],[110.361304182143328,-7.768611524301605],[110.361803777123669,-7.768587689569415],[110.362619671761479,-7.768541049828798],[110.362811304698994,-7.768756724342552],[110.363099242437158,-7.768757156017159],[110.363387288993238,-7.768685792114809],[110.363747570894702,-7.768447013118362],[110.363879017603608,-7.768451579875716],[110.364467376569223,-7.768472022365131],[110.365187148968801,-7.768520960772889],[110.365522643756037,-7.768808644902208],[110.365642294957013,-7.769024209698728],[110.365569950793656,-7.769263422168422],[110.365281690198913,-7.769478379023155],[110.364801327220505,-7.769788777329381],[110.364728946184982,-7.770051918960064],[110.36477966525041,-7.770153471304866],[110.364872484278749,-7.77033931620565],[110.365029167762941,-7.770449055978361],[110.365112182382347,-7.770507198047937],[110.365328062840888,-7.770555384622526],[110.365735939563024,-7.770579925322465],[110.365952001684605,-7.770508451702881],[110.366024524813042,-7.77014958173703],[110.366600222223497,-7.770270099884385],[110.366575798435406,-7.770557247118461],[110.366526982335415,-7.771107607928968],[110.366574721946904,-7.771275202887523],[110.366550260387271,-7.771586281081227],[110.366910076439922,-7.771658612654051],[110.367629854235417,-7.771707550162489],[110.367726301128926,-7.771396578988117],[110.36787227368751,-7.770056607125923],[110.368065377915912,-7.769291071824682],[110.3688569216107,-7.769483704808351],[110.368976503563829,-7.769747134222087],[110.369051194957706,-7.769959209649016],[110.36911986539053,-7.770154188963829],[110.369119330293927,-7.770513165949069],[110.369142646117268,-7.770967908141643],[110.369131773313711,-7.771074731412909],[110.369093942432528,-7.771446474274569],[110.369093511657297,-7.771733658380811],[110.369212595385989,-7.772332132021461],[110.369187955760594,-7.772762871308657],[110.369227665325525,-7.773246821682676],[110.369235089229051,-7.773337306970348],[110.369255134218122,-7.773445097912145],[110.369299106569542,-7.773757311949566],[110.369329514446576,-7.773845069593506],[110.369280594924589,-7.774467226880233],[110.369855907425233,-7.774850991878964],[110.370047439638654,-7.775138460170979],[110.370206278797752,-7.775178315426103],[110.370935119061528,-7.775235504214322],[110.371390920655529,-7.775307974282782],[110.371918707583347,-7.775380551370517],[110.372614108355435,-7.775692694361567],[110.372782038761102,-7.775716875332705],[110.3728062107391,-7.775597250212115],[110.373261765918812,-7.775837242394005],[110.37407714344647,-7.776149560752799],[110.375060701391305,-7.776318534372081],[110.375636268400115,-7.776534767364808],[110.37686013328954,-7.776464770432028],[110.377916031800453,-7.776394521689042],[110.378563692961109,-7.776539061627602],[110.378947335652072,-7.776731080374248],[110.37937847783553,-7.777258214394294],[110.379928999624667,-7.778192366283861],[110.38033643028308,-7.778528007660611],[110.380644422003513,-7.778566861970319],[110.380762190024086,-7.778581717871191],[110.380912214927832,-7.778600644103619],[110.383935220335218,-7.778892225894708],[110.385566459225743,-7.779205707076926],[110.387509606384299,-7.779543565282495],[110.38843387202661,-7.779875978093116],[110.388780502219447,-7.780143696373671],[110.38940327913906,-7.780910416981328],[110.390193231033834,-7.782227814061571],[110.391342262436524,-7.784144024726174],[110.392084234600816,-7.785461349860611],[110.392443725098872,-7.78577298113737],[110.393402940194562,-7.786205130561541],[110.394434076772257,-7.786685245327021],[110.39476950500972,-7.78704470524815],[110.395176580435873,-7.787643585382341],[110.395367963361878,-7.788050703976012],[110.39589529343408,-7.788458299210333],[110.396025045820238,-7.788449243037348],[110.397111147162775,-7.788373424792894],[110.397239209722784,-7.788364483733119],[110.397448032301895,-7.789333276608602],[110.39751916507845,-7.789931679202823],[110.397302514800288,-7.790410010612675],[110.396870172921183,-7.790696581381326],[110.396461930175008,-7.790911387150004],[110.396101678850471,-7.791126263065792],[110.396077443020602,-7.791293752803654],[110.396293065373698,-7.791533378961446],[110.396388775722471,-7.79172497232878],[110.39624442104423,-7.791988018631343],[110.396071174745941,-7.79230849024384],[110.395955679312181,-7.792538043994739],[110.395883241619345,-7.792849058336571],[110.395978747822028,-7.793184241059066],[110.395978200134891,-7.793567152601213],[110.396001508763675,-7.794045826652791],[110.395953070378937,-7.794356874269511],[110.396192520269665,-7.794716195695059],[110.396383840243061,-7.795171176207987],[110.396622535602603,-7.796057001228803],[110.397244388918466,-7.797493809390971],[110.397675370123295,-7.798164519276327],[110.397962268245124,-7.798906818793853],[110.398273438169667,-7.799457699412471],[110.398513165950874,-7.799625563268307],[110.398656325430125,-7.800200134727618],[110.398631473564706,-7.800798399725579],[110.398630824254155,-7.801253107743946],[110.398486227658339,-7.801683678857898],[110.39807804156942,-7.801850622707263],[110.397777876648718,-7.801993787582433],[110.397929469070789,-7.802058879612787],[110.398509506609514,-7.802186284768425],[110.3992054487735,-7.802163341264361],[110.399670025052671,-7.802173455939453],[110.400381261087375,-7.802188939567088],[110.401413127015246,-7.802190401864777],[110.402444921896688,-7.802239724283027],[110.402394006779048,-7.804297808396313],[110.402294619102463,-7.806690871086005],[110.402289176405418,-7.810519988305998],[110.402137396924388,-7.816000207742604],[110.402063564383013,-7.817292432798752],[110.401918453374947,-7.818081982696526],[110.401508923698941,-7.819182278038909],[110.401099082857456,-7.820497957413977],[110.402394698357682,-7.820691247802017],[110.403282313928685,-7.820907890885678],[110.403762204762984,-7.820956433591732],[110.403930190926644,-7.820956671012766],[110.403977336985577,-7.821555039432724],[110.403999975619399,-7.822512350663658],[110.404791978867763,-7.822465603903709],[110.404791334953188,-7.822920311922076],[110.404670088354919,-7.823805627027241],[110.404645715828167,-7.824068843301689],[110.404765299579935,-7.824356198279133],[110.40481241416262,-7.82497849586008],[110.40426045525686,-7.824977717047204],[110.404163815908419,-7.825432289267951],[110.404667678171847,-7.825504798007216],[110.404979654788292,-7.825505235977062],[110.405027310762819,-7.825744623814558],[110.405000190807186,-7.827946333255852],[110.404973883838693,-7.829573671786704],[110.40514068469588,-7.830411528768252],[110.405740579265341,-7.830460237848911],[110.406340203138882,-7.830700401801323],[110.406484058693422,-7.830796333383262],[110.406555309281146,-7.831322936803303],[110.406650608639723,-7.831513683908554],[110.406706168755704,-7.831624885079577],[110.406554292147916,-7.832040897968284],[110.406601511051917,-7.83259140087165],[110.40679292365553,-7.832998514069345],[110.406736909381891,-7.833330772196575],[110.406720317789507,-7.833429188605351],[110.406526837644492,-7.834481925099965],[110.405783148674402,-7.834289419820038],[110.404943397720672,-7.83414464515846],[110.40391162442296,-7.834023527163254],[110.403023673404846,-7.834022269911031],[110.40215971989619,-7.834021045933696],[110.402015866140346,-7.833925112553118],[110.401776663563226,-7.833374338054455],[110.401080531642265,-7.833493009893687],[110.400937087977297,-7.83310989420545],[110.400697717226933,-7.83267877810232],[110.400698129116392,-7.832391593996078],[110.400794635365173,-7.83203275100982],[110.400626713952761,-7.83198464807225],[110.400409767797612,-7.832654436152495],[110.400192890890253,-7.833276358716205],[110.399760573292895,-7.833515063968207],[110.399136609268169,-7.83351417543804],[110.398872794944566,-7.833394139327254],[110.399018432955359,-7.83224560974628],[110.399090910218376,-7.831910666243459],[110.398899162167652,-7.831742868937454],[110.398876089161206,-7.831096672772446],[110.3989013556141,-7.830211224567563],[110.398926040205652,-7.829732619763774],[110.39909464690146,-7.829302083723405],[110.399287216932578,-7.82889551461551],[110.399431446605035,-7.828728196648171],[110.39940803095692,-7.828321319072813],[110.399312756779352,-7.827818610639554],[110.398592979883176,-7.827697926117594],[110.397969229897114,-7.82755344373561],[110.396601431212105,-7.827479693931934],[110.395257630036667,-7.827405972906547],[110.394681741070542,-7.827357285409562],[110.393722156353476,-7.827116586360546],[110.393913277576758,-7.827715159825971],[110.393888656837078,-7.828145900012487],[110.393792180265962,-7.828480809341102],[110.393671704386691,-7.828815683596133],[110.393383378141436,-7.829054589397003],[110.393263039858425,-7.82929373531681],[110.393382547167846,-7.829628954911527],[110.393693971600555,-7.830012314316036],[110.394220867300248,-7.830754962770527],[110.394747968944671,-7.83135401917184],[110.395347067614125,-7.831953178095887],[110.395754285133194,-7.832480265351137],[110.395969753702218,-7.832839552602479],[110.396041095121461,-7.833294363143523],[110.39551274611739,-7.833556858161671],[110.395104561827111,-7.83369986385685],[110.395079734243382,-7.834274196096487],[110.395102352192851,-7.835231507327421],[110.39512503669215,-7.836140953941083],[110.395268201567319,-7.836715528997672],[110.395226249093184,-7.836923159075752],[110.395126969335195,-7.837013538243411],[110.394955629599679,-7.837121921838445],[110.394324348690759,-7.837092397994979],[110.393899750873857,-7.837072540964186],[110.393131892623785,-7.836999640120496],[110.392052085636294,-7.836902355958159],[110.391212231260511,-7.836829347195817],[110.390612157725968,-7.836900275826281],[110.39034670843489,-7.837905032590356],[110.389984043330003,-7.839747268620727],[110.389911451853095,-7.840154005901866],[110.389479436427905,-7.84017731183269],[110.388783535632683,-7.840128439075386],[110.388087564690409,-7.840127428237395],[110.388040720803644,-7.839337605845003],[110.388186568356502,-7.838069425962431],[110.388235192900879,-7.837638721748817],[110.388235752279172,-7.83725581110599],[110.388116387961986,-7.836824863176105],[110.387876645791607,-7.836656991226334],[110.387612692972425,-7.836632677155535],[110.387108369356781,-7.836871260999089],[110.386940867927763,-7.836535970357943],[110.38698928562809,-7.836248857298131],[110.38727737625095,-7.836177480805304],[110.387541641134874,-7.835986409944041],[110.387661914666694,-7.835795127742131],[110.387710506835447,-7.835388356286785],[110.387759483914124,-7.834718334382842],[110.387808389046938,-7.834096175297475],[110.387647119020357,-7.834093388298413],[110.386296510876321,-7.834070043696727],[110.386128521115381,-7.834069799081135],[110.386081084575437,-7.833686819190575],[110.386129957332685,-7.833088591064836],[110.38622665333844,-7.832610094179699],[110.38610725574631,-7.832203077209442],[110.385724297439424,-7.831508493021715],[110.385340427220001,-7.831436138066522],[110.38462050823091,-7.831411154900081],[110.384453642622532,-7.830645089898155],[110.384427909421504,-7.830047960743968],[110.384407227712416,-7.829568086097481],[110.384455855854128,-7.829137381883868],[110.383136053986732,-7.829063657261145],[110.382104091831422,-7.829086079158401],[110.381264151120718,-7.829084847986564],[110.381096302553374,-7.828988874136428],[110.380856779817577,-7.828677407435578],[110.37992091831677,-7.828628169553554],[110.380183237067797,-7.829753355432217],[110.379607134962328,-7.8298482348074],[110.379246948388982,-7.829991297159836],[110.379102673750424,-7.830182539791565],[110.378958223744064,-7.830493441718147],[110.377709704840072,-7.830898443307717],[110.376773553757573,-7.831040653102832],[110.376581638432924,-7.830992505199163],[110.376414182869269,-7.830633278202413],[110.376366506210331,-7.830417821324602],[110.376343220064598,-7.829939149071663],[110.376247759727391,-7.829580029094245],[110.376104340344057,-7.82919690621145],[110.3758397885764,-7.829579425649172],[110.375695192879903,-7.829986054112283],[110.375694623609036,-7.83036896295647],[110.375621844173793,-7.830895356834446],[110.375386122872328,-7.830973325357888],[110.37528699599909,-7.83100611284101],[110.37511762937612,-7.831062134309263],[110.375214336173713,-7.830583639222766],[110.375287079636053,-7.830081176304418],[110.375335505430257,-7.829794065043245],[110.375576056990496,-7.829411512330637],[110.375696618305312,-7.829028779753571],[110.375744900208019,-7.828837395928304],[110.375625514307103,-7.82843037805867],[110.375674009349098,-7.828095403079601],[110.375746644892786,-7.827664734838834],[110.375747250136556,-7.827257895035018],[110.375747855380268,-7.826851053432563],[110.375460235102821,-7.826611308564225],[110.37517264899958,-7.826347631836938],[110.374957129169218,-7.826036198411032],[110.374933772876375,-7.825605388976726],[110.375006302300051,-7.825246518111499],[110.375031298057024,-7.824576462033292],[110.374359461321149,-7.824503670906893],[110.373927640149532,-7.824407304053011],[110.373687265755734,-7.824670196571503],[110.373518779569054,-7.825004992585548],[110.373589879970041,-7.825603396079089],[110.373613414328645,-7.825914547117861],[110.373589093962551,-7.82612989607702],[110.373180735203789,-7.826392542181281],[110.372700234629178,-7.82675080510478],[110.372674160585063,-7.828138816052729],[110.37202642388138,-7.827994259926356],[110.371786620557145,-7.827874243600661],[110.371764416295832,-7.826677617377356],[110.370877488706185,-7.826006202423514],[110.370014099072478,-7.825645935810485],[110.36955842338358,-7.825453801051253],[110.369319124578965,-7.824998737800684],[110.368926221568927,-7.825620378876579],[110.368612913955872,-7.826505390010936],[110.36861208568024,-7.827055820069234],[110.368204082153738,-7.82707914218787],[110.368036024044329,-7.827126754095616],[110.367795825917653,-7.827269984621296],[110.367435854282292,-7.827269445927357],[110.36738616134329,-7.828394168655166],[110.366138471614192,-7.828248704213536],[110.366356877369014,-7.826645597915217],[110.365589010125746,-7.826596580367095],[110.365372955198779,-7.826644120329092],[110.363765301028877,-7.826498108200326],[110.362013624030567,-7.826375803100007],[110.361509591795254,-7.826422903293576],[110.360885788749215,-7.82632623156951],[110.360862228310225,-7.826039014188325],[110.360262241110604,-7.826062036832752],[110.359374202858248,-7.82613248522523],[110.358462241740085,-7.826155032128213],[110.357190382731005,-7.826129164028885],[110.356086619602877,-7.826031753062125],[110.355604404021051,-7.82601550411141],[110.354598817182705,-7.825981615858097],[110.35320719185944,-7.825811964150034],[110.352175537272274,-7.825642858330468],[110.351913330936497,-7.825620661263713],[110.35159644222307,-7.825566789175184],[110.351432301560521,-7.825187011770367],[110.351456967266245,-7.824756277879089],[110.351553659674721,-7.824301721846155],[110.351842116321677,-7.823991051045368],[110.352034245684933,-7.82389561858713],[110.352322222093903,-7.823896061952894],[110.352514316383633,-7.823824561353604],[110.352610639170734,-7.823609322111736],[110.35243986331011,-7.823368105053191],[110.352203561945885,-7.82303433516563],[110.351655217415384,-7.822506127355098],[110.351543984768114,-7.822403761123894],[110.3512688677651,-7.822243151199643],[110.351005298057089,-7.821979495156768],[110.350958446975767,-7.821818378914259],[110.350838203121612,-7.821404876033398],[110.350863162006362,-7.820782687270423],[110.350984629837853,-7.81982560176931],[110.351130096078123,-7.818868554039739],[110.351130945038108,-7.818318123981442],[110.351155719561859,-7.817815593613943],[110.35125222670996,-7.817480696875862],[110.351415827779249,-7.817399435035099],[110.351540418956233,-7.817337549087824],[110.351756580003212,-7.817218220743484],[110.352068731987458,-7.817099040787298],[110.352237047302935,-7.81688391396068],[110.3524294689459,-7.816597026630689],[110.352573861395626,-7.816333999213896],[110.352478534158081,-7.815903080062299],[110.352290258389758,-7.815750369782961],[110.35219159826471,-7.815232550041344],[110.352075173831281,-7.814846464791685],[110.351760310391057,-7.814801114678914],[110.351424383929213,-7.814776668407717],[110.351242433092864,-7.814640141428583],[110.351138646832112,-7.814549586893122],[110.351185186748012,-7.814273733345317],[110.351353722397391,-7.813915015364842],[110.351618393774913,-7.813460717437351],[110.351955093653714,-7.812982597368148],[110.352164292149382,-7.812359715227899],[110.351673801905463,-7.81229703338056],[110.350276618772,-7.812118475686304],[110.345718234110279,-7.811417421775786],[110.345622432929986,-7.811297614992156],[110.34564691427471,-7.810986540395731],[110.345815527265813,-7.81057996139532],[110.345745961108264,-7.810196759372161],[110.34559279307399,-7.810029602383452],[110.345504569581294,-7.809933320965172],[110.345241050235302,-7.809645732164029],[110.345193616393317,-7.80928668233372],[110.345218169683847,-7.808927743120023],[110.345206548644342,-7.808463093995783],[110.345099335966609,-7.808167631630113],[110.345027686079902,-7.80797017738098],[110.34483880057121,-7.807830923657377],[110.34457226579849,-7.807634426286938],[110.344347402911353,-7.807542008356222],[110.34426075413154,-7.807346761942711],[110.344261240664764,-7.807034858171392],[110.344511237804454,-7.806873199637664],[110.344645563243205,-7.806796927235609],[110.345054029920618,-7.806462515232113],[110.345294818002515,-7.805936387553459],[110.345680367256193,-7.804907919264281],[110.345969444435354,-7.804190412256901],[110.346282404910085,-7.803544737698701],[110.346283110877891,-7.803090034176932],[110.346451645628008,-7.802731317095777],[110.34669194717668,-7.80251630178509],[110.34676408629457,-7.802420686764492],[110.346818174220402,-7.802153128563248],[110.346820347881817,-7.802041457946132],[110.346740830725821,-7.801942016310193],[110.346718133635989,-7.801104367072071],[110.346766610691589,-7.800793329347869],[110.347031982640942,-7.79988432969725],[110.347273357980157,-7.798975294073784],[110.346913819817985,-7.798711488743379],[110.34701088184778,-7.798017616818754],[110.346745509898426,-7.797870906816115],[110.346819467445528,-7.797658343956584],[110.346964150376266,-7.797203862567414],[110.347084873569088,-7.796725413346337],[110.347277400432745,-7.796366734036724],[110.34742182166076,-7.796079774760983],[110.347637900869472,-7.796008311933235],[110.347587537935567,-7.795652798237256],[110.347544484691241,-7.795167902675757],[110.348887222868086,-7.795029031164063],[110.34953523116701,-7.794958231136661],[110.349536413775525,-7.794192414347663],[110.348024210949632,-7.794477271008418],[110.347880862612783,-7.794070209971437],[110.347376796203207,-7.79416516039305],[110.347281368241624,-7.793806036818353],[110.347377798048001,-7.793519003798167],[110.347522070887919,-7.793327771958332],[110.348001992299146,-7.793328510301706],[110.3483379394454,-7.793329027411858],[110.348697842732292,-7.793353512353917],[110.348722776436034,-7.793230169435958],[110.348770385645821,-7.792994646884665],[110.348819303369226,-7.792396426852804],[110.34886807090578,-7.791893934256848],[110.349157723651047,-7.790793514808058],[110.349326545284896,-7.790243341955886],[110.349519214241411,-7.789788933411728],[110.349711513576551,-7.789573840759317],[110.349905362443565,-7.788353616325537],[110.350075399061438,-7.787013694825362],[110.350367365762338,-7.784405573657466],[110.350732873624281,-7.781663630671233],[110.350786216911445,-7.781265073623445],[110.350804331056054,-7.78112758077242],[110.350852763145554,-7.780840473108526],[110.35106960497933,-7.780266440343155],[110.351095108853258,-7.779285272796301],[110.350914624811139,-7.776641224612035],[110.350891093150494,-7.776296499183275],[110.350836972849038,-7.775503648773565],[110.350957758095092,-7.774977332237313],[110.351078799647951,-7.774283493587575],[110.351080002940819,-7.773499705646088],[110.351080416628974,-7.773230496289557],[110.351111359602612,-7.773112202165578],[110.351249374060387,-7.77258459420284],[110.351250009881085,-7.772170479783028],[110.351250587245829,-7.771794844655574],[110.351155489335383,-7.771220335249495],[110.351108308202924,-7.770693760607742],[110.351122846643079,-7.77033194176488],[110.351148385590591,-7.769696352204107],[110.351412254772811,-7.769744617019683],[110.351651248707185,-7.770367211376879],[110.351818368823729,-7.770917897741981],[110.351856134054401,-7.771138374635484],[110.351937278083938,-7.771612104214455],[110.352128723962494,-7.771947441620341],[110.352466214345384,-7.772200697003768],[110.35242538872177,-7.772516285297513],[110.352498410074588,-7.772224859089192],[110.352800104742073,-7.772259578316095],[110.353304072226194,-7.772212481719862],[110.353468628375538,-7.771762995165318],[110.353427148944832,-7.771321472107445],[110.353259432577772,-7.770893060265735],[110.353066869741269,-7.770417231669114],[110.352637749233793,-7.76859775837903],[110.352626797289929,-7.768372375683782],[110.35261448557111,-7.768119084327452],[110.352759152314093,-7.767664601139643],[110.352759432003211,-7.767305262626962],[110.352616026109786,-7.767113948948804],[110.352184782302913,-7.766682518082916],[110.352184922597132,-7.766591101097617],[110.35215921817445,-7.766478273053053],[110.352520853555575,-7.766587302361302],[110.353695530025732,-7.767283115022963],[110.354486438799142,-7.7678826129914]]]]}}
]
}
